id,post_id,analysis_kind,status,model,adapter_version,prompt_version,content_level,attempt_count,retry_count,started_at,finished_at,prompt_eval_count,eval_count,total_duration_ns,comments_sent
1,343,triage,failed,qwen3:14b,ollama-adapter-v1,taxonomy-v1-ollama-v4-json-schema,feed_card,1,0,2026-08-24T15:40:56.479004Z,2026-08-24T15:41:06.851683Z,,,,
2,344,triage,succeeded,qwen3:14b,ollama-adapter-v1,taxonomy-v1-ollama-v4-json-schema,feed_card,1,0,2026-08-24T15:41:06.874083Z,2026-08-24T15:41:12.762549Z,1535,117,5878400013,0
3,343,triage,failed,qwen3:14b,ollama-adapter-v1,taxonomy-v1-ollama-v4-json-schema,feed_card,2,0,2026-08-24T15:42:27.613176Z,2026-08-24T15:42:37.632014Z,,,,
4,343,triage,succeeded,qwen3:14b,ollama-adapter-v2-no-thinking,taxonomy-v1-ollama-v4-json-schema,feed_card,3,0,2026-08-24T15:43:44.235996Z,2026-08-24T15:43:53.495958Z,1280,183,9247293846,0
5,345,triage,succeeded,qwen3:14b,ollama-adapter-v2-no-thinking,taxonomy-v1-ollama-v4-json-schema,feed_card,1,0,2026-08-24T15:45:03.904971Z,2026-08-24T15:45:06.084603Z,1267,124,2168983636,0
6,346,triage,succeeded,qwen3:14b,ollama-adapter-v2-no-thinking,taxonomy-v1-ollama-v4-json-schema,feed_card,1,0,2026-08-24T15:45:06.103500Z,2026-08-24T15:45:08.144448Z,1283,133,2028790370,0
7,347,triage,succeeded,qwen3:14b,ollama-adapter-v2-no-thinking,taxonomy-v1-ollama-v4-json-schema,feed_card,1,0,2026-08-24T15:45:08.163570Z,2026-08-24T15:45:10.215406Z,1284,133,2038485934,0
8,348,triage,succeeded,qwen3:14b,ollama-adapter-v2-no-thinking,taxonomy-v1-ollama-v4-json-schema,feed_card,1,0,2026-08-24T15:45:10.233240Z,2026-08-24T15:45:12.452031Z,1292,145,2190235145,0
9,349,triage,succeeded,qwen3:14b,ollama-adapter-v2-no-thinking,taxonomy-v1-ollama-v4-json-schema,feed_card,1,0,2026-08-24T15:45:12.471552Z,2026-08-24T15:45:14.349974Z,1237,120,1866034872,0
10,350,triage,succeeded,qwen3:14b,ollama-adapter-v2-no-thinking,taxonomy-v1-ollama-v4-json-schema,feed_card,1,0,2026-08-24T15:45:14.371698Z,2026-08-24T15:45:16.667624Z,1252,153,2282842152,0
11,351,triage,succeeded,qwen3:14b,ollama-adapter-v2-no-thinking,taxonomy-v1-ollama-v4-json-schema,feed_card,1,0,2026-08-24T15:45:16.694500Z,2026-08-24T15:45:18.337364Z,1307,103,1632029415,0
12,352,triage,succeeded,qwen3:14b,ollama-adapter-v2-no-thinking,taxonomy-v1-ollama-v4-json-schema,feed_card,1,0,2026-08-24T15:45:18.355044Z,2026-08-24T15:45:20.556165Z,1300,143,2192420260,0
13,353,triage,succeeded,qwen3:14b,ollama-adapter-v2-no-thinking,taxonomy-v1-ollama-v4-json-schema,feed_card,1,0,2026-08-24T15:45:20.574326Z,2026-08-24T15:45:22.306796Z,1238,110,1722756878,0
14,354,triage,succeeded,qwen3:14b,ollama-adapter-v2-no-thinking,taxonomy-v1-ollama-v4-json-schema,feed_card,1,0,2026-08-24T15:45:22.325278Z,2026-08-24T15:45:24.079834Z,1230,114,1744865423,0
15,355,triage,succeeded,qwen3:14b,ollama-adapter-v2-no-thinking,taxonomy-v1-ollama-v4-json-schema,feed_card,1,0,2026-08-24T15:45:24.098189Z,2026-08-24T15:45:25.700712Z,1226,101,1592889225,0
16,356,triage,succeeded,qwen3:14b,ollama-adapter-v2-no-thinking,taxonomy-v1-ollama-v4-json-schema,feed_card,1,0,2026-08-24T15:45:25.719351Z,2026-08-24T15:45:27.558424Z,1257,118,1829006279,0
17,357,triage,succeeded,qwen3:14b,ollama-adapter-v2-no-thinking,taxonomy-v1-ollama-v4-json-schema,feed_card,1,0,2026-08-24T15:45:27.580095Z,2026-08-24T15:45:29.441803Z,1282,119,1849003463,0
18,358,triage,succeeded,qwen3:14b,ollama-adapter-v2-no-thinking,taxonomy-v1-ollama-v4-json-schema,feed_card,1,0,2026-08-24T15:45:29.462981Z,2026-08-24T15:45:31.303381Z,1289,118,1828705521,0
19,359,triage,succeeded,qwen3:14b,ollama-adapter-v2-no-thinking,taxonomy-v1-ollama-v4-json-schema,feed_card,1,0,2026-08-24T15:45:31.324425Z,2026-08-24T15:45:33.116115Z,1232,115,1782106915,0
20,360,triage,succeeded,qwen3:14b,ollama-adapter-v2-no-thinking,taxonomy-v1-ollama-v4-json-schema,feed_card,1,0,2026-08-24T15:45:33.134667Z,2026-08-24T15:45:35.800627Z,1290,178,2653804220,0
21,361,triage,succeeded,qwen3:14b,ollama-adapter-v2-no-thinking,taxonomy-v1-ollama-v4-json-schema,feed_card,1,0,2026-08-24T15:45:35.817991Z,2026-08-24T15:45:37.489817Z,1228,107,1660780162,0
22,362,triage,succeeded,qwen3:14b,ollama-adapter-v2-no-thinking,taxonomy-v1-ollama-v4-json-schema,feed_card,1,0,2026-08-24T15:45:37.521921Z,2026-08-24T15:45:39.192614Z,1266,104,1644220126,0
23,363,triage,succeeded,qwen3:14b,ollama-adapter-v2-no-thinking,taxonomy-v1-ollama-v4-json-schema,feed_card,1,0,2026-08-24T15:45:39.233506Z,2026-08-24T15:45:40.886527Z,1238,104,1630524237,0
24,364,triage,succeeded,qwen3:14b,ollama-adapter-v2-no-thinking,taxonomy-v1-ollama-v4-json-schema,feed_card,1,0,2026-08-24T15:45:40.931232Z,2026-08-24T15:45:43.158849Z,1280,145,2201825952,0
25,365,triage,succeeded,qwen3:14b,ollama-adapter-v2-no-thinking,taxonomy-v1-ollama-v4-json-schema,feed_card,1,0,2026-08-24T15:45:43.183324Z,2026-08-24T15:45:45.070098Z,1245,123,1875552670,0
26,366,triage,succeeded,qwen3:14b,ollama-adapter-v2-no-thinking,taxonomy-v1-ollama-v4-json-schema,feed_card,1,0,2026-08-24T15:45:45.088890Z,2026-08-24T15:45:47.160448Z,1263,135,2062013314,0
27,367,triage,succeeded,qwen3:14b,ollama-adapter-v2-no-thinking,taxonomy-v1-ollama-v4-json-schema,feed_card,1,0,2026-08-24T15:45:47.181783Z,2026-08-24T15:45:49.385972Z,1285,143,2191293936,0
28,368,triage,succeeded,qwen3:14b,ollama-adapter-v2-no-thinking,taxonomy-v1-ollama-v4-json-schema,feed_card,1,0,2026-08-24T15:45:49.405228Z,2026-08-24T15:45:51.177385Z,1233,113,1762680641,0
29,369,triage,succeeded,qwen3:14b,ollama-adapter-v2-no-thinking,taxonomy-v1-ollama-v4-json-schema,feed_card,1,0,2026-08-24T15:45:51.195543Z,2026-08-24T15:45:53.050939Z,1247,119,1846164304,0
30,370,triage,succeeded,qwen3:14b,ollama-adapter-v2-no-thinking,taxonomy-v1-ollama-v4-json-schema,feed_card,1,0,2026-08-24T15:45:53.067711Z,2026-08-24T15:45:54.808869Z,1301,111,1731833240,0
31,371,triage,succeeded,qwen3:14b,ollama-adapter-v2-no-thinking,taxonomy-v1-ollama-v4-json-schema,feed_card,1,0,2026-08-24T15:45:54.829609Z,2026-08-24T15:45:57.027445Z,1240,145,2188126343,0
32,372,triage,succeeded,qwen3:14b,ollama-adapter-v2-no-thinking,taxonomy-v1-ollama-v4-json-schema,feed_card,1,0,2026-08-24T15:45:57.047130Z,2026-08-24T15:45:59.928009Z,1270,194,2867592634,0
33,373,triage,succeeded,qwen3:14b,ollama-adapter-v2-no-thinking,taxonomy-v1-ollama-v4-json-schema,feed_card,1,0,2026-08-24T15:45:59.946810Z,2026-08-24T15:46:01.817741Z,1253,120,1861992775,0
34,374,triage,succeeded,qwen3:14b,ollama-adapter-v2-no-thinking,taxonomy-v1-ollama-v4-json-schema,feed_card,1,0,2026-08-24T15:46:01.835390Z,2026-08-24T15:46:03.828618Z,1277,129,1983698975,0
35,375,triage,succeeded,qwen3:14b,ollama-adapter-v2-no-thinking,taxonomy-v1-ollama-v4-json-schema,feed_card,1,0,2026-08-24T15:46:03.847477Z,2026-08-24T15:46:06.014382Z,1284,139,2138009629,0
36,376,triage,succeeded,qwen3:14b,ollama-adapter-v2-no-thinking,taxonomy-v1-ollama-v4-json-schema,feed_card,1,0,2026-08-24T15:46:06.031691Z,2026-08-24T15:46:07.903293Z,1230,122,1862323184,0
37,377,triage,succeeded,qwen3:14b,ollama-adapter-v2-no-thinking,taxonomy-v1-ollama-v4-json-schema,feed_card,1,0,2026-08-24T15:46:07.920790Z,2026-08-24T15:46:09.762293Z,1226,120,1831420668,0
38,378,triage,succeeded,qwen3:14b,ollama-adapter-v2-no-thinking,taxonomy-v1-ollama-v4-json-schema,feed_card,1,0,2026-08-24T15:46:09.783887Z,2026-08-24T15:46:11.612484Z,1277,117,1818262850,0
39,379,triage,succeeded,qwen3:14b,ollama-adapter-v2-no-thinking,taxonomy-v1-ollama-v4-json-schema,feed_card,1,0,2026-08-24T15:46:11.635499Z,2026-08-24T15:46:14.055306Z,1295,160,2405823540,0
40,380,triage,succeeded,qwen3:14b,ollama-adapter-v2-no-thinking,taxonomy-v1-ollama-v4-json-schema,feed_card,1,0,2026-08-24T15:46:14.072434Z,2026-08-24T15:46:16.280144Z,1260,145,2194230379,0
41,381,triage,succeeded,qwen3:14b,ollama-adapter-v2-no-thinking,taxonomy-v1-ollama-v4-json-schema,feed_card,1,0,2026-08-24T15:46:16.309025Z,2026-08-24T15:46:18.180468Z,1284,119,1860597771,0
42,382,triage,succeeded,qwen3:14b,ollama-adapter-v2-no-thinking,taxonomy-v1-ollama-v4-json-schema,feed_card,1,0,2026-08-24T15:46:18.200674Z,2026-08-24T15:46:20.080944Z,1262,120,1853794581,0
43,383,triage,succeeded,qwen3:14b,ollama-adapter-v2-no-thinking,taxonomy-v1-ollama-v4-json-schema,feed_card,1,0,2026-08-24T15:46:20.098442Z,2026-08-24T15:46:21.858475Z,1233,111,1729657092,0
44,384,triage,succeeded,qwen3:14b,ollama-adapter-v2-no-thinking,taxonomy-v1-ollama-v4-json-schema,feed_card,1,0,2026-08-24T15:46:21.878197Z,2026-08-24T15:46:24.095559Z,1274,145,2204115681,0
45,385,triage,succeeded,qwen3:14b,ollama-adapter-v2-no-thinking,taxonomy-v1-ollama-v4-json-schema,feed_card,1,0,2026-08-24T15:46:24.114728Z,2026-08-24T15:46:25.956498Z,1293,114,1788532277,0
46,386,triage,succeeded,qwen3:14b,ollama-adapter-v2-no-thinking,taxonomy-v1-ollama-v4-json-schema,feed_card,1,0,2026-08-24T15:46:25.974905Z,2026-08-24T15:46:28.214876Z,1238,146,2227511111,0
47,387,triage,succeeded,qwen3:14b,ollama-adapter-v2-no-thinking,taxonomy-v1-ollama-v4-json-schema,feed_card,1,0,2026-08-24T15:46:28.233793Z,2026-08-24T15:46:30.198648Z,1343,126,1947147037,0
48,388,triage,succeeded,qwen3:14b,ollama-adapter-v2-no-thinking,taxonomy-v1-ollama-v4-json-schema,feed_card,1,0,2026-08-24T15:46:30.219802Z,2026-08-24T15:46:31.668252Z,1248,90,1438884856,0
49,389,triage,succeeded,qwen3:14b,ollama-adapter-v2-no-thinking,taxonomy-v1-ollama-v4-json-schema,feed_card,1,0,2026-08-24T15:46:31.686928Z,2026-08-24T15:46:33.457757Z,1245,113,1760784050,0
50,390,triage,succeeded,qwen3:14b,ollama-adapter-v2-no-thinking,taxonomy-v1-ollama-v4-json-schema,feed_card,1,0,2026-08-24T15:46:33.477154Z,2026-08-24T15:46:35.309608Z,1259,115,1822449542,0
51,391,triage,succeeded,qwen3:14b,ollama-adapter-v2-no-thinking,taxonomy-v1-ollama-v4-json-schema,feed_card,1,0,2026-08-24T15:46:35.326473Z,2026-08-24T15:46:37.387304Z,1254,134,2046880520,0
52,392,triage,succeeded,qwen3:14b,ollama-adapter-v2-no-thinking,taxonomy-v1-ollama-v4-json-schema,feed_card,1,0,2026-08-24T15:46:37.408427Z,2026-08-24T15:46:39.257200Z,1261,118,1839228891,0
53,393,triage,succeeded,qwen3:14b,ollama-adapter-v2-no-thinking,taxonomy-v1-ollama-v4-json-schema,feed_card,1,0,2026-08-24T15:46:39.277627Z,2026-08-24T15:46:41.486683Z,1288,144,2196082287,0
54,394,triage,succeeded,qwen3:14b,ollama-adapter-v2-no-thinking,taxonomy-v1-ollama-v4-json-schema,feed_card,1,0,2026-08-24T15:46:41.505661Z,2026-08-24T15:46:43.254925Z,1230,113,1740090681,0
55,395,triage,succeeded,qwen3:14b,ollama-adapter-v2-no-thinking,taxonomy-v1-ollama-v4-json-schema,feed_card,1,0,2026-08-24T15:46:43.272364Z,2026-08-24T15:46:45.264864Z,1290,126,1982925478,0
56,396,triage,succeeded,qwen3:14b,ollama-adapter-v2-no-thinking,taxonomy-v1-ollama-v4-json-schema,feed_card,1,0,2026-08-24T15:46:45.284362Z,2026-08-24T15:46:47.049450Z,1324,111,1755139832,0
57,397,triage,succeeded,qwen3:14b,ollama-adapter-v2-no-thinking,taxonomy-v1-ollama-v4-json-schema,feed_card,1,0,2026-08-24T15:46:47.067917Z,2026-08-24T15:46:48.979890Z,1285,121,1877471988,0
58,398,triage,succeeded,qwen3:14b,ollama-adapter-v2-no-thinking,taxonomy-v1-ollama-v4-json-schema,feed_card,1,0,2026-08-24T15:46:48.997549Z,2026-08-24T15:46:51.602770Z,1281,173,2593970948,0
59,399,triage,succeeded,qwen3:14b,ollama-adapter-v2-no-thinking,taxonomy-v1-ollama-v4-json-schema,feed_card,1,0,2026-08-24T15:46:51.643526Z,2026-08-24T15:46:53.551754Z,1294,121,1872736558,0
60,400,triage,succeeded,qwen3:14b,ollama-adapter-v2-no-thinking,taxonomy-v1-ollama-v4-json-schema,feed_card,1,0,2026-08-24T15:46:53.591346Z,2026-08-24T15:46:55.697639Z,1290,135,2091822999,0
61,401,triage,succeeded,qwen3:14b,ollama-adapter-v2-no-thinking,taxonomy-v1-ollama-v4-json-schema,feed_card,1,0,2026-08-24T15:46:55.717212Z,2026-08-24T15:46:57.821927Z,1282,137,2090762760,0
62,402,triage,succeeded,qwen3:14b,ollama-adapter-v2-no-thinking,taxonomy-v1-ollama-v4-json-schema,feed_card,1,0,2026-08-24T15:46:57.840941Z,2026-08-24T15:47:00.519466Z,1276,178,2666364212,0
63,403,triage,succeeded,qwen3:14b,ollama-adapter-v2-no-thinking,taxonomy-v1-ollama-v4-json-schema,feed_card,1,0,2026-08-24T15:47:00.536746Z,2026-08-24T15:47:02.682129Z,1244,139,2135872394,0
64,404,triage,succeeded,qwen3:14b,ollama-adapter-v2-no-thinking,taxonomy-v1-ollama-v4-json-schema,feed_card,1,0,2026-08-24T15:47:02.701803Z,2026-08-24T15:47:05.543284Z,1252,191,2828949818,0
65,405,triage,succeeded,qwen3:14b,ollama-adapter-v2-no-thinking,taxonomy-v1-ollama-v4-json-schema,feed_card,1,0,2026-08-24T15:47:05.560762Z,2026-08-24T15:47:07.281282Z,1298,108,1709768954,0
66,406,triage,succeeded,qwen3:14b,ollama-adapter-v2-no-thinking,taxonomy-v1-ollama-v4-json-schema,feed_card,1,0,2026-08-24T15:47:07.302715Z,2026-08-24T15:47:08.900193Z,1228,102,1586782472,0
67,407,triage,succeeded,qwen3:14b,ollama-adapter-v2-no-thinking,taxonomy-v1-ollama-v4-json-schema,feed_card,1,0,2026-08-24T15:47:08.922236Z,2026-08-24T15:47:10.625021Z,1239,109,1693057008,0
68,408,triage,succeeded,qwen3:14b,ollama-adapter-v2-no-thinking,taxonomy-v1-ollama-v4-json-schema,feed_card,1,0,2026-08-24T15:47:10.644974Z,2026-08-24T15:47:12.350668Z,1275,108,1694896574,0
69,409,triage,succeeded,qwen3:14b,ollama-adapter-v2-no-thinking,taxonomy-v1-ollama-v4-json-schema,feed_card,1,0,2026-08-24T15:47:12.369307Z,2026-08-24T15:47:14.438447Z,1288,134,2056747507,0
70,410,triage,succeeded,qwen3:14b,ollama-adapter-v2-no-thinking,taxonomy-v1-ollama-v4-json-schema,feed_card,1,0,2026-08-24T15:47:14.457543Z,2026-08-24T15:47:16.099497Z,1286,104,1630771450,0
71,411,triage,succeeded,qwen3:14b,ollama-adapter-v2-no-thinking,taxonomy-v1-ollama-v4-json-schema,feed_card,1,0,2026-08-24T15:47:16.118561Z,2026-08-24T15:47:17.986047Z,1268,119,1852556675,0
72,412,triage,succeeded,qwen3:14b,ollama-adapter-v2-no-thinking,taxonomy-v1-ollama-v4-json-schema,feed_card,1,0,2026-08-24T15:47:18.005323Z,2026-08-24T15:47:19.856583Z,1227,120,1841377800,0
73,413,triage,succeeded,qwen3:14b,ollama-adapter-v2-no-thinking,taxonomy-v1-ollama-v4-json-schema,feed_card,1,0,2026-08-24T15:47:19.876725Z,2026-08-24T15:47:21.771083Z,1291,122,1884508648,0
74,414,triage,failed,qwen3:14b,ollama-adapter-v2-no-thinking,taxonomy-v1-ollama-v4-json-schema,feed_card,1,0,2026-08-24T15:47:21.789301Z,2026-08-24T15:47:24.210860Z,,,,
75,415,triage,succeeded,qwen3:14b,ollama-adapter-v2-no-thinking,taxonomy-v1-ollama-v4-json-schema,feed_card,1,0,2026-08-24T15:47:24.231635Z,2026-08-24T15:47:26.538540Z,1282,151,2282999339,0
76,416,triage,succeeded,qwen3:14b,ollama-adapter-v2-no-thinking,taxonomy-v1-ollama-v4-json-schema,feed_card,1,0,2026-08-24T15:47:26.573267Z,2026-08-24T15:47:28.727835Z,1260,140,2133850232,0
77,417,triage,succeeded,qwen3:14b,ollama-adapter-v2-no-thinking,taxonomy-v1-ollama-v4-json-schema,feed_card,1,0,2026-08-24T15:47:28.773066Z,2026-08-24T15:47:30.651203Z,1235,121,1868053377,0
78,418,triage,succeeded,qwen3:14b,ollama-adapter-v2-no-thinking,taxonomy-v1-ollama-v4-json-schema,feed_card,1,0,2026-08-24T15:47:30.669169Z,2026-08-24T15:47:32.336885Z,1246,107,1657112706,0
79,419,triage,succeeded,qwen3:14b,ollama-adapter-v2-no-thinking,taxonomy-v1-ollama-v4-json-schema,feed_card,1,0,2026-08-24T15:47:32.356059Z,2026-08-24T15:47:34.548345Z,1290,144,2178392340,0
80,420,triage,succeeded,qwen3:14b,ollama-adapter-v2-no-thinking,taxonomy-v1-ollama-v4-json-schema,feed_card,1,0,2026-08-24T15:47:34.565985Z,2026-08-24T15:47:36.354424Z,1269,115,1778676167,0
81,421,triage,succeeded,qwen3:14b,ollama-adapter-v2-no-thinking,taxonomy-v1-ollama-v4-json-schema,feed_card,1,0,2026-08-24T15:47:36.372161Z,2026-08-24T15:47:38.311995Z,1360,123,1930304013,0
82,422,triage,succeeded,qwen3:14b,ollama-adapter-v2-no-thinking,taxonomy-v1-ollama-v4-json-schema,feed_card,1,0,2026-08-24T15:47:38.332200Z,2026-08-24T15:47:40.785746Z,1281,163,2440540870,0
83,423,triage,succeeded,qwen3:14b,ollama-adapter-v2-no-thinking,taxonomy-v1-ollama-v4-json-schema,feed_card,1,0,2026-08-24T15:47:40.805361Z,2026-08-24T15:47:43.239792Z,1301,161,2421994045,0
84,424,triage,succeeded,qwen3:14b,ollama-adapter-v2-no-thinking,taxonomy-v1-ollama-v4-json-schema,feed_card,1,0,2026-08-24T15:47:43.258892Z,2026-08-24T15:47:45.287895Z,1269,132,2020153024,0
85,425,triage,succeeded,qwen3:14b,ollama-adapter-v2-no-thinking,taxonomy-v1-ollama-v4-json-schema,feed_card,1,0,2026-08-24T15:47:45.305170Z,2026-08-24T15:47:47.777008Z,1292,162,2449077051,0
86,426,triage,succeeded,qwen3:14b,ollama-adapter-v2-no-thinking,taxonomy-v1-ollama-v4-json-schema,feed_card,1,0,2026-08-24T15:47:47.793877Z,2026-08-24T15:47:49.678659Z,1274,121,1871609854,0
87,427,triage,succeeded,qwen3:14b,ollama-adapter-v2-no-thinking,taxonomy-v1-ollama-v4-json-schema,feed_card,1,0,2026-08-24T15:47:49.697497Z,2026-08-24T15:47:52.209290Z,1282,166,2498041142,0
88,428,triage,succeeded,qwen3:14b,ollama-adapter-v2-no-thinking,taxonomy-v1-ollama-v4-json-schema,feed_card,1,0,2026-08-24T15:47:52.230514Z,2026-08-24T15:47:53.965607Z,1290,110,1725116070,0
89,429,triage,succeeded,qwen3:14b,ollama-adapter-v2-no-thinking,taxonomy-v1-ollama-v4-json-schema,feed_card,1,0,2026-08-24T15:47:53.986174Z,2026-08-24T15:47:55.775657Z,1269,114,1779518446,0
90,430,triage,succeeded,qwen3:14b,ollama-adapter-v2-no-thinking,taxonomy-v1-ollama-v4-json-schema,feed_card,1,0,2026-08-24T15:47:55.795327Z,2026-08-24T15:47:57.629978Z,1241,119,1824834907,0
91,431,triage,succeeded,qwen3:14b,ollama-adapter-v2-no-thinking,taxonomy-v1-ollama-v4-json-schema,feed_card,1,0,2026-08-24T15:47:57.651120Z,2026-08-24T15:47:59.516688Z,1261,121,1856233570,0
92,432,triage,succeeded,qwen3:14b,ollama-adapter-v2-no-thinking,taxonomy-v1-ollama-v4-json-schema,feed_card,1,0,2026-08-24T15:47:59.537824Z,2026-08-24T15:48:01.814225Z,1300,149,2262870859,0
93,433,triage,succeeded,qwen3:14b,ollama-adapter-v2-no-thinking,taxonomy-v1-ollama-v4-json-schema,feed_card,1,0,2026-08-24T15:48:01.833254Z,2026-08-24T15:48:03.309096Z,1222,93,1465274645,0
94,434,triage,succeeded,qwen3:14b,ollama-adapter-v2-no-thinking,taxonomy-v1-ollama-v4-json-schema,feed_card,1,0,2026-08-24T15:48:03.331047Z,2026-08-24T15:48:05.087010Z,1253,112,1746338499,0
95,435,triage,succeeded,qwen3:14b,ollama-adapter-v2-no-thinking,taxonomy-v1-ollama-v4-json-schema,feed_card,1,0,2026-08-24T15:48:05.108965Z,2026-08-24T15:48:06.775124Z,1250,106,1655774503,0
96,436,triage,succeeded,qwen3:14b,ollama-adapter-v2-no-thinking,taxonomy-v1-ollama-v4-json-schema,feed_card,1,0,2026-08-24T15:48:06.797987Z,2026-08-24T15:48:08.552538Z,1238,113,1735465877,0
97,437,triage,succeeded,qwen3:14b,ollama-adapter-v2-no-thinking,taxonomy-v1-ollama-v4-json-schema,feed_card,1,0,2026-08-24T15:48:08.577060Z,2026-08-24T15:48:10.598371Z,1241,132,2008655569,0
98,438,triage,succeeded,qwen3:14b,ollama-adapter-v2-no-thinking,taxonomy-v1-ollama-v4-json-schema,feed_card,1,0,2026-08-24T15:48:10.625622Z,2026-08-24T15:48:13.049658Z,1255,161,2411383637,0
99,439,triage,succeeded,qwen3:14b,ollama-adapter-v2-no-thinking,taxonomy-v1-ollama-v4-json-schema,feed_card,1,0,2026-08-24T15:48:13.069444Z,2026-08-24T15:48:14.810709Z,1261,110,1723022033,0
100,440,triage,succeeded,qwen3:14b,ollama-adapter-v2-no-thinking,taxonomy-v1-ollama-v4-json-schema,feed_card,1,0,2026-08-24T15:48:14.830026Z,2026-08-24T15:48:16.953072Z,1248,138,2109706206,0
101,441,triage,succeeded,qwen3:14b,ollama-adapter-v2-no-thinking,taxonomy-v1-ollama-v4-json-schema,feed_card,1,0,2026-08-24T15:48:16.973624Z,2026-08-24T15:48:19.095834Z,1282,137,2110601721,0
102,442,triage,succeeded,qwen3:14b,ollama-adapter-v2-no-thinking,taxonomy-v1-ollama-v4-json-schema,feed_card,1,0,2026-08-24T15:48:19.118127Z,2026-08-24T15:48:21.083179Z,1265,126,1951171819,0
103,443,triage,succeeded,qwen3:14b,ollama-adapter-v2-no-thinking,taxonomy-v1-ollama-v4-json-schema,feed_card,1,0,2026-08-24T15:48:21.107761Z,2026-08-24T15:48:22.920776Z,1293,115,1801905309,0
104,444,triage,succeeded,qwen3:14b,ollama-adapter-v2-no-thinking,taxonomy-v1-ollama-v4-json-schema,feed_card,1,0,2026-08-24T15:48:22.939676Z,2026-08-24T15:48:24.267903Z,1235,81,1318043028,0
105,445,triage,succeeded,qwen3:14b,ollama-adapter-v2-no-thinking,taxonomy-v1-ollama-v4-json-schema,feed_card,1,0,2026-08-24T15:49:41.542325Z,2026-08-24T15:49:43.739893Z,1340,104,2186926381,0
106,446,triage,succeeded,qwen3:14b,ollama-adapter-v2-no-thinking,taxonomy-v1-ollama-v4-json-schema,feed_card,1,0,2026-08-24T15:49:43.766314Z,2026-08-24T15:49:45.533119Z,1357,114,1755438088,0
107,447,triage,succeeded,qwen3:14b,ollama-adapter-v2-no-thinking,taxonomy-v1-ollama-v4-json-schema,feed_card,1,0,2026-08-24T15:49:45.554860Z,2026-08-24T15:49:47.465080Z,1408,123,1898515980,0
108,448,triage,succeeded,qwen3:14b,ollama-adapter-v2-no-thinking,taxonomy-v1-ollama-v4-json-schema,feed_card,1,0,2026-08-24T15:49:47.486899Z,2026-08-24T15:49:49.682169Z,1385,144,2181918997,0
109,449,triage,succeeded,qwen3:14b,ollama-adapter-v2-no-thinking,taxonomy-v1-ollama-v4-json-schema,feed_card,1,0,2026-08-24T15:49:49.704886Z,2026-08-24T15:49:51.502578Z,1380,115,1786976316,0
110,450,triage,succeeded,qwen3:14b,ollama-adapter-v2-no-thinking,taxonomy-v1-ollama-v4-json-schema,feed_card,1,0,2026-08-24T15:49:51.524085Z,2026-08-24T15:49:53.270309Z,1385,111,1727365172,0
111,451,triage,succeeded,qwen3:14b,ollama-adapter-v2-no-thinking,taxonomy-v1-ollama-v4-json-schema,feed_card,1,0,2026-08-24T15:49:53.291573Z,2026-08-24T15:49:55.837199Z,1354,170,2531547124,0
112,452,triage,succeeded,qwen3:14b,ollama-adapter-v2-no-thinking,taxonomy-v1-ollama-v4-json-schema,feed_card,1,0,2026-08-24T15:49:55.857917Z,2026-08-24T15:49:58.685961Z,1396,189,2815782867,0
113,453,triage,succeeded,qwen3:14b,ollama-adapter-v2-no-thinking,taxonomy-v1-ollama-v4-json-schema,feed_card,1,0,2026-08-24T15:49:58.705946Z,2026-08-24T15:50:00.793927Z,1395,137,2077736389,0
114,454,triage,succeeded,qwen3:14b,ollama-adapter-v2-no-thinking,taxonomy-v1-ollama-v4-json-schema,feed_card,1,0,2026-08-24T15:50:00.815273Z,2026-08-24T15:50:02.562367Z,1409,111,1737113249,0
115,455,triage,succeeded,qwen3:14b,ollama-adapter-v2-no-thinking,taxonomy-v1-ollama-v4-json-schema,feed_card,1,0,2026-08-24T15:50:02.581606Z,2026-08-24T15:50:04.712324Z,1370,140,2118455071,0
116,456,triage,succeeded,qwen3:14b,ollama-adapter-v2-no-thinking,taxonomy-v1-ollama-v4-json-schema,feed_card,1,0,2026-08-24T15:50:04.734123Z,2026-08-24T15:50:06.463025Z,1414,109,1718986631,0
117,457,triage,succeeded,qwen3:14b,ollama-adapter-v2-no-thinking,taxonomy-v1-ollama-v4-json-schema,feed_card,1,0,2026-08-24T15:50:06.483861Z,2026-08-24T15:50:08.534906Z,1365,134,2040838657,0
118,458,triage,succeeded,qwen3:14b,ollama-adapter-v2-no-thinking,taxonomy-v1-ollama-v4-json-schema,feed_card,1,0,2026-08-24T15:50:08.554867Z,2026-08-24T15:50:11.658161Z,1356,210,3089681275,0
119,459,triage,succeeded,qwen3:14b,ollama-adapter-v2-no-thinking,taxonomy-v1-ollama-v4-json-schema,feed_card,1,0,2026-08-24T15:50:11.679364Z,2026-08-24T15:50:13.476165Z,1350,115,1786469445,0
120,460,triage,succeeded,qwen3:14b,ollama-adapter-v2-no-thinking,taxonomy-v1-ollama-v4-json-schema,feed_card,1,0,2026-08-24T15:50:13.496346Z,2026-08-24T15:50:16.177279Z,1391,178,2668330567,0
121,461,triage,succeeded,qwen3:14b,ollama-adapter-v2-no-thinking,taxonomy-v1-ollama-v4-json-schema,feed_card,1,0,2026-08-24T15:50:16.199172Z,2026-08-24T15:50:18.535347Z,1383,155,2323259383,0
122,462,triage,succeeded,qwen3:14b,ollama-adapter-v2-no-thinking,taxonomy-v1-ollama-v4-json-schema,feed_card,1,0,2026-08-24T15:50:18.554528Z,2026-08-24T15:50:20.083867Z,1335,97,1518690981,0
123,463,triage,succeeded,qwen3:14b,ollama-adapter-v2-no-thinking,taxonomy-v1-ollama-v4-json-schema,feed_card,1,0,2026-08-24T15:50:20.109048Z,2026-08-24T15:50:21.979507Z,1394,120,1859157419,0
124,464,triage,succeeded,qwen3:14b,ollama-adapter-v2-no-thinking,taxonomy-v1-ollama-v4-json-schema,feed_card,1,0,2026-08-24T15:50:21.998815Z,2026-08-24T15:50:23.751933Z,1357,112,1743681047,0
125,465,triage,succeeded,qwen3:14b,ollama-adapter-v2-no-thinking,taxonomy-v1-ollama-v4-json-schema,feed_card,1,0,2026-08-24T15:50:23.771655Z,2026-08-24T15:50:25.584952Z,1338,117,1803587032,0
126,466,triage,succeeded,qwen3:14b,ollama-adapter-v2-no-thinking,taxonomy-v1-ollama-v4-json-schema,feed_card,1,0,2026-08-24T15:50:25.606416Z,2026-08-24T15:50:28.300650Z,1401,179,2679595756,0
127,467,triage,succeeded,qwen3:14b,ollama-adapter-v2-no-thinking,taxonomy-v1-ollama-v4-json-schema,feed_card,1,0,2026-08-24T15:50:28.320479Z,2026-08-24T15:50:30.191606Z,1407,119,1860814887,0
128,468,triage,succeeded,qwen3:14b,ollama-adapter-v2-no-thinking,taxonomy-v1-ollama-v4-json-schema,feed_card,1,0,2026-08-24T15:50:30.213204Z,2026-08-24T15:50:32.429057Z,1412,143,2195614212,0
129,469,triage,succeeded,qwen3:14b,ollama-adapter-v2-no-thinking,taxonomy-v1-ollama-v4-json-schema,feed_card,1,0,2026-08-24T15:50:32.447869Z,2026-08-24T15:50:34.211947Z,1390,112,1753490693,0
130,470,triage,succeeded,qwen3:14b,ollama-adapter-v2-no-thinking,taxonomy-v1-ollama-v4-json-schema,feed_card,1,0,2026-08-24T15:50:34.231852Z,2026-08-24T15:50:36.478672Z,1384,147,2232291071,0
131,471,triage,succeeded,qwen3:14b,ollama-adapter-v2-no-thinking,taxonomy-v1-ollama-v4-json-schema,feed_card,1,0,2026-08-24T15:50:36.504559Z,2026-08-24T15:50:38.531543Z,1380,131,2009217868,0
132,472,triage,succeeded,qwen3:14b,ollama-adapter-v2-no-thinking,taxonomy-v1-ollama-v4-json-schema,feed_card,1,0,2026-08-24T15:50:38.562425Z,2026-08-24T15:50:41.107021Z,1382,168,2530678912,0
133,473,triage,succeeded,qwen3:14b,ollama-adapter-v2-no-thinking,taxonomy-v1-ollama-v4-json-schema,feed_card,1,0,2026-08-24T15:50:41.129145Z,2026-08-24T15:50:42.853346Z,1340,110,1714120846,0
134,474,triage,succeeded,qwen3:14b,ollama-adapter-v2-no-thinking,taxonomy-v1-ollama-v4-json-schema,feed_card,1,0,2026-08-24T15:50:42.876032Z,2026-08-24T15:50:44.876983Z,1383,130,1988761786,0
135,475,triage,succeeded,qwen3:14b,ollama-adapter-v2-no-thinking,taxonomy-v1-ollama-v4-json-schema,feed_card,1,0,2026-08-24T15:50:44.895231Z,2026-08-24T15:50:46.627485Z,1330,112,1722789967,0
136,476,triage,succeeded,qwen3:14b,ollama-adapter-v2-no-thinking,taxonomy-v1-ollama-v4-json-schema,feed_card,1,0,2026-08-24T15:50:46.645792Z,2026-08-24T15:50:48.260307Z,1408,101,1604581492,0
137,477,triage,succeeded,qwen3:14b,ollama-adapter-v2-no-thinking,taxonomy-v1-ollama-v4-json-schema,feed_card,1,0,2026-08-24T15:50:48.279133Z,2026-08-24T15:50:49.971075Z,1353,108,1681621470,0
138,478,triage,succeeded,qwen3:14b,ollama-adapter-v2-no-thinking,taxonomy-v1-ollama-v4-json-schema,feed_card,1,0,2026-08-24T15:50:49.993451Z,2026-08-24T15:50:51.721623Z,1403,109,1718132648,0
139,479,triage,succeeded,qwen3:14b,ollama-adapter-v2-no-thinking,taxonomy-v1-ollama-v4-json-schema,feed_card,1,0,2026-08-24T15:50:51.740977Z,2026-08-24T15:50:53.673474Z,1336,126,1922461810,0
140,480,triage,succeeded,qwen3:14b,ollama-adapter-v2-no-thinking,taxonomy-v1-ollama-v4-json-schema,feed_card,1,0,2026-08-24T15:50:53.692136Z,2026-08-24T15:50:55.544743Z,1407,117,1842644300,0
141,414,triage,succeeded,qwen3:14b,ollama-adapter-v2-no-thinking,taxonomy-v1-ollama-v4-json-schema,feed_card,2,0,2026-08-24T15:51:01.177992Z,2026-08-24T15:51:03.873067Z,1369,158,2683080632,0
142,343,verification,succeeded,qwen3:8b,ollama-adapter-v2-no-thinking,taxonomy-v1-ollama-v4-json-schema,feed_card,1,0,2026-08-24T19:13:01.201332Z,2026-08-24T19:13:20.782168Z,1384,156,19565275328,0
143,346,verification,succeeded,qwen3:8b,ollama-adapter-v2-no-thinking,taxonomy-v1-ollama-v4-json-schema,feed_card,1,0,2026-08-24T19:13:20.815092Z,2026-08-24T19:13:22.337967Z,1387,149,1509064873,0
144,347,verification,succeeded,qwen3:8b,ollama-adapter-v2-no-thinking,taxonomy-v1-ollama-v4-json-schema,feed_card,1,0,2026-08-24T19:13:22.359659Z,2026-08-24T19:13:23.511270Z,1388,111,1140900840,0
145,348,verification,succeeded,qwen3:8b,ollama-adapter-v2-no-thinking,taxonomy-v1-ollama-v4-json-schema,feed_card,1,0,2026-08-24T19:13:23.533214Z,2026-08-24T19:13:24.924138Z,1396,136,1376957420,0
146,350,verification,succeeded,qwen3:8b,ollama-adapter-v2-no-thinking,taxonomy-v1-ollama-v4-json-schema,feed_card,1,0,2026-08-24T19:13:24.942725Z,2026-08-24T19:13:26.387564Z,1356,143,1423449982,0
147,360,verification,succeeded,qwen3:8b,ollama-adapter-v2-no-thinking,taxonomy-v1-ollama-v4-json-schema,feed_card,1,0,2026-08-24T19:13:26.406588Z,2026-08-24T19:13:27.827492Z,1394,140,1409062563,0
148,364,verification,succeeded,qwen3:8b,ollama-adapter-v2-no-thinking,taxonomy-v1-ollama-v4-json-schema,feed_card,1,0,2026-08-24T19:13:27.874022Z,2026-08-24T19:13:29.297476Z,1384,139,1394941551,0
149,367,verification,succeeded,qwen3:8b,ollama-adapter-v2-no-thinking,taxonomy-v1-ollama-v4-json-schema,feed_card,1,0,2026-08-24T19:13:29.316446Z,2026-08-24T19:13:30.862192Z,1389,154,1526817458,0
150,372,verification,succeeded,qwen3:8b,ollama-adapter-v2-no-thinking,taxonomy-v1-ollama-v4-json-schema,feed_card,1,0,2026-08-24T19:13:30.892018Z,2026-08-24T19:13:32.719160Z,1374,189,1812689819,0
151,375,verification,succeeded,qwen3:8b,ollama-adapter-v2-no-thinking,taxonomy-v1-ollama-v4-json-schema,feed_card,1,0,2026-08-24T19:13:32.738681Z,2026-08-24T19:13:34.169265Z,1388,142,1416408698,0
152,379,verification,succeeded,qwen3:8b,ollama-adapter-v2-no-thinking,taxonomy-v1-ollama-v4-json-schema,feed_card,1,0,2026-08-24T19:13:34.195788Z,2026-08-24T19:13:35.859265Z,1399,168,1648204584,0
153,380,verification,succeeded,qwen3:8b,ollama-adapter-v2-no-thinking,taxonomy-v1-ollama-v4-json-schema,feed_card,1,0,2026-08-24T19:13:35.878188Z,2026-08-24T19:13:37.252537Z,1364,137,1360584989,0
154,384,verification,succeeded,qwen3:8b,ollama-adapter-v2-no-thinking,taxonomy-v1-ollama-v4-json-schema,feed_card,1,0,2026-08-24T19:13:37.272547Z,2026-08-24T19:13:38.717945Z,1378,145,1431213333,0
155,386,verification,succeeded,qwen3:8b,ollama-adapter-v2-no-thinking,taxonomy-v1-ollama-v4-json-schema,feed_card,1,0,2026-08-24T19:13:38.753508Z,2026-08-24T19:13:39.709878Z,1342,88,940464783,0
156,391,verification,succeeded,qwen3:8b,ollama-adapter-v2-no-thinking,taxonomy-v1-ollama-v4-json-schema,feed_card,1,0,2026-08-24T19:13:39.729342Z,2026-08-24T19:13:41.153883Z,1358,142,1412671618,0
157,393,verification,succeeded,qwen3:8b,ollama-adapter-v2-no-thinking,taxonomy-v1-ollama-v4-json-schema,feed_card,1,0,2026-08-24T19:13:41.172904Z,2026-08-24T19:13:42.551842Z,1392,138,1362789272,0
158,398,verification,succeeded,qwen3:8b,ollama-adapter-v2-no-thinking,taxonomy-v1-ollama-v4-json-schema,feed_card,1,0,2026-08-24T19:13:42.569388Z,2026-08-24T19:13:44.350510Z,1385,183,1768025608,0
159,400,verification,succeeded,qwen3:8b,ollama-adapter-v2-no-thinking,taxonomy-v1-ollama-v4-json-schema,feed_card,1,0,2026-08-24T19:13:44.369575Z,2026-08-24T19:13:46.094885Z,1394,176,1711630876,0
160,401,verification,succeeded,qwen3:8b,ollama-adapter-v2-no-thinking,taxonomy-v1-ollama-v4-json-schema,feed_card,1,0,2026-08-24T19:13:46.115933Z,2026-08-24T19:13:47.387778Z,1386,121,1224046507,0
161,402,verification,succeeded,qwen3:8b,ollama-adapter-v2-no-thinking,taxonomy-v1-ollama-v4-json-schema,feed_card,1,0,2026-08-24T19:13:47.412284Z,2026-08-24T19:13:48.798114Z,1380,135,1344763067,0
162,404,verification,succeeded,qwen3:8b,ollama-adapter-v2-no-thinking,taxonomy-v1-ollama-v4-json-schema,feed_card,1,0,2026-08-24T19:13:48.832838Z,2026-08-24T19:13:50.404330Z,1356,159,1549813913,0
163,409,verification,succeeded,qwen3:8b,ollama-adapter-v2-no-thinking,taxonomy-v1-ollama-v4-json-schema,feed_card,1,0,2026-08-24T19:13:50.435501Z,2026-08-24T19:13:51.809969Z,1392,135,1345390978,0
164,414,verification,succeeded,qwen3:8b,ollama-adapter-v2-no-thinking,taxonomy-v1-ollama-v4-json-schema,feed_card,1,0,2026-08-24T19:13:51.864986Z,2026-08-24T19:13:53.004942Z,1369,108,1126006772,0
165,419,verification,succeeded,qwen3:8b,ollama-adapter-v2-no-thinking,taxonomy-v1-ollama-v4-json-schema,feed_card,1,0,2026-08-24T19:13:53.030334Z,2026-08-24T19:13:53.877658Z,1394,76,836858296,0
166,422,verification,succeeded,qwen3:8b,ollama-adapter-v2-no-thinking,taxonomy-v1-ollama-v4-json-schema,feed_card,1,0,2026-08-24T19:13:53.896431Z,2026-08-24T19:13:55.386769Z,1385,149,1476086900,0
167,423,verification,succeeded,qwen3:8b,ollama-adapter-v2-no-thinking,taxonomy-v1-ollama-v4-json-schema,feed_card,1,0,2026-08-24T19:13:55.405307Z,2026-08-24T19:13:57.105943Z,1405,172,1687850982,0
168,425,verification,succeeded,qwen3:8b,ollama-adapter-v2-no-thinking,taxonomy-v1-ollama-v4-json-schema,feed_card,1,0,2026-08-24T19:13:57.128721Z,2026-08-24T19:13:58.586306Z,1396,144,1443306325,0
169,426,verification,succeeded,qwen3:8b,ollama-adapter-v2-no-thinking,taxonomy-v1-ollama-v4-json-schema,feed_card,1,0,2026-08-24T19:13:58.605517Z,2026-08-24T19:13:59.799578Z,1378,115,1180719905,0
170,427,verification,succeeded,qwen3:8b,ollama-adapter-v2-no-thinking,taxonomy-v1-ollama-v4-json-schema,feed_card,1,0,2026-08-24T19:13:59.816163Z,2026-08-24T19:14:01.466847Z,1386,169,1636066691,0
171,432,verification,succeeded,qwen3:8b,ollama-adapter-v2-no-thinking,taxonomy-v1-ollama-v4-json-schema,feed_card,1,0,2026-08-24T19:14:01.485157Z,2026-08-24T19:14:02.908420Z,1404,139,1408966120,0
172,437,verification,succeeded,qwen3:8b,ollama-adapter-v2-no-thinking,taxonomy-v1-ollama-v4-json-schema,feed_card,1,0,2026-08-24T19:14:02.929139Z,2026-08-24T19:14:04.002085Z,1345,101,1062981540,0
173,438,verification,succeeded,qwen3:8b,ollama-adapter-v2-no-thinking,taxonomy-v1-ollama-v4-json-schema,feed_card,1,0,2026-08-24T19:14:04.020163Z,2026-08-24T19:14:05.510067Z,1359,151,1475834210,0
174,440,verification,succeeded,qwen3:8b,ollama-adapter-v2-no-thinking,taxonomy-v1-ollama-v4-json-schema,feed_card,1,0,2026-08-24T19:14:05.538046Z,2026-08-24T19:14:06.794605Z,1352,124,1242548543,0
175,442,verification,succeeded,qwen3:8b,ollama-adapter-v2-no-thinking,taxonomy-v1-ollama-v4-json-schema,feed_card,1,0,2026-08-24T19:14:06.822075Z,2026-08-24T19:14:08.235793Z,1369,141,1400743868,0
176,448,verification,succeeded,qwen3:8b,ollama-adapter-v2-no-thinking,taxonomy-v1-ollama-v4-json-schema,feed_card,1,0,2026-08-24T19:14:08.254671Z,2026-08-24T19:14:10.068677Z,1385,188,1796555208,0
177,451,verification,succeeded,qwen3:8b,ollama-adapter-v2-no-thinking,taxonomy-v1-ollama-v4-json-schema,feed_card,1,0,2026-08-24T19:14:10.091323Z,2026-08-24T19:14:11.515827Z,1354,143,1409080112,0
178,452,verification,succeeded,qwen3:8b,ollama-adapter-v2-no-thinking,taxonomy-v1-ollama-v4-json-schema,feed_card,1,0,2026-08-24T19:14:11.533533Z,2026-08-24T19:14:12.539200Z,1396,95,995652813,0
179,455,verification,succeeded,qwen3:8b,ollama-adapter-v2-no-thinking,taxonomy-v1-ollama-v4-json-schema,feed_card,1,0,2026-08-24T19:14:12.559491Z,2026-08-24T19:14:13.669835Z,1370,106,1099816237,0
180,458,verification,succeeded,qwen3:8b,ollama-adapter-v2-no-thinking,taxonomy-v1-ollama-v4-json-schema,feed_card,1,0,2026-08-24T19:14:13.688637Z,2026-08-24T19:14:15.180837Z,1356,151,1477199527,0
181,460,verification,succeeded,qwen3:8b,ollama-adapter-v2-no-thinking,taxonomy-v1-ollama-v4-json-schema,feed_card,1,0,2026-08-24T19:14:15.200983Z,2026-08-24T19:14:16.613406Z,1391,140,1396796213,0
182,461,verification,succeeded,qwen3:8b,ollama-adapter-v2-no-thinking,taxonomy-v1-ollama-v4-json-schema,feed_card,1,0,2026-08-24T19:14:16.632503Z,2026-08-24T19:14:18.195060Z,1383,159,1548867756,0
183,466,verification,succeeded,qwen3:8b,ollama-adapter-v2-no-thinking,taxonomy-v1-ollama-v4-json-schema,feed_card,1,0,2026-08-24T19:14:18.218508Z,2026-08-24T19:14:19.596856Z,1401,135,1364532290,0
184,468,verification,succeeded,qwen3:8b,ollama-adapter-v2-no-thinking,taxonomy-v1-ollama-v4-json-schema,feed_card,1,0,2026-08-24T19:14:19.613846Z,2026-08-24T19:14:21.236636Z,1412,165,1608123069,0
185,470,verification,succeeded,qwen3:8b,ollama-adapter-v2-no-thinking,taxonomy-v1-ollama-v4-json-schema,feed_card,1,0,2026-08-24T19:14:21.267403Z,2026-08-24T19:14:22.864450Z,1384,161,1583020765,0
186,471,verification,succeeded,qwen3:8b,ollama-adapter-v2-no-thinking,taxonomy-v1-ollama-v4-json-schema,feed_card,1,0,2026-08-24T19:14:22.890091Z,2026-08-24T19:14:23.986604Z,1380,104,1086130219,0
187,472,verification,succeeded,qwen3:8b,ollama-adapter-v2-no-thinking,taxonomy-v1-ollama-v4-json-schema,feed_card,1,0,2026-08-24T19:14:24.012594Z,2026-08-24T19:14:25.578073Z,1382,157,1550704649,0
188,1,triage,succeeded,qwen3:14b,ollama-adapter-v2-no-thinking,taxonomy-v1-ollama-v4-json-schema,feed_card,1,0,2026-08-24T19:16:09.922960Z,2026-08-24T19:16:17.371909Z,1413,179,7429750825,0
189,2,triage,succeeded,qwen3:14b,ollama-adapter-v2-no-thinking,taxonomy-v1-ollama-v4-json-schema,feed_card,1,0,2026-08-24T19:16:17.403820Z,2026-08-24T19:16:19.996799Z,1384,173,2579333931,0
190,3,triage,succeeded,qwen3:14b,ollama-adapter-v2-no-thinking,taxonomy-v1-ollama-v4-json-schema,feed_card,1,0,2026-08-24T19:16:20.023043Z,2026-08-24T19:16:21.834374Z,1356,115,1791730170,0
191,4,triage,succeeded,qwen3:14b,ollama-adapter-v2-no-thinking,taxonomy-v1-ollama-v4-json-schema,feed_card,1,0,2026-08-24T19:16:21.853294Z,2026-08-24T19:16:24.355706Z,1387,164,2476193146,0
192,5,triage,succeeded,qwen3:14b,ollama-adapter-v2-no-thinking,taxonomy-v1-ollama-v4-json-schema,feed_card,1,0,2026-08-24T19:16:24.377207Z,2026-08-24T19:16:25.862322Z,1389,90,1443353498,0
193,6,triage,succeeded,qwen3:14b,ollama-adapter-v2-no-thinking,taxonomy-v1-ollama-v4-json-schema,feed_card,1,0,2026-08-24T19:16:25.881643Z,2026-08-24T19:16:27.846617Z,1372,126,1938341424,0
194,7,triage,succeeded,qwen3:14b,ollama-adapter-v2-no-thinking,taxonomy-v1-ollama-v4-json-schema,feed_card,1,0,2026-08-24T19:16:27.892940Z,2026-08-24T19:16:29.971405Z,1383,134,2052521021,0
195,8,triage,succeeded,qwen3:14b,ollama-adapter-v2-no-thinking,taxonomy-v1-ollama-v4-json-schema,feed_card,1,0,2026-08-24T19:16:30.054646Z,2026-08-24T19:16:31.723118Z,1328,106,1647601702,0
196,9,triage,succeeded,qwen3:14b,ollama-adapter-v2-no-thinking,taxonomy-v1-ollama-v4-json-schema,feed_card,1,0,2026-08-24T19:16:31.769005Z,2026-08-24T19:16:33.775342Z,1349,131,1992623281,0
197,10,triage,succeeded,qwen3:14b,ollama-adapter-v2-no-thinking,taxonomy-v1-ollama-v4-json-schema,feed_card,1,0,2026-08-24T19:16:33.792124Z,2026-08-24T19:16:36.487858Z,1400,179,2680469000,0
198,11,triage,succeeded,qwen3:14b,ollama-adapter-v2-no-thinking,taxonomy-v1-ollama-v4-json-schema,feed_card,1,0,2026-08-24T19:16:36.508273Z,2026-08-24T19:16:38.408194Z,1335,124,1888419509,0
199,12,triage,succeeded,qwen3:14b,ollama-adapter-v2-no-thinking,taxonomy-v1-ollama-v4-json-schema,feed_card,1,0,2026-08-24T19:16:38.426661Z,2026-08-24T19:16:40.154958Z,1333,111,1716709827,0
200,13,triage,succeeded,qwen3:14b,ollama-adapter-v2-no-thinking,taxonomy-v1-ollama-v4-json-schema,feed_card,1,0,2026-08-24T19:16:40.176891Z,2026-08-24T19:16:41.516535Z,1329,83,1328670610,0
201,14,triage,succeeded,qwen3:14b,ollama-adapter-v2-no-thinking,taxonomy-v1-ollama-v4-json-schema,feed_card,1,0,2026-08-24T19:16:41.534254Z,2026-08-24T19:16:43.227459Z,1336,107,1682701907,0
202,15,triage,succeeded,qwen3:14b,ollama-adapter-v2-no-thinking,taxonomy-v1-ollama-v4-json-schema,feed_card,1,0,2026-08-24T19:16:43.247547Z,2026-08-24T19:16:44.969940Z,1396,110,1708990419,0
203,16,triage,succeeded,qwen3:14b,ollama-adapter-v2-no-thinking,taxonomy-v1-ollama-v4-json-schema,feed_card,1,0,2026-08-24T19:16:44.986981Z,2026-08-24T19:16:46.751732Z,1332,114,1752556127,0
204,17,triage,succeeded,qwen3:14b,ollama-adapter-v2-no-thinking,taxonomy-v1-ollama-v4-json-schema,feed_card,1,0,2026-08-24T19:16:46.780635Z,2026-08-24T19:16:49.377689Z,1391,171,2582288028,0
205,18,triage,succeeded,qwen3:14b,ollama-adapter-v2-no-thinking,taxonomy-v1-ollama-v4-json-schema,feed_card,1,0,2026-08-24T19:16:49.396213Z,2026-08-24T19:16:51.562856Z,1384,142,2151807159,0
206,19,triage,succeeded,qwen3:14b,ollama-adapter-v2-no-thinking,taxonomy-v1-ollama-v4-json-schema,feed_card,1,0,2026-08-24T19:16:51.583343Z,2026-08-24T19:16:53.282647Z,1361,108,1687995488,0
207,20,triage,succeeded,qwen3:14b,ollama-adapter-v2-no-thinking,taxonomy-v1-ollama-v4-json-schema,feed_card,1,0,2026-08-24T19:16:53.305026Z,2026-08-24T19:16:55.982818Z,1387,177,2662772775,0
208,21,triage,succeeded,qwen3:14b,ollama-adapter-v2-no-thinking,taxonomy-v1-ollama-v4-json-schema,feed_card,1,0,2026-08-24T19:16:56.004127Z,2026-08-24T19:16:57.885836Z,1411,119,1870302170,0
209,22,triage,succeeded,qwen3:14b,ollama-adapter-v2-no-thinking,taxonomy-v1-ollama-v4-json-schema,feed_card,1,0,2026-08-24T19:16:57.904436Z,2026-08-24T19:16:59.697026Z,1340,115,1781542640,0
210,23,triage,succeeded,qwen3:14b,ollama-adapter-v2-no-thinking,taxonomy-v1-ollama-v4-json-schema,feed_card,1,0,2026-08-24T19:16:59.718908Z,2026-08-24T19:17:01.664958Z,1386,126,1934261089,0
211,24,triage,succeeded,qwen3:14b,ollama-adapter-v2-no-thinking,taxonomy-v1-ollama-v4-json-schema,feed_card,1,0,2026-08-24T19:17:01.683250Z,2026-08-24T19:17:03.419248Z,1338,111,1725218428,0
212,25,triage,succeeded,qwen3:14b,ollama-adapter-v2-no-thinking,taxonomy-v1-ollama-v4-json-schema,feed_card,1,0,2026-08-24T19:17:03.440534Z,2026-08-24T19:17:05.309133Z,1389,120,1857762726,0
213,26,triage,succeeded,qwen3:14b,ollama-adapter-v2-no-thinking,taxonomy-v1-ollama-v4-json-schema,feed_card,1,0,2026-08-24T19:17:05.331463Z,2026-08-24T19:17:07.462234Z,1364,139,2116626345,0
214,27,triage,succeeded,qwen3:14b,ollama-adapter-v2-no-thinking,taxonomy-v1-ollama-v4-json-schema,feed_card,1,0,2026-08-24T19:17:07.483842Z,2026-08-24T19:17:10.046273Z,1394,169,2545489321,0
215,28,triage,succeeded,qwen3:14b,ollama-adapter-v2-no-thinking,taxonomy-v1-ollama-v4-json-schema,feed_card,1,0,2026-08-24T19:17:10.064673Z,2026-08-24T19:17:11.859810Z,1390,113,1781854615,0
216,29,triage,succeeded,qwen3:14b,ollama-adapter-v2-no-thinking,taxonomy-v1-ollama-v4-json-schema,feed_card,1,0,2026-08-24T19:17:11.877364Z,2026-08-24T19:17:14.077069Z,1345,144,2186129425,0
217,30,triage,succeeded,qwen3:14b,ollama-adapter-v2-no-thinking,taxonomy-v1-ollama-v4-json-schema,feed_card,1,0,2026-08-24T19:17:14.094189Z,2026-08-24T19:17:16.082726Z,1373,129,1974304446,0
218,31,triage,succeeded,qwen3:14b,ollama-adapter-v2-no-thinking,taxonomy-v1-ollama-v4-json-schema,feed_card,1,0,2026-08-24T19:17:16.103445Z,2026-08-24T19:17:17.912297Z,1397,115,1798155286,0
219,32,triage,succeeded,qwen3:14b,ollama-adapter-v2-no-thinking,taxonomy-v1-ollama-v4-json-schema,feed_card,1,0,2026-08-24T19:17:17.934115Z,2026-08-24T19:17:20.055142Z,1400,137,2106594876,0
220,33,triage,succeeded,qwen3:14b,ollama-adapter-v2-no-thinking,taxonomy-v1-ollama-v4-json-schema,feed_card,1,0,2026-08-24T19:17:20.074687Z,2026-08-24T19:17:21.917683Z,1343,118,1832057548,0
221,34,triage,succeeded,qwen3:14b,ollama-adapter-v2-no-thinking,taxonomy-v1-ollama-v4-json-schema,feed_card,1,0,2026-08-24T19:17:21.936570Z,2026-08-24T19:17:24.651490Z,1407,179,2698020578,0
222,35,triage,succeeded,qwen3:14b,ollama-adapter-v2-no-thinking,taxonomy-v1-ollama-v4-json-schema,feed_card,1,0,2026-08-24T19:17:24.673610Z,2026-08-24T19:17:26.268708Z,1350,101,1579879075,0
223,36,triage,succeeded,qwen3:14b,ollama-adapter-v2-no-thinking,taxonomy-v1-ollama-v4-json-schema,feed_card,1,0,2026-08-24T19:17:26.299280Z,2026-08-24T19:17:28.163754Z,1370,119,1852743777,0
224,37,triage,succeeded,qwen3:14b,ollama-adapter-v2-no-thinking,taxonomy-v1-ollama-v4-json-schema,feed_card,1,0,2026-08-24T19:17:28.185950Z,2026-08-24T19:17:30.481791Z,1406,149,2282562580,0
225,38,triage,succeeded,qwen3:14b,ollama-adapter-v2-no-thinking,taxonomy-v1-ollama-v4-json-schema,feed_card,1,0,2026-08-24T19:17:30.501277Z,2026-08-24T19:17:31.950870Z,1339,90,1437863754,0
226,39,triage,succeeded,qwen3:14b,ollama-adapter-v2-no-thinking,taxonomy-v1-ollama-v4-json-schema,feed_card,1,0,2026-08-24T19:17:31.971813Z,2026-08-24T19:17:33.440585Z,1395,91,1457053193,0
227,40,triage,succeeded,qwen3:14b,ollama-adapter-v2-no-thinking,taxonomy-v1-ollama-v4-json-schema,feed_card,1,0,2026-08-24T19:17:33.459412Z,2026-08-24T19:17:34.850082Z,1387,86,1379850232,0
228,41,triage,succeeded,qwen3:14b,ollama-adapter-v2-no-thinking,taxonomy-v1-ollama-v4-json-schema,feed_card,1,0,2026-08-24T19:17:34.868423Z,2026-08-24T19:17:36.596022Z,1334,112,1715594014,0
229,42,triage,succeeded,qwen3:14b,ollama-adapter-v2-no-thinking,taxonomy-v1-ollama-v4-json-schema,feed_card,1,0,2026-08-24T19:17:36.625540Z,2026-08-24T19:17:38.912760Z,1407,149,2273238169,0
230,43,triage,succeeded,qwen3:14b,ollama-adapter-v2-no-thinking,taxonomy-v1-ollama-v4-json-schema,feed_card,1,0,2026-08-24T19:17:38.932087Z,2026-08-24T19:17:40.621429Z,1353,107,1678740273,0
231,44,triage,succeeded,qwen3:14b,ollama-adapter-v2-no-thinking,taxonomy-v1-ollama-v4-json-schema,feed_card,1,0,2026-08-24T19:17:40.647331Z,2026-08-24T19:17:42.490318Z,1403,118,1832107588,0
232,45,triage,succeeded,qwen3:14b,ollama-adapter-v2-no-thinking,taxonomy-v1-ollama-v4-json-schema,feed_card,1,0,2026-08-24T19:17:42.508488Z,2026-08-24T19:17:44.205783Z,1382,109,1686722127,0
233,46,triage,succeeded,qwen3:14b,ollama-adapter-v2-no-thinking,taxonomy-v1-ollama-v4-json-schema,feed_card,1,0,2026-08-24T19:17:44.224253Z,2026-08-24T19:17:45.767931Z,1341,98,1531102231,0
234,47,triage,succeeded,qwen3:14b,ollama-adapter-v2-no-thinking,taxonomy-v1-ollama-v4-json-schema,feed_card,1,0,2026-08-24T19:17:45.788507Z,2026-08-24T19:17:48.450362Z,1420,177,2646694311,0
235,48,triage,succeeded,qwen3:14b,ollama-adapter-v2-no-thinking,taxonomy-v1-ollama-v4-json-schema,feed_card,1,0,2026-08-24T19:17:48.468332Z,2026-08-24T19:17:50.146699Z,1359,106,1667079217,0
236,49,triage,succeeded,qwen3:14b,ollama-adapter-v2-no-thinking,taxonomy-v1-ollama-v4-json-schema,feed_card,1,0,2026-08-24T19:17:50.168757Z,2026-08-24T19:17:51.944119Z,1395,113,1764242730,0
237,50,triage,succeeded,qwen3:14b,ollama-adapter-v2-no-thinking,taxonomy-v1-ollama-v4-json-schema,feed_card,1,0,2026-08-24T19:17:51.963452Z,2026-08-24T19:17:53.290317Z,1343,81,1304048375,0
238,51,triage,succeeded,qwen3:14b,ollama-adapter-v2-no-thinking,taxonomy-v1-ollama-v4-json-schema,feed_card,1,0,2026-08-24T19:17:53.322664Z,2026-08-24T19:17:55.102708Z,1411,111,1747943489,0
239,52,triage,succeeded,qwen3:14b,ollama-adapter-v2-no-thinking,taxonomy-v1-ollama-v4-json-schema,feed_card,1,0,2026-08-24T19:17:55.152228Z,2026-08-24T19:17:56.875488Z,1349,109,1701770669,0
240,53,triage,succeeded,qwen3:14b,ollama-adapter-v2-no-thinking,taxonomy-v1-ollama-v4-json-schema,feed_card,1,0,2026-08-24T19:17:56.923104Z,2026-08-24T19:17:58.696075Z,1348,113,1762070128,0
241,54,triage,succeeded,qwen3:14b,ollama-adapter-v2-no-thinking,taxonomy-v1-ollama-v4-json-schema,feed_card,1,0,2026-08-24T19:17:58.714691Z,2026-08-24T19:18:00.366083Z,1334,104,1625898054,0
242,55,triage,succeeded,qwen3:14b,ollama-adapter-v2-no-thinking,taxonomy-v1-ollama-v4-json-schema,feed_card,1,0,2026-08-24T19:18:00.384979Z,2026-08-24T19:18:02.038078Z,1359,103,1618705392,0
243,56,triage,succeeded,qwen3:14b,ollama-adapter-v2-no-thinking,taxonomy-v1-ollama-v4-json-schema,feed_card,1,0,2026-08-24T19:18:02.059653Z,2026-08-24T19:18:03.427657Z,1332,85,1356777092,0
244,57,triage,succeeded,qwen3:14b,ollama-adapter-v2-no-thinking,taxonomy-v1-ollama-v4-json-schema,feed_card,1,0,2026-08-24T19:18:03.448621Z,2026-08-24T19:18:04.847701Z,1352,87,1386924956,0
245,58,triage,succeeded,qwen3:14b,ollama-adapter-v2-no-thinking,taxonomy-v1-ollama-v4-json-schema,feed_card,1,0,2026-08-24T19:18:04.866443Z,2026-08-24T19:18:06.567933Z,1342,109,1690358992,0
246,59,triage,succeeded,qwen3:14b,ollama-adapter-v2-no-thinking,taxonomy-v1-ollama-v4-json-schema,feed_card,1,0,2026-08-24T19:18:06.588403Z,2026-08-24T19:18:08.351558Z,1350,113,1752208989,0
247,60,triage,succeeded,qwen3:14b,ollama-adapter-v2-no-thinking,taxonomy-v1-ollama-v4-json-schema,feed_card,1,0,2026-08-24T19:18:08.372674Z,2026-08-24T19:18:10.132312Z,1353,112,1747994853,0
248,61,triage,succeeded,qwen3:14b,ollama-adapter-v2-no-thinking,taxonomy-v1-ollama-v4-json-schema,feed_card,1,0,2026-08-24T19:18:10.153647Z,2026-08-24T19:18:11.868585Z,1350,109,1700983903,0
249,62,triage,succeeded,qwen3:14b,ollama-adapter-v2-no-thinking,taxonomy-v1-ollama-v4-json-schema,feed_card,1,0,2026-08-24T19:18:11.892631Z,2026-08-24T19:18:13.668572Z,1336,115,1764829606,0
250,63,triage,succeeded,qwen3:14b,ollama-adapter-v2-no-thinking,taxonomy-v1-ollama-v4-json-schema,feed_card,1,0,2026-08-24T19:18:13.686836Z,2026-08-24T19:18:15.523329Z,1349,118,1823306457,0
251,64,triage,succeeded,qwen3:14b,ollama-adapter-v2-no-thinking,taxonomy-v1-ollama-v4-json-schema,feed_card,1,0,2026-08-24T19:18:15.544011Z,2026-08-24T19:18:17.417576Z,1332,122,1859510491,0
252,65,triage,succeeded,qwen3:14b,ollama-adapter-v2-no-thinking,taxonomy-v1-ollama-v4-json-schema,feed_card,1,0,2026-08-24T19:18:17.446213Z,2026-08-24T19:18:19.246303Z,1332,117,1788612449,0
253,66,triage,succeeded,qwen3:14b,ollama-adapter-v2-no-thinking,taxonomy-v1-ollama-v4-json-schema,feed_card,1,0,2026-08-24T19:18:19.269005Z,2026-08-24T19:18:20.879539Z,1333,103,1599639878,0
254,67,triage,succeeded,qwen3:14b,ollama-adapter-v2-no-thinking,taxonomy-v1-ollama-v4-json-schema,feed_card,1,0,2026-08-24T19:18:20.899907Z,2026-08-24T19:18:22.647496Z,1370,111,1736266243,0
255,68,triage,succeeded,qwen3:14b,ollama-adapter-v2-no-thinking,taxonomy-v1-ollama-v4-json-schema,feed_card,1,0,2026-08-24T19:18:22.673152Z,2026-08-24T19:18:24.419830Z,1335,112,1735008018,0
256,69,triage,succeeded,qwen3:14b,ollama-adapter-v2-no-thinking,taxonomy-v1-ollama-v4-json-schema,feed_card,1,0,2026-08-24T19:18:24.441808Z,2026-08-24T19:18:26.038080Z,1353,100,1585007075,0
257,70,triage,succeeded,qwen3:14b,ollama-adapter-v2-no-thinking,taxonomy-v1-ollama-v4-json-schema,feed_card,1,0,2026-08-24T19:18:26.056652Z,2026-08-24T19:18:27.455123Z,1345,87,1387565584,0
258,71,triage,succeeded,qwen3:14b,ollama-adapter-v2-no-thinking,taxonomy-v1-ollama-v4-json-schema,feed_card,1,0,2026-08-24T19:18:27.474343Z,2026-08-24T19:18:29.305909Z,1351,117,1819093942,0
259,72,triage,succeeded,qwen3:14b,ollama-adapter-v2-no-thinking,taxonomy-v1-ollama-v4-json-schema,feed_card,1,0,2026-08-24T19:18:29.327707Z,2026-08-24T19:18:30.741546Z,1345,87,1402584117,0
260,73,triage,succeeded,qwen3:14b,ollama-adapter-v2-no-thinking,taxonomy-v1-ollama-v4-json-schema,feed_card,1,0,2026-08-24T19:18:30.762290Z,2026-08-24T19:18:32.669764Z,1366,123,1895703267,0
261,74,triage,succeeded,qwen3:14b,ollama-adapter-v2-no-thinking,taxonomy-v1-ollama-v4-json-schema,feed_card,1,0,2026-08-24T19:18:32.701948Z,2026-08-24T19:18:34.452182Z,1355,112,1739870740,0
262,75,triage,succeeded,qwen3:14b,ollama-adapter-v2-no-thinking,taxonomy-v1-ollama-v4-json-schema,feed_card,1,0,2026-08-24T19:18:34.473814Z,2026-08-24T19:18:36.294994Z,1406,114,1807065126,0
263,76,triage,succeeded,qwen3:14b,ollama-adapter-v2-no-thinking,taxonomy-v1-ollama-v4-json-schema,feed_card,1,0,2026-08-24T19:18:36.315820Z,2026-08-24T19:18:37.935559Z,1331,103,1607939689,0
264,77,triage,succeeded,qwen3:14b,ollama-adapter-v2-no-thinking,taxonomy-v1-ollama-v4-json-schema,feed_card,1,0,2026-08-24T19:18:37.955877Z,2026-08-24T19:18:39.647042Z,1336,107,1678926742,0
265,78,triage,succeeded,qwen3:14b,ollama-adapter-v2-no-thinking,taxonomy-v1-ollama-v4-json-schema,feed_card,1,0,2026-08-24T19:18:39.665719Z,2026-08-24T19:18:41.759950Z,1365,137,2083122277,0
266,79,triage,succeeded,qwen3:14b,ollama-adapter-v2-no-thinking,taxonomy-v1-ollama-v4-json-schema,feed_card,1,0,2026-08-24T19:18:41.778642Z,2026-08-24T19:18:43.816508Z,1383,132,2027419966,0
267,80,triage,succeeded,qwen3:14b,ollama-adapter-v2-no-thinking,taxonomy-v1-ollama-v4-json-schema,feed_card,1,0,2026-08-24T19:18:43.840278Z,2026-08-24T19:18:45.185611Z,1330,83,1329231594,0
268,81,triage,succeeded,qwen3:14b,ollama-adapter-v2-no-thinking,taxonomy-v1-ollama-v4-json-schema,feed_card,1,0,2026-08-24T19:18:45.205738Z,2026-08-24T19:18:47.374662Z,1412,139,2148075693,0
269,82,triage,succeeded,qwen3:14b,ollama-adapter-v2-no-thinking,taxonomy-v1-ollama-v4-json-schema,feed_card,1,0,2026-08-24T19:18:47.394284Z,2026-08-24T19:18:50.152544Z,1396,182,2742938713,0
270,83,triage,succeeded,qwen3:14b,ollama-adapter-v2-no-thinking,taxonomy-v1-ollama-v4-json-schema,feed_card,1,0,2026-08-24T19:18:50.174651Z,2026-08-24T19:18:51.873372Z,1333,107,1686991493,0
271,84,triage,succeeded,qwen3:14b,ollama-adapter-v2-no-thinking,taxonomy-v1-ollama-v4-json-schema,feed_card,1,0,2026-08-24T19:18:51.891699Z,2026-08-24T19:18:54.497861Z,1390,172,2581836492,0
272,85,triage,succeeded,qwen3:14b,ollama-adapter-v2-no-thinking,taxonomy-v1-ollama-v4-json-schema,feed_card,1,0,2026-08-24T19:18:54.530431Z,2026-08-24T19:18:56.536897Z,1373,129,1977234736,0
273,86,triage,succeeded,qwen3:14b,ollama-adapter-v2-no-thinking,taxonomy-v1-ollama-v4-json-schema,feed_card,1,0,2026-08-24T19:18:56.576540Z,2026-08-24T19:18:58.362615Z,1419,112,1762972606,0
274,87,triage,succeeded,qwen3:14b,ollama-adapter-v2-no-thinking,taxonomy-v1-ollama-v4-json-schema,feed_card,1,0,2026-08-24T19:18:58.404033Z,2026-08-24T19:19:00.597185Z,1376,140,2138605247,0
275,88,triage,succeeded,qwen3:14b,ollama-adapter-v2-no-thinking,taxonomy-v1-ollama-v4-json-schema,feed_card,1,0,2026-08-24T19:19:00.618231Z,2026-08-24T19:19:03.327570Z,1400,177,2669736319,0
276,89,triage,succeeded,qwen3:14b,ollama-adapter-v2-no-thinking,taxonomy-v1-ollama-v4-json-schema,feed_card,1,0,2026-08-24T19:19:03.359059Z,2026-08-24T19:19:06.287630Z,1392,195,2913045405,0
277,90,triage,succeeded,qwen3:14b,ollama-adapter-v2-no-thinking,taxonomy-v1-ollama-v4-json-schema,feed_card,1,0,2026-08-24T19:19:06.307903Z,2026-08-24T19:19:08.442195Z,1405,138,2122657855,0
278,91,triage,succeeded,qwen3:14b,ollama-adapter-v2-no-thinking,taxonomy-v1-ollama-v4-json-schema,feed_card,1,0,2026-08-24T19:19:08.463332Z,2026-08-24T19:19:10.450285Z,1379,128,1974296221,0
279,92,triage,succeeded,qwen3:14b,ollama-adapter-v2-no-thinking,taxonomy-v1-ollama-v4-json-schema,feed_card,1,0,2026-08-24T19:19:10.469442Z,2026-08-24T19:19:12.193345Z,1333,110,1710615211,0
280,93,triage,succeeded,qwen3:14b,ollama-adapter-v2-no-thinking,taxonomy-v1-ollama-v4-json-schema,feed_card,1,0,2026-08-24T19:19:12.218049Z,2026-08-24T19:19:14.036265Z,1337,117,1806970489,0
281,94,triage,succeeded,qwen3:14b,ollama-adapter-v2-no-thinking,taxonomy-v1-ollama-v4-json-schema,feed_card,1,0,2026-08-24T19:19:14.055027Z,2026-08-24T19:19:15.861717Z,1379,115,1794273956,0
282,95,triage,succeeded,qwen3:14b,ollama-adapter-v2-no-thinking,taxonomy-v1-ollama-v4-json-schema,feed_card,1,0,2026-08-24T19:19:15.880586Z,2026-08-24T19:19:17.923071Z,1405,131,2030778412,0
283,96,triage,succeeded,qwen3:14b,ollama-adapter-v2-no-thinking,taxonomy-v1-ollama-v4-json-schema,feed_card,1,0,2026-08-24T19:19:17.955138Z,2026-08-24T19:19:20.452638Z,1371,165,2480307286,0
284,97,triage,succeeded,qwen3:14b,ollama-adapter-v2-no-thinking,taxonomy-v1-ollama-v4-json-schema,feed_card,1,0,2026-08-24T19:19:20.469961Z,2026-08-24T19:19:22.297135Z,1429,116,1815945605,0
285,98,triage,succeeded,qwen3:14b,ollama-adapter-v2-no-thinking,taxonomy-v1-ollama-v4-json-schema,feed_card,1,0,2026-08-24T19:19:22.315401Z,2026-08-24T19:19:24.010439Z,1403,107,1683517052,0
286,99,triage,succeeded,qwen3:14b,ollama-adapter-v2-no-thinking,taxonomy-v1-ollama-v4-json-schema,feed_card,1,0,2026-08-24T19:19:24.030149Z,2026-08-24T19:19:25.823938Z,1341,114,1782291723,0
287,100,triage,succeeded,qwen3:14b,ollama-adapter-v2-no-thinking,taxonomy-v1-ollama-v4-json-schema,feed_card,1,0,2026-08-24T19:19:25.844052Z,2026-08-24T19:19:27.668971Z,1386,117,1812575758,0
288,101,triage,succeeded,qwen3:14b,ollama-adapter-v2-no-thinking,taxonomy-v1-ollama-v4-json-schema,feed_card,1,0,2026-08-24T19:19:27.692937Z,2026-08-24T19:19:29.325163Z,1329,103,1621251135,0
289,102,triage,succeeded,qwen3:14b,ollama-adapter-v2-no-thinking,taxonomy-v1-ollama-v4-json-schema,feed_card,1,0,2026-08-24T19:19:29.344974Z,2026-08-24T19:19:31.184099Z,1364,117,1814770743,0
290,103,triage,succeeded,qwen3:14b,ollama-adapter-v2-no-thinking,taxonomy-v1-ollama-v4-json-schema,feed_card,1,0,2026-08-24T19:19:31.201581Z,2026-08-24T19:19:33.318126Z,1451,135,2105235679,0
291,104,triage,succeeded,qwen3:14b,ollama-adapter-v2-no-thinking,taxonomy-v1-ollama-v4-json-schema,feed_card,1,0,2026-08-24T19:19:33.340465Z,2026-08-24T19:19:35.042999Z,1386,108,1691871557,0
292,105,triage,succeeded,qwen3:14b,ollama-adapter-v2-no-thinking,taxonomy-v1-ollama-v4-json-schema,feed_card,1,0,2026-08-24T19:19:35.066196Z,2026-08-24T19:19:36.885396Z,1419,115,1804430012,0
293,106,triage,succeeded,qwen3:14b,ollama-adapter-v2-no-thinking,taxonomy-v1-ollama-v4-json-schema,feed_card,1,0,2026-08-24T19:19:36.908483Z,2026-08-24T19:19:38.682487Z,1399,113,1761814273,0
294,107,triage,succeeded,qwen3:14b,ollama-adapter-v2-no-thinking,taxonomy-v1-ollama-v4-json-schema,feed_card,1,0,2026-08-24T19:19:38.699996Z,2026-08-24T19:19:40.423753Z,1428,108,1712319246,0
295,108,triage,succeeded,qwen3:14b,ollama-adapter-v2-no-thinking,taxonomy-v1-ollama-v4-json-schema,feed_card,1,0,2026-08-24T19:19:40.454604Z,2026-08-24T19:19:43.064975Z,1385,173,2596088025,0
296,109,triage,succeeded,qwen3:14b,ollama-adapter-v2-no-thinking,taxonomy-v1-ollama-v4-json-schema,feed_card,1,0,2026-08-24T19:19:43.126372Z,2026-08-24T19:19:45.109831Z,1395,128,1972749516,0
297,110,triage,succeeded,qwen3:14b,ollama-adapter-v2-no-thinking,taxonomy-v1-ollama-v4-json-schema,feed_card,1,0,2026-08-24T19:19:45.134809Z,2026-08-24T19:19:48.058809Z,1397,194,2910281634,0
298,111,triage,succeeded,qwen3:14b,ollama-adapter-v2-no-thinking,taxonomy-v1-ollama-v4-json-schema,feed_card,1,0,2026-08-24T19:19:48.076936Z,2026-08-24T19:19:50.778629Z,1384,180,2687081926,0
299,112,triage,succeeded,qwen3:14b,ollama-adapter-v2-no-thinking,taxonomy-v1-ollama-v4-json-schema,feed_card,1,0,2026-08-24T19:19:50.797350Z,2026-08-24T19:19:52.727071Z,1388,124,1919062355,0
300,113,triage,succeeded,qwen3:14b,ollama-adapter-v2-no-thinking,taxonomy-v1-ollama-v4-json-schema,feed_card,1,0,2026-08-24T19:19:52.747400Z,2026-08-24T19:19:55.472941Z,1408,180,2707340139,0
301,114,triage,succeeded,qwen3:14b,ollama-adapter-v2-no-thinking,taxonomy-v1-ollama-v4-json-schema,feed_card,1,0,2026-08-24T19:19:55.499390Z,2026-08-24T19:19:57.100989Z,1336,101,1588564255,0
302,115,triage,succeeded,qwen3:14b,ollama-adapter-v2-no-thinking,taxonomy-v1-ollama-v4-json-schema,feed_card,1,0,2026-08-24T19:19:57.119600Z,2026-08-24T19:19:59.729842Z,1405,172,2595017266,0
303,116,triage,succeeded,qwen3:14b,ollama-adapter-v2-no-thinking,taxonomy-v1-ollama-v4-json-schema,feed_card,1,0,2026-08-24T19:19:59.750593Z,2026-08-24T19:20:01.602091Z,1407,118,1839252097,0
304,117,triage,succeeded,qwen3:14b,ollama-adapter-v2-no-thinking,taxonomy-v1-ollama-v4-json-schema,feed_card,1,0,2026-08-24T19:20:01.635870Z,2026-08-24T19:20:03.064926Z,1330,89,1416211995,0
305,118,triage,succeeded,qwen3:14b,ollama-adapter-v2-no-thinking,taxonomy-v1-ollama-v4-json-schema,feed_card,1,0,2026-08-24T19:20:03.082321Z,2026-08-24T19:20:05.274696Z,1378,142,2178441315,0
306,119,triage,succeeded,qwen3:14b,ollama-adapter-v2-no-thinking,taxonomy-v1-ollama-v4-json-schema,feed_card,1,0,2026-08-24T19:20:05.294422Z,2026-08-24T19:20:07.138728Z,1393,117,1829400529,0
307,120,triage,succeeded,qwen3:14b,ollama-adapter-v2-no-thinking,taxonomy-v1-ollama-v4-json-schema,feed_card,1,0,2026-08-24T19:20:07.158913Z,2026-08-24T19:20:09.216556Z,1384,134,2042943463,0
308,121,triage,succeeded,qwen3:14b,ollama-adapter-v2-no-thinking,taxonomy-v1-ollama-v4-json-schema,feed_card,1,0,2026-08-24T19:20:09.238994Z,2026-08-24T19:20:11.368736Z,1387,137,2102778372,0
309,122,triage,succeeded,qwen3:14b,ollama-adapter-v2-no-thinking,taxonomy-v1-ollama-v4-json-schema,feed_card,1,0,2026-08-24T19:20:11.386496Z,2026-08-24T19:20:13.557245Z,1402,140,2157019333,0
310,123,triage,succeeded,qwen3:14b,ollama-adapter-v2-no-thinking,taxonomy-v1-ollama-v4-json-schema,feed_card,1,0,2026-08-24T19:20:13.575948Z,2026-08-24T19:20:15.006623Z,1385,88,1419250604,0
311,124,triage,succeeded,qwen3:14b,ollama-adapter-v2-no-thinking,taxonomy-v1-ollama-v4-json-schema,feed_card,1,0,2026-08-24T19:20:15.026298Z,2026-08-24T19:20:16.869390Z,1420,117,1832518581,0
312,125,triage,succeeded,qwen3:14b,ollama-adapter-v2-no-thinking,taxonomy-v1-ollama-v4-json-schema,feed_card,1,0,2026-08-24T19:20:16.890399Z,2026-08-24T19:20:18.662907Z,1365,114,1761702601,0
313,126,triage,succeeded,qwen3:14b,ollama-adapter-v2-no-thinking,taxonomy-v1-ollama-v4-json-schema,feed_card,1,0,2026-08-24T19:20:18.682553Z,2026-08-24T19:20:20.331812Z,1380,104,1637915458,0
314,127,triage,succeeded,qwen3:14b,ollama-adapter-v2-no-thinking,taxonomy-v1-ollama-v4-json-schema,feed_card,1,0,2026-08-24T19:20:20.357511Z,2026-08-24T19:20:22.231238Z,1362,119,1862386708,0
315,128,triage,succeeded,qwen3:14b,ollama-adapter-v2-no-thinking,taxonomy-v1-ollama-v4-json-schema,feed_card,1,0,2026-08-24T19:20:22.249639Z,2026-08-24T19:20:24.406528Z,1413,138,2142994363,0
316,129,triage,succeeded,qwen3:14b,ollama-adapter-v2-no-thinking,taxonomy-v1-ollama-v4-json-schema,feed_card,1,0,2026-08-24T19:20:24.435388Z,2026-08-24T19:20:26.679524Z,1404,144,2230749581,0
317,130,triage,succeeded,qwen3:14b,ollama-adapter-v2-no-thinking,taxonomy-v1-ollama-v4-json-schema,feed_card,1,0,2026-08-24T19:20:26.700271Z,2026-08-24T19:20:28.314518Z,1381,100,1602148423,0
318,131,triage,succeeded,qwen3:14b,ollama-adapter-v2-no-thinking,taxonomy-v1-ollama-v4-json-schema,feed_card,1,0,2026-08-24T19:20:28.332822Z,2026-08-24T19:20:30.443727Z,1377,137,2095907869,0
319,132,triage,succeeded,qwen3:14b,ollama-adapter-v2-no-thinking,taxonomy-v1-ollama-v4-json-schema,feed_card,1,0,2026-08-24T19:20:30.462899Z,2026-08-24T19:20:31.912608Z,1331,90,1438670677,0
320,133,triage,succeeded,qwen3:14b,ollama-adapter-v2-no-thinking,taxonomy-v1-ollama-v4-json-schema,feed_card,1,0,2026-08-24T19:20:31.931974Z,2026-08-24T19:20:33.938460Z,1409,129,1991430523,0
321,134,triage,succeeded,qwen3:14b,ollama-adapter-v2-no-thinking,taxonomy-v1-ollama-v4-json-schema,feed_card,1,0,2026-08-24T19:20:33.960988Z,2026-08-24T19:20:35.896995Z,1368,124,1924311471,0
322,135,triage,succeeded,qwen3:14b,ollama-adapter-v2-no-thinking,taxonomy-v1-ollama-v4-json-schema,feed_card,1,0,2026-08-24T19:20:35.917633Z,2026-08-24T19:20:37.868510Z,1403,125,1939619393,0
323,136,triage,succeeded,qwen3:14b,ollama-adapter-v2-no-thinking,taxonomy-v1-ollama-v4-json-schema,feed_card,1,0,2026-08-24T19:20:37.887448Z,2026-08-24T19:20:39.406966Z,1336,94,1507835207,0
324,137,triage,succeeded,qwen3:14b,ollama-adapter-v2-no-thinking,taxonomy-v1-ollama-v4-json-schema,feed_card,1,0,2026-08-24T19:20:39.428624Z,2026-08-24T19:20:41.241113Z,1415,115,1798216296,0
325,138,triage,succeeded,qwen3:14b,ollama-adapter-v2-no-thinking,taxonomy-v1-ollama-v4-json-schema,feed_card,1,0,2026-08-24T19:20:41.265101Z,2026-08-24T19:20:43.793170Z,1406,166,2512334391,0
326,139,triage,succeeded,qwen3:14b,ollama-adapter-v2-no-thinking,taxonomy-v1-ollama-v4-json-schema,feed_card,1,0,2026-08-24T19:20:43.813829Z,2026-08-24T19:20:46.171098Z,1406,155,2343992219,0
327,140,triage,succeeded,qwen3:14b,ollama-adapter-v2-no-thinking,taxonomy-v1-ollama-v4-json-schema,feed_card,1,0,2026-08-24T19:20:46.189399Z,2026-08-24T19:20:48.004107Z,1362,116,1803313669,0
328,141,triage,succeeded,qwen3:14b,ollama-adapter-v2-no-thinking,taxonomy-v1-ollama-v4-json-schema,feed_card,1,0,2026-08-24T19:20:48.023245Z,2026-08-24T19:20:50.154393Z,1371,139,2119784619,0
329,142,triage,succeeded,qwen3:14b,ollama-adapter-v2-no-thinking,taxonomy-v1-ollama-v4-json-schema,feed_card,1,0,2026-08-24T19:20:50.176309Z,2026-08-24T19:20:51.914428Z,1342,111,1724582592,0
330,143,triage,succeeded,qwen3:14b,ollama-adapter-v2-no-thinking,taxonomy-v1-ollama-v4-json-schema,feed_card,1,0,2026-08-24T19:20:51.950132Z,2026-08-24T19:20:53.928567Z,1406,127,1967187061,0
331,144,triage,succeeded,qwen3:14b,ollama-adapter-v2-no-thinking,taxonomy-v1-ollama-v4-json-schema,feed_card,1,0,2026-08-24T19:20:53.954279Z,2026-08-24T19:20:55.918953Z,1407,126,1951265253,0
332,145,triage,succeeded,qwen3:14b,ollama-adapter-v2-no-thinking,taxonomy-v1-ollama-v4-json-schema,feed_card,1,0,2026-08-24T19:20:55.963306Z,2026-08-24T19:20:57.375416Z,1340,87,1399230772,0
333,146,triage,succeeded,qwen3:14b,ollama-adapter-v2-no-thinking,taxonomy-v1-ollama-v4-json-schema,feed_card,1,0,2026-08-24T19:20:57.403626Z,2026-08-24T19:20:59.091185Z,1352,107,1672433390,0
334,147,triage,succeeded,qwen3:14b,ollama-adapter-v2-no-thinking,taxonomy-v1-ollama-v4-json-schema,feed_card,1,0,2026-08-24T19:20:59.122025Z,2026-08-24T19:21:00.862587Z,1387,110,1729056852,0
335,148,triage,succeeded,qwen3:14b,ollama-adapter-v2-no-thinking,taxonomy-v1-ollama-v4-json-schema,feed_card,1,0,2026-08-24T19:21:00.882123Z,2026-08-24T19:21:02.552678Z,1392,106,1658470341,0
336,149,triage,succeeded,qwen3:14b,ollama-adapter-v2-no-thinking,taxonomy-v1-ollama-v4-json-schema,feed_card,1,0,2026-08-24T19:21:02.573490Z,2026-08-24T19:21:04.394827Z,1392,116,1808794471,0
337,150,triage,succeeded,qwen3:14b,ollama-adapter-v2-no-thinking,taxonomy-v1-ollama-v4-json-schema,feed_card,1,0,2026-08-24T19:21:04.415065Z,2026-08-24T19:21:06.175491Z,1362,112,1746185093,0
338,151,triage,succeeded,qwen3:14b,ollama-adapter-v2-no-thinking,taxonomy-v1-ollama-v4-json-schema,feed_card,1,0,2026-08-24T19:21:06.194677Z,2026-08-24T19:21:08.397725Z,1405,143,2187987300,0
339,152,triage,succeeded,qwen3:14b,ollama-adapter-v2-no-thinking,taxonomy-v1-ollama-v4-json-schema,feed_card,1,0,2026-08-24T19:21:08.418817Z,2026-08-24T19:21:10.461196Z,1410,131,2031430491,0
340,153,triage,succeeded,qwen3:14b,ollama-adapter-v2-no-thinking,taxonomy-v1-ollama-v4-json-schema,feed_card,1,0,2026-08-24T19:21:10.480627Z,2026-08-24T19:21:12.662823Z,1355,143,2168453116,0
341,154,triage,succeeded,qwen3:14b,ollama-adapter-v2-no-thinking,taxonomy-v1-ollama-v4-json-schema,feed_card,1,0,2026-08-24T19:21:12.682543Z,2026-08-24T19:21:14.255051Z,1388,98,1559885203,0
342,155,triage,succeeded,qwen3:14b,ollama-adapter-v2-no-thinking,taxonomy-v1-ollama-v4-json-schema,feed_card,1,0,2026-08-24T19:21:14.272310Z,2026-08-24T19:21:16.369413Z,1366,136,2080863313,0
343,156,triage,succeeded,qwen3:14b,ollama-adapter-v2-no-thinking,taxonomy-v1-ollama-v4-json-schema,feed_card,1,0,2026-08-24T19:21:16.390584Z,2026-08-24T19:21:18.494697Z,1401,136,2090412721,0
344,157,triage,succeeded,qwen3:14b,ollama-adapter-v2-no-thinking,taxonomy-v1-ollama-v4-json-schema,feed_card,1,0,2026-08-24T19:21:18.516509Z,2026-08-24T19:21:20.545408Z,1384,132,2017894143,0
345,158,triage,succeeded,qwen3:14b,ollama-adapter-v2-no-thinking,taxonomy-v1-ollama-v4-json-schema,feed_card,1,0,2026-08-24T19:21:20.564396Z,2026-08-24T19:21:22.545388Z,1371,128,1970034049,0
346,159,triage,succeeded,qwen3:14b,ollama-adapter-v2-no-thinking,taxonomy-v1-ollama-v4-json-schema,feed_card,1,0,2026-08-24T19:21:22.564012Z,2026-08-24T19:21:24.311663Z,1340,112,1737492289,0
347,160,triage,succeeded,qwen3:14b,ollama-adapter-v2-no-thinking,taxonomy-v1-ollama-v4-json-schema,feed_card,1,0,2026-08-24T19:21:24.330670Z,2026-08-24T19:21:26.140601Z,1393,115,1799105463,0
348,161,triage,succeeded,qwen3:14b,ollama-adapter-v2-no-thinking,taxonomy-v1-ollama-v4-json-schema,feed_card,1,0,2026-08-24T19:21:26.161012Z,2026-08-24T19:21:27.812937Z,1389,104,1639413403,0
349,162,triage,succeeded,qwen3:14b,ollama-adapter-v2-no-thinking,taxonomy-v1-ollama-v4-json-schema,feed_card,1,0,2026-08-24T19:21:27.831827Z,2026-08-24T19:21:29.752436Z,1351,122,1886439944,0
350,163,triage,succeeded,qwen3:14b,ollama-adapter-v2-no-thinking,taxonomy-v1-ollama-v4-json-schema,feed_card,1,0,2026-08-24T19:21:29.772744Z,2026-08-24T19:21:31.158079Z,1328,85,1359682680,0
351,164,triage,succeeded,qwen3:14b,ollama-adapter-v2-no-thinking,taxonomy-v1-ollama-v4-json-schema,feed_card,1,0,2026-08-24T19:21:31.177390Z,2026-08-24T19:21:32.624288Z,1336,89,1424927673,0
352,165,triage,succeeded,qwen3:14b,ollama-adapter-v2-no-thinking,taxonomy-v1-ollama-v4-json-schema,feed_card,1,0,2026-08-24T19:21:32.867228Z,2026-08-24T19:21:34.584671Z,1359,107,1680797191,0
353,166,triage,succeeded,qwen3:14b,ollama-adapter-v2-no-thinking,taxonomy-v1-ollama-v4-json-schema,feed_card,1,0,2026-08-24T19:21:34.603989Z,2026-08-24T19:21:36.350004Z,1361,111,1733627539,0
354,167,triage,succeeded,qwen3:14b,ollama-adapter-v2-no-thinking,taxonomy-v1-ollama-v4-json-schema,feed_card,1,0,2026-08-24T19:21:36.368662Z,2026-08-24T19:21:38.419197Z,1333,134,2039308801,0
355,168,triage,succeeded,qwen3:14b,ollama-adapter-v2-no-thinking,taxonomy-v1-ollama-v4-json-schema,feed_card,1,0,2026-08-24T19:21:38.439461Z,2026-08-24T19:21:40.529312Z,1360,135,2073837874,0
356,169,triage,succeeded,qwen3:14b,ollama-adapter-v2-no-thinking,taxonomy-v1-ollama-v4-json-schema,feed_card,1,0,2026-08-24T19:21:40.558673Z,2026-08-24T19:21:42.407653Z,1358,119,1837293420,0
357,170,triage,succeeded,qwen3:14b,ollama-adapter-v2-no-thinking,taxonomy-v1-ollama-v4-json-schema,feed_card,1,0,2026-08-24T19:21:42.428723Z,2026-08-24T19:21:44.164718Z,1339,109,1711319002,0
358,171,triage,succeeded,qwen3:14b,ollama-adapter-v2-no-thinking,taxonomy-v1-ollama-v4-json-schema,feed_card,1,0,2026-08-24T19:21:44.211979Z,2026-08-24T19:21:46.006997Z,1345,114,1784543921,0
359,172,triage,succeeded,qwen3:14b,ollama-adapter-v2-no-thinking,taxonomy-v1-ollama-v4-json-schema,feed_card,1,0,2026-08-24T19:21:46.054659Z,2026-08-24T19:21:48.515122Z,1355,161,2432001931,0
360,173,triage,succeeded,qwen3:14b,ollama-adapter-v2-no-thinking,taxonomy-v1-ollama-v4-json-schema,feed_card,1,0,2026-08-24T19:21:48.554176Z,2026-08-24T19:21:50.270150Z,1422,108,1703848436,0
361,174,triage,succeeded,qwen3:14b,ollama-adapter-v2-no-thinking,taxonomy-v1-ollama-v4-json-schema,feed_card,1,0,2026-08-24T19:21:50.288683Z,2026-08-24T19:21:52.428032Z,1359,140,2127951501,0
362,175,triage,succeeded,qwen3:14b,ollama-adapter-v2-no-thinking,taxonomy-v1-ollama-v4-json-schema,feed_card,1,0,2026-08-24T19:21:52.446520Z,2026-08-24T19:21:54.107676Z,1333,107,1649745540,0
363,176,triage,succeeded,qwen3:14b,ollama-adapter-v2-no-thinking,taxonomy-v1-ollama-v4-json-schema,feed_card,1,0,2026-08-24T19:21:54.126399Z,2026-08-24T19:21:55.838138Z,1355,109,1700355109,0
364,177,triage,succeeded,qwen3:14b,ollama-adapter-v2-no-thinking,taxonomy-v1-ollama-v4-json-schema,feed_card,1,0,2026-08-24T19:21:55.857876Z,2026-08-24T19:21:58.553336Z,1387,179,2670356951,0
365,178,triage,succeeded,qwen3:14b,ollama-adapter-v2-no-thinking,taxonomy-v1-ollama-v4-json-schema,feed_card,1,0,2026-08-24T19:21:58.573263Z,2026-08-24T19:22:00.262106Z,1337,107,1676460960,0
366,179,triage,succeeded,qwen3:14b,ollama-adapter-v2-no-thinking,taxonomy-v1-ollama-v4-json-schema,feed_card,1,0,2026-08-24T19:22:00.282768Z,2026-08-24T19:22:03.168575Z,1402,193,2869900801,0
367,180,triage,succeeded,qwen3:14b,ollama-adapter-v2-no-thinking,taxonomy-v1-ollama-v4-json-schema,feed_card,1,0,2026-08-24T19:22:03.187592Z,2026-08-24T19:22:05.739359Z,1408,167,2535733782,0
368,181,triage,succeeded,qwen3:14b,ollama-adapter-v2-no-thinking,taxonomy-v1-ollama-v4-json-schema,feed_card,1,0,2026-08-24T19:22:05.759686Z,2026-08-24T19:22:07.796071Z,1343,132,2021971274,0
369,182,triage,succeeded,qwen3:14b,ollama-adapter-v2-no-thinking,taxonomy-v1-ollama-v4-json-schema,feed_card,1,0,2026-08-24T19:22:07.818409Z,2026-08-24T19:22:09.861862Z,1332,134,2031977606,0
370,183,triage,succeeded,qwen3:14b,ollama-adapter-v2-no-thinking,taxonomy-v1-ollama-v4-json-schema,feed_card,1,0,2026-08-24T19:22:09.886649Z,2026-08-24T19:22:11.786681Z,1366,122,1888267810,0
371,184,triage,succeeded,qwen3:14b,ollama-adapter-v2-no-thinking,taxonomy-v1-ollama-v4-json-schema,feed_card,1,0,2026-08-24T19:22:11.806152Z,2026-08-24T19:22:13.675313Z,1363,120,1857804145,0
372,185,triage,succeeded,qwen3:14b,ollama-adapter-v2-no-thinking,taxonomy-v1-ollama-v4-json-schema,feed_card,1,0,2026-08-24T19:22:13.694729Z,2026-08-24T19:22:15.555808Z,1352,120,1849820201,0
373,186,triage,succeeded,qwen3:14b,ollama-adapter-v2-no-thinking,taxonomy-v1-ollama-v4-json-schema,feed_card,1,0,2026-08-24T19:22:15.587334Z,2026-08-24T19:22:17.380929Z,1385,114,1780883426,0
374,187,triage,succeeded,qwen3:14b,ollama-adapter-v2-no-thinking,taxonomy-v1-ollama-v4-json-schema,feed_card,1,0,2026-08-24T19:22:17.406651Z,2026-08-24T19:22:19.056598Z,1395,104,1639396711,0
375,188,triage,succeeded,qwen3:14b,ollama-adapter-v2-no-thinking,taxonomy-v1-ollama-v4-json-schema,feed_card,1,0,2026-08-24T19:22:19.076795Z,2026-08-24T19:22:21.027031Z,1386,125,1935735426,0
376,189,triage,succeeded,qwen3:14b,ollama-adapter-v2-no-thinking,taxonomy-v1-ollama-v4-json-schema,feed_card,1,0,2026-08-24T19:22:21.046813Z,2026-08-24T19:22:23.019204Z,1345,128,1959372474,0
377,190,triage,succeeded,qwen3:14b,ollama-adapter-v2-no-thinking,taxonomy-v1-ollama-v4-json-schema,feed_card,1,0,2026-08-24T19:22:23.039473Z,2026-08-24T19:22:25.003581Z,1397,126,1952162313,0
378,191,triage,succeeded,qwen3:14b,ollama-adapter-v2-no-thinking,taxonomy-v1-ollama-v4-json-schema,feed_card,1,0,2026-08-24T19:22:25.023525Z,2026-08-24T19:22:27.270949Z,1384,146,2218667677,0
379,192,triage,succeeded,qwen3:14b,ollama-adapter-v2-no-thinking,taxonomy-v1-ollama-v4-json-schema,feed_card,1,0,2026-08-24T19:22:27.296113Z,2026-08-24T19:22:29.137780Z,1340,118,1829682432,0
380,193,triage,succeeded,qwen3:14b,ollama-adapter-v2-no-thinking,taxonomy-v1-ollama-v4-json-schema,feed_card,1,0,2026-08-24T19:22:29.158613Z,2026-08-24T19:22:30.971211Z,1373,115,1800332372,0
381,194,triage,succeeded,qwen3:14b,ollama-adapter-v2-no-thinking,taxonomy-v1-ollama-v4-json-schema,feed_card,1,0,2026-08-24T19:22:30.990548Z,2026-08-24T19:22:32.971152Z,1388,127,1966141481,0
382,195,triage,succeeded,qwen3:14b,ollama-adapter-v2-no-thinking,taxonomy-v1-ollama-v4-json-schema,feed_card,1,0,2026-08-24T19:22:32.993979Z,2026-08-24T19:22:34.988596Z,1401,128,1982492486,0
383,196,triage,succeeded,qwen3:14b,ollama-adapter-v2-no-thinking,taxonomy-v1-ollama-v4-json-schema,feed_card,1,0,2026-08-24T19:22:35.008020Z,2026-08-24T19:22:37.610020Z,1400,171,2587636149,0
384,197,triage,succeeded,qwen3:14b,ollama-adapter-v2-no-thinking,taxonomy-v1-ollama-v4-json-schema,feed_card,1,0,2026-08-24T19:22:37.628962Z,2026-08-24T19:22:40.189286Z,1358,170,2545885393,0
385,198,triage,succeeded,qwen3:14b,ollama-adapter-v2-no-thinking,taxonomy-v1-ollama-v4-json-schema,feed_card,1,0,2026-08-24T19:22:40.209042Z,2026-08-24T19:22:41.883521Z,1392,105,1657796228,0
386,199,triage,succeeded,qwen3:14b,ollama-adapter-v2-no-thinking,taxonomy-v1-ollama-v4-json-schema,feed_card,1,0,2026-08-24T19:22:41.903502Z,2026-08-24T19:22:44.646445Z,1405,182,2728692982,0
387,200,triage,succeeded,qwen3:14b,ollama-adapter-v2-no-thinking,taxonomy-v1-ollama-v4-json-schema,feed_card,1,0,2026-08-24T19:22:44.673083Z,2026-08-24T19:22:46.556843Z,1376,121,1871435366,0
388,201,triage,succeeded,qwen3:14b,ollama-adapter-v2-no-thinking,taxonomy-v1-ollama-v4-json-schema,feed_card,1,0,2026-08-24T19:22:46.578562Z,2026-08-24T19:22:48.448910Z,1392,119,1858581094,0
389,202,triage,succeeded,qwen3:14b,ollama-adapter-v2-no-thinking,taxonomy-v1-ollama-v4-json-schema,feed_card,1,0,2026-08-24T19:22:48.468742Z,2026-08-24T19:22:50.194500Z,1365,110,1713989383,0
390,203,triage,succeeded,qwen3:14b,ollama-adapter-v2-no-thinking,taxonomy-v1-ollama-v4-json-schema,feed_card,1,0,2026-08-24T19:22:50.214129Z,2026-08-24T19:22:52.579604Z,1388,155,2349526642,0
391,204,triage,succeeded,qwen3:14b,ollama-adapter-v2-no-thinking,taxonomy-v1-ollama-v4-json-schema,feed_card,1,0,2026-08-24T19:22:52.597518Z,2026-08-24T19:22:54.650157Z,1421,132,2040633568,0
392,205,triage,succeeded,qwen3:14b,ollama-adapter-v2-no-thinking,taxonomy-v1-ollama-v4-json-schema,feed_card,1,0,2026-08-24T19:22:54.670333Z,2026-08-24T19:22:56.520000Z,1363,118,1836601714,0
393,206,triage,succeeded,qwen3:14b,ollama-adapter-v2-no-thinking,taxonomy-v1-ollama-v4-json-schema,feed_card,1,0,2026-08-24T19:22:56.539416Z,2026-08-24T19:22:58.557414Z,1414,129,1998085853,0
394,207,triage,succeeded,qwen3:14b,ollama-adapter-v2-no-thinking,taxonomy-v1-ollama-v4-json-schema,feed_card,1,0,2026-08-24T19:22:58.583760Z,2026-08-24T19:22:59.901008Z,1329,81,1306843450,0
395,208,triage,succeeded,qwen3:14b,ollama-adapter-v2-no-thinking,taxonomy-v1-ollama-v4-json-schema,feed_card,1,0,2026-08-24T19:22:59.947159Z,2026-08-24T19:23:01.659438Z,1339,106,1661460722,0
396,209,triage,succeeded,qwen3:14b,ollama-adapter-v2-no-thinking,taxonomy-v1-ollama-v4-json-schema,feed_card,1,0,2026-08-24T19:23:01.707960Z,2026-08-24T19:23:03.369518Z,1331,106,1648730320,0
397,210,triage,succeeded,qwen3:14b,ollama-adapter-v2-no-thinking,taxonomy-v1-ollama-v4-json-schema,feed_card,1,0,2026-08-24T19:23:03.389471Z,2026-08-24T19:23:05.231254Z,1328,119,1829852438,0
398,211,triage,succeeded,qwen3:14b,ollama-adapter-v2-no-thinking,taxonomy-v1-ollama-v4-json-schema,feed_card,1,0,2026-08-24T19:23:05.251834Z,2026-08-24T19:23:07.864597Z,1393,173,2598875727,0
399,212,triage,succeeded,qwen3:14b,ollama-adapter-v2-no-thinking,taxonomy-v1-ollama-v4-json-schema,feed_card,1,0,2026-08-24T19:23:07.884106Z,2026-08-24T19:23:10.361648Z,1405,163,2462358284,0
400,213,triage,succeeded,qwen3:14b,ollama-adapter-v2-no-thinking,taxonomy-v1-ollama-v4-json-schema,feed_card,1,0,2026-08-24T19:23:10.381241Z,2026-08-24T19:23:12.239016Z,1345,117,1815338826,0
401,214,triage,succeeded,qwen3:14b,ollama-adapter-v2-no-thinking,taxonomy-v1-ollama-v4-json-schema,feed_card,1,0,2026-08-24T19:23:12.259530Z,2026-08-24T19:23:14.048127Z,1379,113,1760385260,0
402,215,triage,succeeded,qwen3:14b,ollama-adapter-v2-no-thinking,taxonomy-v1-ollama-v4-json-schema,feed_card,1,0,2026-08-24T19:23:14.157755Z,2026-08-24T19:23:15.913431Z,1351,113,1744572609,0
403,216,triage,succeeded,qwen3:14b,ollama-adapter-v2-no-thinking,taxonomy-v1-ollama-v4-json-schema,feed_card,1,0,2026-08-24T19:23:15.936600Z,2026-08-24T19:23:17.652735Z,1367,109,1704346915,0
404,217,triage,succeeded,qwen3:14b,ollama-adapter-v2-no-thinking,taxonomy-v1-ollama-v4-json-schema,feed_card,1,0,2026-08-24T19:23:17.672680Z,2026-08-24T19:23:19.792058Z,1521,133,2105471848,0
405,218,triage,succeeded,qwen3:14b,ollama-adapter-v2-no-thinking,taxonomy-v1-ollama-v4-json-schema,feed_card,1,0,2026-08-24T19:23:19.816515Z,2026-08-24T19:23:21.734207Z,1389,123,1906664760,0
406,219,triage,succeeded,qwen3:14b,ollama-adapter-v2-no-thinking,taxonomy-v1-ollama-v4-json-schema,feed_card,1,0,2026-08-24T19:23:21.752910Z,2026-08-24T19:23:24.298032Z,1360,169,2528305509,0
407,220,triage,succeeded,qwen3:14b,ollama-adapter-v2-no-thinking,taxonomy-v1-ollama-v4-json-schema,feed_card,1,0,2026-08-24T19:23:24.318035Z,2026-08-24T19:23:26.073006Z,1377,111,1744754825,0
408,221,triage,succeeded,qwen3:14b,ollama-adapter-v2-no-thinking,taxonomy-v1-ollama-v4-json-schema,feed_card,1,0,2026-08-24T19:23:26.099552Z,2026-08-24T19:23:28.371383Z,1400,147,2257470139,0
409,222,triage,succeeded,qwen3:14b,ollama-adapter-v2-no-thinking,taxonomy-v1-ollama-v4-json-schema,feed_card,1,0,2026-08-24T19:23:28.389648Z,2026-08-24T19:23:30.124755Z,1386,110,1722891207,0
410,223,triage,succeeded,qwen3:14b,ollama-adapter-v2-no-thinking,taxonomy-v1-ollama-v4-json-schema,feed_card,1,0,2026-08-24T19:23:30.144869Z,2026-08-24T19:23:31.892189Z,1384,111,1735171677,0
411,224,triage,succeeded,qwen3:14b,ollama-adapter-v2-no-thinking,taxonomy-v1-ollama-v4-json-schema,feed_card,1,0,2026-08-24T19:23:31.909961Z,2026-08-24T19:23:34.057322Z,1387,139,2132931446,0
412,225,triage,succeeded,qwen3:14b,ollama-adapter-v2-no-thinking,taxonomy-v1-ollama-v4-json-schema,feed_card,1,0,2026-08-24T19:23:34.077473Z,2026-08-24T19:23:35.928113Z,1351,119,1838727114,0
413,226,triage,succeeded,qwen3:14b,ollama-adapter-v2-no-thinking,taxonomy-v1-ollama-v4-json-schema,feed_card,1,0,2026-08-24T19:23:35.948992Z,2026-08-24T19:23:37.235019Z,1331,79,1273579482,0
414,227,triage,succeeded,qwen3:14b,ollama-adapter-v2-no-thinking,taxonomy-v1-ollama-v4-json-schema,feed_card,1,0,2026-08-24T19:23:37.264736Z,2026-08-24T19:23:39.170153Z,1404,122,1893047137,0
415,228,triage,succeeded,qwen3:14b,ollama-adapter-v2-no-thinking,taxonomy-v1-ollama-v4-json-schema,feed_card,1,0,2026-08-24T19:23:39.189935Z,2026-08-24T19:23:41.144724Z,1347,126,1943250896,0
416,229,triage,succeeded,qwen3:14b,ollama-adapter-v2-no-thinking,taxonomy-v1-ollama-v4-json-schema,feed_card,1,0,2026-08-24T19:23:41.169785Z,2026-08-24T19:23:42.598665Z,1330,90,1416883302,0
417,230,triage,succeeded,qwen3:14b,ollama-adapter-v2-no-thinking,taxonomy-v1-ollama-v4-json-schema,feed_card,1,0,2026-08-24T19:23:42.620053Z,2026-08-24T19:23:43.928110Z,1331,81,1295401024,0
418,231,triage,succeeded,qwen3:14b,ollama-adapter-v2-no-thinking,taxonomy-v1-ollama-v4-json-schema,feed_card,1,0,2026-08-24T19:23:43.949740Z,2026-08-24T19:23:45.895537Z,1407,125,1933941169,0
419,232,triage,succeeded,qwen3:14b,ollama-adapter-v2-no-thinking,taxonomy-v1-ollama-v4-json-schema,feed_card,1,0,2026-08-24T19:23:45.915558Z,2026-08-24T19:23:47.654207Z,1334,112,1725786342,0
420,233,triage,succeeded,qwen3:14b,ollama-adapter-v2-no-thinking,taxonomy-v1-ollama-v4-json-schema,feed_card,1,0,2026-08-24T19:23:47.683216Z,2026-08-24T19:23:49.944026Z,1367,147,2232207624,0
421,234,triage,succeeded,qwen3:14b,ollama-adapter-v2-no-thinking,taxonomy-v1-ollama-v4-json-schema,feed_card,1,0,2026-08-24T19:23:49.984732Z,2026-08-24T19:23:51.844502Z,1389,118,1834921111,0
422,235,triage,succeeded,qwen3:14b,ollama-adapter-v2-no-thinking,taxonomy-v1-ollama-v4-json-schema,feed_card,1,0,2026-08-24T19:23:51.882020Z,2026-08-24T19:23:53.336914Z,1349,90,1444556047,0
423,236,triage,succeeded,qwen3:14b,ollama-adapter-v2-no-thinking,taxonomy-v1-ollama-v4-json-schema,feed_card,1,0,2026-08-24T19:23:53.398870Z,2026-08-24T19:23:56.504537Z,1399,206,3061701737,0
424,237,triage,succeeded,qwen3:14b,ollama-adapter-v2-no-thinking,taxonomy-v1-ollama-v4-json-schema,feed_card,1,0,2026-08-24T19:23:56.520973Z,2026-08-24T19:23:58.219442Z,1394,107,1687899482,0
425,238,triage,succeeded,qwen3:14b,ollama-adapter-v2-no-thinking,taxonomy-v1-ollama-v4-json-schema,feed_card,1,0,2026-08-24T19:23:58.237601Z,2026-08-24T19:24:00.158795Z,1401,122,1909424146,0
426,239,triage,succeeded,qwen3:14b,ollama-adapter-v2-no-thinking,taxonomy-v1-ollama-v4-json-schema,feed_card,1,0,2026-08-24T19:24:00.177650Z,2026-08-24T19:24:01.849619Z,1402,105,1660001974,0
427,240,triage,succeeded,qwen3:14b,ollama-adapter-v2-no-thinking,taxonomy-v1-ollama-v4-json-schema,feed_card,1,0,2026-08-24T19:24:01.868465Z,2026-08-24T19:24:04.022817Z,1392,141,2140649111,0
428,241,triage,succeeded,qwen3:14b,ollama-adapter-v2-no-thinking,taxonomy-v1-ollama-v4-json-schema,feed_card,1,0,2026-08-24T19:24:04.041704Z,2026-08-24T19:24:05.871146Z,1357,117,1816007561,0
429,242,triage,succeeded,qwen3:14b,ollama-adapter-v2-no-thinking,taxonomy-v1-ollama-v4-json-schema,feed_card,1,0,2026-08-24T19:24:05.903829Z,2026-08-24T19:24:07.742177Z,1358,118,1826727056,0
430,243,triage,succeeded,qwen3:14b,ollama-adapter-v2-no-thinking,taxonomy-v1-ollama-v4-json-schema,feed_card,1,0,2026-08-24T19:24:07.761739Z,2026-08-24T19:24:09.537344Z,1388,112,1763013507,0
431,244,triage,succeeded,qwen3:14b,ollama-adapter-v2-no-thinking,taxonomy-v1-ollama-v4-json-schema,feed_card,1,0,2026-08-24T19:24:09.557666Z,2026-08-24T19:24:11.290274Z,1411,109,1721130939,0
432,245,triage,succeeded,qwen3:14b,ollama-adapter-v2-no-thinking,taxonomy-v1-ollama-v4-json-schema,feed_card,1,0,2026-08-24T19:24:11.309141Z,2026-08-24T19:24:13.335784Z,1340,131,2015003040,0
433,246,triage,succeeded,qwen3:14b,ollama-adapter-v2-no-thinking,taxonomy-v1-ollama-v4-json-schema,feed_card,1,0,2026-08-24T19:24:13.366333Z,2026-08-24T19:24:15.236823Z,1416,118,1849232046,0
434,247,triage,succeeded,qwen3:14b,ollama-adapter-v2-no-thinking,taxonomy-v1-ollama-v4-json-schema,feed_card,1,0,2026-08-24T19:24:15.261073Z,2026-08-24T19:24:17.245009Z,1387,127,1971947252,0
435,248,triage,succeeded,qwen3:14b,ollama-adapter-v2-no-thinking,taxonomy-v1-ollama-v4-json-schema,feed_card,1,0,2026-08-24T19:24:17.264516Z,2026-08-24T19:24:18.966041Z,1354,108,1689228550,0
436,249,triage,succeeded,qwen3:14b,ollama-adapter-v2-no-thinking,taxonomy-v1-ollama-v4-json-schema,feed_card,1,0,2026-08-24T19:24:18.983707Z,2026-08-24T19:24:21.319329Z,1351,154,2322243615,0
437,250,triage,succeeded,qwen3:14b,ollama-adapter-v2-no-thinking,taxonomy-v1-ollama-v4-json-schema,feed_card,1,0,2026-08-24T19:24:21.337282Z,2026-08-24T19:24:23.004075Z,1339,106,1654769254,0
438,251,triage,succeeded,qwen3:14b,ollama-adapter-v2-no-thinking,taxonomy-v1-ollama-v4-json-schema,feed_card,1,0,2026-08-24T19:24:23.030016Z,2026-08-24T19:24:24.876854Z,1343,118,1834431377,0
439,252,triage,succeeded,qwen3:14b,ollama-adapter-v2-no-thinking,taxonomy-v1-ollama-v4-json-schema,feed_card,1,0,2026-08-24T19:24:24.897332Z,2026-08-24T19:24:26.513618Z,1391,101,1603962585,0
440,253,triage,succeeded,qwen3:14b,ollama-adapter-v2-no-thinking,taxonomy-v1-ollama-v4-json-schema,feed_card,1,0,2026-08-24T19:24:26.532918Z,2026-08-24T19:24:29.524365Z,1420,199,2977675274,0
441,254,triage,succeeded,qwen3:14b,ollama-adapter-v2-no-thinking,taxonomy-v1-ollama-v4-json-schema,feed_card,1,0,2026-08-24T19:24:29.549562Z,2026-08-24T19:24:31.333679Z,1343,114,1772342070,0
442,255,triage,succeeded,qwen3:14b,ollama-adapter-v2-no-thinking,taxonomy-v1-ollama-v4-json-schema,feed_card,1,0,2026-08-24T19:24:31.367417Z,2026-08-24T19:24:33.173928Z,1429,114,1794741310,0
443,256,triage,succeeded,qwen3:14b,ollama-adapter-v2-no-thinking,taxonomy-v1-ollama-v4-json-schema,feed_card,1,0,2026-08-24T19:24:33.193104Z,2026-08-24T19:24:34.784609Z,1401,99,1579940973,0
444,257,triage,succeeded,qwen3:14b,ollama-adapter-v2-no-thinking,taxonomy-v1-ollama-v4-json-schema,feed_card,1,0,2026-08-24T19:24:34.802901Z,2026-08-24T19:24:36.627512Z,1448,114,1813124127,0
445,258,triage,succeeded,qwen3:14b,ollama-adapter-v2-no-thinking,taxonomy-v1-ollama-v4-json-schema,feed_card,1,0,2026-08-24T19:24:36.648043Z,2026-08-24T19:24:38.342085Z,1335,108,1682250937,0
446,259,triage,succeeded,qwen3:14b,ollama-adapter-v2-no-thinking,taxonomy-v1-ollama-v4-json-schema,feed_card,1,0,2026-08-24T19:24:38.360829Z,2026-08-24T19:24:40.279772Z,1384,123,1903859142,0
447,260,triage,succeeded,qwen3:14b,ollama-adapter-v2-no-thinking,taxonomy-v1-ollama-v4-json-schema,feed_card,1,0,2026-08-24T19:24:40.298164Z,2026-08-24T19:24:41.931262Z,1336,103,1621663206,0
448,261,triage,succeeded,qwen3:14b,ollama-adapter-v2-no-thinking,taxonomy-v1-ollama-v4-json-schema,feed_card,1,0,2026-08-24T19:24:41.951797Z,2026-08-24T19:24:43.667491Z,1332,110,1704162154,0
449,262,triage,succeeded,qwen3:14b,ollama-adapter-v2-no-thinking,taxonomy-v1-ollama-v4-json-schema,feed_card,1,0,2026-08-24T19:24:43.686831Z,2026-08-24T19:24:45.188507Z,1329,95,1489926892,0
450,263,triage,succeeded,qwen3:14b,ollama-adapter-v2-no-thinking,taxonomy-v1-ollama-v4-json-schema,feed_card,1,0,2026-08-24T19:24:45.210346Z,2026-08-24T19:24:47.865455Z,1359,177,2638662763,0
451,264,triage,succeeded,qwen3:14b,ollama-adapter-v2-no-thinking,taxonomy-v1-ollama-v4-json-schema,feed_card,1,0,2026-08-24T19:24:47.894995Z,2026-08-24T19:24:49.365736Z,1333,91,1449130285,0
452,265,triage,succeeded,qwen3:14b,ollama-adapter-v2-no-thinking,taxonomy-v1-ollama-v4-json-schema,feed_card,1,0,2026-08-24T19:24:49.383723Z,2026-08-24T19:24:51.491519Z,1398,136,2093467865,0
453,266,triage,succeeded,qwen3:14b,ollama-adapter-v2-no-thinking,taxonomy-v1-ollama-v4-json-schema,feed_card,1,0,2026-08-24T19:24:51.512487Z,2026-08-24T19:24:53.522090Z,1334,130,1988139041,0
454,267,triage,succeeded,qwen3:14b,ollama-adapter-v2-no-thinking,taxonomy-v1-ollama-v4-json-schema,feed_card,1,0,2026-08-24T19:24:53.541047Z,2026-08-24T19:24:55.504508Z,1400,124,1939999610,0
455,268,triage,succeeded,qwen3:14b,ollama-adapter-v2-no-thinking,taxonomy-v1-ollama-v4-json-schema,feed_card,1,0,2026-08-24T19:24:55.536950Z,2026-08-24T19:24:57.796778Z,1388,148,2245670851,0
456,269,triage,succeeded,qwen3:14b,ollama-adapter-v2-no-thinking,taxonomy-v1-ollama-v4-json-schema,feed_card,1,0,2026-08-24T19:24:57.844045Z,2026-08-24T19:25:00.491466Z,1409,175,2632879088,0
457,270,triage,succeeded,qwen3:14b,ollama-adapter-v2-no-thinking,taxonomy-v1-ollama-v4-json-schema,feed_card,1,0,2026-08-24T19:25:00.509479Z,2026-08-24T19:25:02.069529Z,1347,97,1548406096,0
458,271,triage,succeeded,qwen3:14b,ollama-adapter-v2-no-thinking,taxonomy-v1-ollama-v4-json-schema,feed_card,1,0,2026-08-24T19:25:02.089333Z,2026-08-24T19:25:04.072497Z,1352,128,1967874157,0
459,272,triage,succeeded,qwen3:14b,ollama-adapter-v2-no-thinking,taxonomy-v1-ollama-v4-json-schema,feed_card,1,0,2026-08-24T19:25:04.090940Z,2026-08-24T19:25:05.595694Z,1383,93,1491569400,0
460,273,triage,succeeded,qwen3:14b,ollama-adapter-v2-no-thinking,taxonomy-v1-ollama-v4-json-schema,feed_card,1,0,2026-08-24T19:25:05.617488Z,2026-08-24T19:25:07.282520Z,1377,105,1645150512,0
461,274,triage,succeeded,qwen3:14b,ollama-adapter-v2-no-thinking,taxonomy-v1-ollama-v4-json-schema,feed_card,1,0,2026-08-24T19:25:07.301331Z,2026-08-24T19:25:09.046487Z,1332,111,1719154880,0
462,275,triage,succeeded,qwen3:14b,ollama-adapter-v2-no-thinking,taxonomy-v1-ollama-v4-json-schema,feed_card,1,0,2026-08-24T19:25:09.076100Z,2026-08-24T19:25:10.949804Z,1405,120,1856534626,0
463,276,triage,succeeded,qwen3:14b,ollama-adapter-v2-no-thinking,taxonomy-v1-ollama-v4-json-schema,feed_card,1,0,2026-08-24T19:25:10.971826Z,2026-08-24T19:25:12.913100Z,1398,123,1911651991,0
464,277,triage,succeeded,qwen3:14b,ollama-adapter-v2-no-thinking,taxonomy-v1-ollama-v4-json-schema,feed_card,1,0,2026-08-24T19:25:12.964623Z,2026-08-24T19:25:14.755482Z,1413,114,1777556928,0
465,278,triage,succeeded,qwen3:14b,ollama-adapter-v2-no-thinking,taxonomy-v1-ollama-v4-json-schema,feed_card,1,0,2026-08-24T19:25:14.775826Z,2026-08-24T19:25:16.659465Z,1380,120,1869247912,0
466,279,triage,succeeded,qwen3:14b,ollama-adapter-v2-no-thinking,taxonomy-v1-ollama-v4-json-schema,feed_card,1,0,2026-08-24T19:25:16.684558Z,2026-08-24T19:25:18.796918Z,1360,138,2096724179,0
467,280,triage,succeeded,qwen3:14b,ollama-adapter-v2-no-thinking,taxonomy-v1-ollama-v4-json-schema,feed_card,1,0,2026-08-24T19:25:18.816186Z,2026-08-24T19:25:20.626342Z,1395,116,1798680621,0
468,281,triage,succeeded,qwen3:14b,ollama-adapter-v2-no-thinking,taxonomy-v1-ollama-v4-json-schema,feed_card,1,0,2026-08-24T19:25:20.644722Z,2026-08-24T19:25:23.131564Z,1363,164,2472513838,0
469,282,triage,succeeded,qwen3:14b,ollama-adapter-v2-no-thinking,taxonomy-v1-ollama-v4-json-schema,feed_card,1,0,2026-08-24T19:25:23.150464Z,2026-08-24T19:25:25.957377Z,1393,187,2792722109,0
470,283,triage,succeeded,qwen3:14b,ollama-adapter-v2-no-thinking,taxonomy-v1-ollama-v4-json-schema,feed_card,1,0,2026-08-24T19:25:25.975387Z,2026-08-24T19:25:27.933516Z,1330,127,1945744889,0
471,284,triage,succeeded,qwen3:14b,ollama-adapter-v2-no-thinking,taxonomy-v1-ollama-v4-json-schema,feed_card,1,0,2026-08-24T19:25:27.954948Z,2026-08-24T19:25:29.825000Z,1336,120,1857385525,0
472,285,triage,succeeded,qwen3:14b,ollama-adapter-v2-no-thinking,taxonomy-v1-ollama-v4-json-schema,feed_card,1,0,2026-08-24T19:25:29.843450Z,2026-08-24T19:25:31.835149Z,1343,129,1979534158,0
473,286,triage,succeeded,qwen3:14b,ollama-adapter-v2-no-thinking,taxonomy-v1-ollama-v4-json-schema,thread,1,0,2026-08-24T19:25:31.857242Z,2026-08-24T19:25:34.144633Z,1981,132,2275104537,5
474,287,triage,succeeded,qwen3:14b,ollama-adapter-v2-no-thinking,taxonomy-v1-ollama-v4-json-schema,feed_card,1,0,2026-08-24T19:25:34.160926Z,2026-08-24T19:25:36.285768Z,1354,139,2105781010,0
475,288,triage,succeeded,qwen3:14b,ollama-adapter-v2-no-thinking,taxonomy-v1-ollama-v4-json-schema,feed_card,1,0,2026-08-24T19:25:36.309023Z,2026-08-24T19:25:37.944658Z,1362,103,1623485261,0
476,289,triage,succeeded,qwen3:14b,ollama-adapter-v2-no-thinking,taxonomy-v1-ollama-v4-json-schema,feed_card,1,0,2026-08-24T19:25:37.964836Z,2026-08-24T19:25:39.660441Z,1370,107,1682445696,0
477,290,triage,succeeded,qwen3:14b,ollama-adapter-v2-no-thinking,taxonomy-v1-ollama-v4-json-schema,feed_card,1,0,2026-08-24T19:25:39.680616Z,2026-08-24T19:25:41.772615Z,1381,136,2080522359,0
478,291,triage,succeeded,qwen3:14b,ollama-adapter-v2-no-thinking,taxonomy-v1-ollama-v4-json-schema,feed_card,1,0,2026-08-24T19:25:41.791489Z,2026-08-24T19:25:43.907809Z,1367,138,2105079681,0
479,292,triage,succeeded,qwen3:14b,ollama-adapter-v2-no-thinking,taxonomy-v1-ollama-v4-json-schema,feed_card,1,0,2026-08-24T19:25:43.926935Z,2026-08-24T19:25:45.669418Z,1337,110,1730782347,0
480,293,triage,succeeded,qwen3:14b,ollama-adapter-v2-no-thinking,taxonomy-v1-ollama-v4-json-schema,feed_card,1,0,2026-08-24T19:25:45.689667Z,2026-08-24T19:25:47.014282Z,1330,81,1312847083,0
481,294,triage,succeeded,qwen3:14b,ollama-adapter-v2-no-thinking,taxonomy-v1-ollama-v4-json-schema,feed_card,1,0,2026-08-24T19:25:47.032082Z,2026-08-24T19:25:48.742288Z,1339,108,1698839304,0
482,295,triage,succeeded,qwen3:14b,ollama-adapter-v2-no-thinking,taxonomy-v1-ollama-v4-json-schema,feed_card,1,0,2026-08-24T19:25:48.762536Z,2026-08-24T19:25:50.374747Z,1339,102,1601139112,0
483,296,triage,succeeded,qwen3:14b,ollama-adapter-v2-no-thinking,taxonomy-v1-ollama-v4-json-schema,feed_card,1,0,2026-08-24T19:25:50.392963Z,2026-08-24T19:25:52.549560Z,1346,141,2140600858,0
484,297,triage,succeeded,qwen3:14b,ollama-adapter-v2-no-thinking,taxonomy-v1-ollama-v4-json-schema,feed_card,1,0,2026-08-24T19:25:52.568801Z,2026-08-24T19:25:54.289972Z,1398,109,1708959556,0
485,298,triage,succeeded,qwen3:14b,ollama-adapter-v2-no-thinking,taxonomy-v1-ollama-v4-json-schema,feed_card,1,0,2026-08-24T19:25:54.310272Z,2026-08-24T19:25:56.047375Z,1335,112,1724295929,0
486,299,triage,succeeded,qwen3:14b,ollama-adapter-v2-no-thinking,taxonomy-v1-ollama-v4-json-schema,feed_card,1,0,2026-08-24T19:25:56.069529Z,2026-08-24T19:25:58.931180Z,1344,166,2501749937,0
487,300,triage,succeeded,qwen3:14b,ollama-adapter-v2-no-thinking,taxonomy-v1-ollama-v4-json-schema,feed_card,1,0,2026-08-24T19:25:58.986005Z,2026-08-24T19:26:00.735193Z,1395,110,1722342209,0
488,301,triage,succeeded,qwen3:14b,ollama-adapter-v2-no-thinking,taxonomy-v1-ollama-v4-json-schema,feed_card,1,0,2026-08-24T19:26:00.762290Z,2026-08-24T19:26:03.476347Z,1391,180,2699197218,0
489,302,triage,succeeded,qwen3:14b,ollama-adapter-v2-no-thinking,taxonomy-v1-ollama-v4-json-schema,feed_card,1,0,2026-08-24T19:26:03.496122Z,2026-08-24T19:26:05.135345Z,1391,102,1627104059,0
490,303,triage,succeeded,qwen3:14b,ollama-adapter-v2-no-thinking,taxonomy-v1-ollama-v4-json-schema,feed_card,1,0,2026-08-24T19:26:05.153213Z,2026-08-24T19:26:07.530408Z,1407,155,2362653303,0
491,304,triage,succeeded,qwen3:14b,ollama-adapter-v2-no-thinking,taxonomy-v1-ollama-v4-json-schema,feed_card,1,0,2026-08-24T19:26:07.548075Z,2026-08-24T19:26:09.341474Z,1400,114,1780940393,0
492,305,triage,succeeded,qwen3:14b,ollama-adapter-v2-no-thinking,taxonomy-v1-ollama-v4-json-schema,feed_card,1,0,2026-08-24T19:26:09.374076Z,2026-08-24T19:26:11.201833Z,1411,116,1815624546,0
493,306,triage,succeeded,qwen3:14b,ollama-adapter-v2-no-thinking,taxonomy-v1-ollama-v4-json-schema,feed_card,1,0,2026-08-24T19:26:11.221126Z,2026-08-24T19:26:13.564448Z,1388,154,2328767802,0
494,307,triage,succeeded,qwen3:14b,ollama-adapter-v2-no-thinking,taxonomy-v1-ollama-v4-json-schema,feed_card,1,0,2026-08-24T19:26:13.583598Z,2026-08-24T19:26:14.991087Z,1354,87,1396353129,0
495,308,triage,succeeded,qwen3:14b,ollama-adapter-v2-no-thinking,taxonomy-v1-ollama-v4-json-schema,feed_card,1,0,2026-08-24T19:26:15.008606Z,2026-08-24T19:26:16.794575Z,1364,114,1774987883,0
496,309,triage,succeeded,qwen3:14b,ollama-adapter-v2-no-thinking,taxonomy-v1-ollama-v4-json-schema,feed_card,1,0,2026-08-24T19:26:16.814079Z,2026-08-24T19:26:19.467920Z,1392,176,2639503652,0
497,310,triage,succeeded,qwen3:14b,ollama-adapter-v2-no-thinking,taxonomy-v1-ollama-v4-json-schema,feed_card,1,0,2026-08-24T19:26:19.485625Z,2026-08-24T19:26:21.309780Z,1345,117,1811991723,0
498,311,triage,succeeded,qwen3:14b,ollama-adapter-v2-no-thinking,taxonomy-v1-ollama-v4-json-schema,feed_card,1,0,2026-08-24T19:26:21.328643Z,2026-08-24T19:26:23.792441Z,1396,161,2448787715,0
499,312,triage,succeeded,qwen3:14b,ollama-adapter-v2-no-thinking,taxonomy-v1-ollama-v4-json-schema,feed_card,1,0,2026-08-24T19:26:23.811415Z,2026-08-24T19:26:25.441228Z,1379,102,1618121201,0
500,313,triage,succeeded,qwen3:14b,ollama-adapter-v2-no-thinking,taxonomy-v1-ollama-v4-json-schema,feed_card,1,0,2026-08-24T19:26:25.461201Z,2026-08-24T19:26:27.611805Z,1389,139,2138429158,0
501,314,triage,succeeded,qwen3:14b,ollama-adapter-v2-no-thinking,taxonomy-v1-ollama-v4-json-schema,feed_card,1,0,2026-08-24T19:26:27.640187Z,2026-08-24T19:26:29.289272Z,1332,105,1638178455,0
502,315,triage,succeeded,qwen3:14b,ollama-adapter-v2-no-thinking,taxonomy-v1-ollama-v4-json-schema,feed_card,1,0,2026-08-24T19:26:29.307678Z,2026-08-24T19:26:31.437673Z,1409,137,2116138165,0
503,316,triage,succeeded,qwen3:14b,ollama-adapter-v2-no-thinking,taxonomy-v1-ollama-v4-json-schema,feed_card,1,0,2026-08-24T19:26:31.460675Z,2026-08-24T19:26:33.032927Z,1338,98,1550061942,0
504,317,triage,succeeded,qwen3:14b,ollama-adapter-v2-no-thinking,taxonomy-v1-ollama-v4-json-schema,feed_card,1,0,2026-08-24T19:26:33.090773Z,2026-08-24T19:26:35.769593Z,1388,176,2646044973,0
505,318,triage,succeeded,qwen3:14b,ollama-adapter-v2-no-thinking,taxonomy-v1-ollama-v4-json-schema,feed_card,1,0,2026-08-24T19:26:35.787645Z,2026-08-24T19:26:37.664514Z,1377,118,1842790071,0
506,319,triage,succeeded,qwen3:14b,ollama-adapter-v2-no-thinking,taxonomy-v1-ollama-v4-json-schema,feed_card,1,0,2026-08-24T19:26:37.683120Z,2026-08-24T19:26:40.324510Z,1382,173,2613129629,0
507,320,triage,succeeded,qwen3:14b,ollama-adapter-v2-no-thinking,taxonomy-v1-ollama-v4-json-schema,feed_card,1,0,2026-08-24T19:26:40.356792Z,2026-08-24T19:26:42.129750Z,1409,111,1744172253,0
508,321,triage,succeeded,qwen3:14b,ollama-adapter-v2-no-thinking,taxonomy-v1-ollama-v4-json-schema,feed_card,1,0,2026-08-24T19:26:42.150545Z,2026-08-24T19:26:43.816186Z,1379,105,1653886538,0
509,322,triage,succeeded,qwen3:14b,ollama-adapter-v2-no-thinking,taxonomy-v1-ollama-v4-json-schema,feed_card,1,0,2026-08-24T19:26:43.833985Z,2026-08-24T19:26:45.634414Z,1419,114,1788024430,0
510,323,triage,succeeded,qwen3:14b,ollama-adapter-v2-no-thinking,taxonomy-v1-ollama-v4-json-schema,feed_card,1,0,2026-08-24T19:26:45.654155Z,2026-08-24T19:26:48.184996Z,1395,166,2516025716,0
511,324,triage,succeeded,qwen3:14b,ollama-adapter-v2-no-thinking,taxonomy-v1-ollama-v4-json-schema,feed_card,1,0,2026-08-24T19:26:48.204954Z,2026-08-24T19:26:49.917126Z,1392,108,1700269970,0
512,325,triage,succeeded,qwen3:14b,ollama-adapter-v2-no-thinking,taxonomy-v1-ollama-v4-json-schema,feed_card,1,0,2026-08-24T19:26:49.938691Z,2026-08-24T19:26:51.905159Z,1358,127,1955515301,0
513,326,triage,succeeded,qwen3:14b,ollama-adapter-v2-no-thinking,taxonomy-v1-ollama-v4-json-schema,feed_card,1,0,2026-08-24T19:26:51.924815Z,2026-08-24T19:26:53.716543Z,1371,113,1779837483,0
514,327,triage,succeeded,qwen3:14b,ollama-adapter-v2-no-thinking,taxonomy-v1-ollama-v4-json-schema,feed_card,1,0,2026-08-24T19:26:53.739991Z,2026-08-24T19:26:55.487790Z,1379,110,1735386498,0
515,328,triage,succeeded,qwen3:14b,ollama-adapter-v2-no-thinking,taxonomy-v1-ollama-v4-json-schema,feed_card,1,0,2026-08-24T19:26:55.507597Z,2026-08-24T19:26:57.521573Z,1393,130,2000651634,0
516,329,triage,succeeded,qwen3:14b,ollama-adapter-v2-no-thinking,taxonomy-v1-ollama-v4-json-schema,feed_card,1,0,2026-08-24T19:26:57.547265Z,2026-08-24T19:27:00.064152Z,1361,167,2501403115,0
517,330,triage,succeeded,qwen3:14b,ollama-adapter-v2-no-thinking,taxonomy-v1-ollama-v4-json-schema,feed_card,1,0,2026-08-24T19:27:00.102941Z,2026-08-24T19:27:02.086414Z,1363,127,1955998711,0
518,331,triage,succeeded,qwen3:14b,ollama-adapter-v2-no-thinking,taxonomy-v1-ollama-v4-json-schema,feed_card,1,0,2026-08-24T19:27:02.112602Z,2026-08-24T19:27:04.267965Z,1407,140,2143898247,0
519,332,triage,succeeded,qwen3:14b,ollama-adapter-v2-no-thinking,taxonomy-v1-ollama-v4-json-schema,feed_card,1,0,2026-08-24T19:27:04.303573Z,2026-08-24T19:27:06.072098Z,1344,111,1729047696,0
520,333,triage,succeeded,qwen3:14b,ollama-adapter-v2-no-thinking,taxonomy-v1-ollama-v4-json-schema,feed_card,1,0,2026-08-24T19:27:06.114060Z,2026-08-24T19:27:07.996294Z,1389,121,1869540100,0
521,334,triage,succeeded,qwen3:14b,ollama-adapter-v2-no-thinking,taxonomy-v1-ollama-v4-json-schema,feed_card,1,0,2026-08-24T19:27:08.018283Z,2026-08-24T19:27:09.395362Z,1330,85,1365604947,0
522,335,triage,succeeded,qwen3:14b,ollama-adapter-v2-no-thinking,taxonomy-v1-ollama-v4-json-schema,feed_card,1,0,2026-08-24T19:27:09.414910Z,2026-08-24T19:27:11.059409Z,1341,104,1632770490,0
523,336,triage,succeeded,qwen3:14b,ollama-adapter-v2-no-thinking,taxonomy-v1-ollama-v4-json-schema,feed_card,1,0,2026-08-24T19:27:11.082531Z,2026-08-24T19:27:13.602477Z,1369,166,2502406019,0
524,337,triage,succeeded,qwen3:14b,ollama-adapter-v2-no-thinking,taxonomy-v1-ollama-v4-json-schema,feed_card,1,0,2026-08-24T19:27:13.631945Z,2026-08-24T19:27:15.424380Z,1395,114,1780543303,0
525,338,triage,succeeded,qwen3:14b,ollama-adapter-v2-no-thinking,taxonomy-v1-ollama-v4-json-schema,feed_card,1,0,2026-08-24T19:27:15.446237Z,2026-08-24T19:27:17.285454Z,1346,116,1797592451,0
526,339,triage,succeeded,qwen3:14b,ollama-adapter-v2-no-thinking,taxonomy-v1-ollama-v4-json-schema,feed_card,1,0,2026-08-24T19:27:17.305137Z,2026-08-24T19:27:19.506110Z,1386,142,2175594319,0
527,340,triage,succeeded,qwen3:14b,ollama-adapter-v2-no-thinking,taxonomy-v1-ollama-v4-json-schema,feed_card,1,0,2026-08-24T19:27:19.525570Z,2026-08-24T19:27:22.628212Z,1392,206,3065155625,0
528,341,triage,succeeded,qwen3:14b,ollama-adapter-v2-no-thinking,taxonomy-v1-ollama-v4-json-schema,feed_card,1,0,2026-08-24T19:27:22.648219Z,2026-08-24T19:27:24.578952Z,1336,125,1915872542,0
529,342,triage,succeeded,qwen3:14b,ollama-adapter-v2-no-thinking,taxonomy-v1-ollama-v4-json-schema,feed_card,1,0,2026-08-24T19:27:24.597686Z,2026-08-24T19:27:25.894628Z,1335,79,1285376913,0
530,1,verification,succeeded,qwen3:8b,ollama-adapter-v2-no-thinking,taxonomy-v1-ollama-v4-json-schema,feed_card,1,0,2026-08-24T19:27:25.944270Z,2026-08-24T19:27:30.449322Z,1413,111,4484051098,0
531,2,verification,succeeded,qwen3:8b,ollama-adapter-v2-no-thinking,taxonomy-v1-ollama-v4-json-schema,feed_card,1,0,2026-08-24T19:27:30.470940Z,2026-08-24T19:27:32.007876Z,1384,154,1523670587,0
532,4,verification,succeeded,qwen3:8b,ollama-adapter-v2-no-thinking,taxonomy-v1-ollama-v4-json-schema,feed_card,1,0,2026-08-24T19:27:32.029111Z,2026-08-24T19:27:33.974520Z,1387,199,1929938617,0
533,7,verification,succeeded,qwen3:8b,ollama-adapter-v2-no-thinking,taxonomy-v1-ollama-v4-json-schema,feed_card,1,0,2026-08-24T19:27:33.995908Z,2026-08-24T19:27:35.290617Z,1383,121,1280732772,0
534,9,verification,succeeded,qwen3:8b,ollama-adapter-v2-no-thinking,taxonomy-v1-ollama-v4-json-schema,feed_card,1,0,2026-08-24T19:27:35.309312Z,2026-08-24T19:27:36.529456Z,1349,116,1206038148,0
535,10,verification,succeeded,qwen3:8b,ollama-adapter-v2-no-thinking,taxonomy-v1-ollama-v4-json-schema,feed_card,1,0,2026-08-24T19:27:36.551945Z,2026-08-24T19:27:38.186179Z,1400,165,1619399585,0
536,17,verification,succeeded,qwen3:8b,ollama-adapter-v2-no-thinking,taxonomy-v1-ollama-v4-json-schema,feed_card,1,0,2026-08-24T19:27:38.206416Z,2026-08-24T19:27:39.577004Z,1391,134,1355622499,0
537,18,verification,succeeded,qwen3:8b,ollama-adapter-v2-no-thinking,taxonomy-v1-ollama-v4-json-schema,feed_card,1,0,2026-08-24T19:27:39.598044Z,2026-08-24T19:27:41.136069Z,1384,154,1524898907,0
538,20,verification,succeeded,qwen3:8b,ollama-adapter-v2-no-thinking,taxonomy-v1-ollama-v4-json-schema,feed_card,1,0,2026-08-24T19:27:41.155686Z,2026-08-24T19:27:42.903843Z,1387,177,1732645316,0
539,26,verification,succeeded,qwen3:8b,ollama-adapter-v2-no-thinking,taxonomy-v1-ollama-v4-json-schema,feed_card,1,0,2026-08-24T19:27:42.923095Z,2026-08-24T19:27:44.220331Z,1364,127,1281054301,0
540,27,verification,succeeded,qwen3:8b,ollama-adapter-v2-no-thinking,taxonomy-v1-ollama-v4-json-schema,feed_card,1,0,2026-08-24T19:27:44.242088Z,2026-08-24T19:27:45.569466Z,1394,129,1312104069,0
541,28,verification,succeeded,qwen3:8b,ollama-adapter-v2-no-thinking,taxonomy-v1-ollama-v4-json-schema,feed_card,1,0,2026-08-24T19:27:45.588772Z,2026-08-24T19:27:47.160679Z,1390,158,1557917953,0
542,29,verification,succeeded,qwen3:8b,ollama-adapter-v2-no-thinking,taxonomy-v1-ollama-v4-json-schema,feed_card,1,0,2026-08-24T19:27:47.186813Z,2026-08-24T19:27:48.183262Z,1345,92,985380337,0
543,30,verification,succeeded,qwen3:8b,ollama-adapter-v2-no-thinking,taxonomy-v1-ollama-v4-json-schema,feed_card,1,0,2026-08-24T19:27:48.203667Z,2026-08-24T19:27:49.370880Z,1373,111,1151882959,0
544,32,verification,succeeded,qwen3:8b,ollama-adapter-v2-no-thinking,taxonomy-v1-ollama-v4-json-schema,feed_card,1,0,2026-08-24T19:27:49.391272Z,2026-08-24T19:27:50.750468Z,1400,131,1344551105,0
545,34,verification,succeeded,qwen3:8b,ollama-adapter-v2-no-thinking,taxonomy-v1-ollama-v4-json-schema,feed_card,1,0,2026-08-24T19:27:50.769298Z,2026-08-24T19:27:51.925900Z,1407,109,1144742708,0
546,37,verification,succeeded,qwen3:8b,ollama-adapter-v2-no-thinking,taxonomy-v1-ollama-v4-json-schema,feed_card,1,0,2026-08-24T19:27:51.944915Z,2026-08-24T19:27:53.388508Z,1406,139,1428896734,0
547,42,verification,succeeded,qwen3:8b,ollama-adapter-v2-no-thinking,taxonomy-v1-ollama-v4-json-schema,feed_card,1,0,2026-08-24T19:27:53.408195Z,2026-08-24T19:27:54.998574Z,1407,159,1575160977,0
548,47,verification,succeeded,qwen3:8b,ollama-adapter-v2-no-thinking,taxonomy-v1-ollama-v4-json-schema,feed_card,1,0,2026-08-24T19:27:55.034459Z,2026-08-24T19:27:56.639362Z,1420,157,1581877051,0
549,82,verification,succeeded,qwen3:8b,ollama-adapter-v2-no-thinking,taxonomy-v1-ollama-v4-json-schema,feed_card,1,0,2026-08-24T19:27:56.682800Z,2026-08-24T19:27:58.003163Z,1396,125,1268122665,0
550,84,verification,succeeded,qwen3:8b,ollama-adapter-v2-no-thinking,taxonomy-v1-ollama-v4-json-schema,feed_card,1,0,2026-08-24T19:27:58.046870Z,2026-08-24T19:28:00.495769Z,1390,257,2434139525,0
551,85,verification,succeeded,qwen3:8b,ollama-adapter-v2-no-thinking,taxonomy-v1-ollama-v4-json-schema,feed_card,1,0,2026-08-24T19:28:00.519794Z,2026-08-24T19:28:01.694201Z,1373,111,1159885875,0
552,87,verification,succeeded,qwen3:8b,ollama-adapter-v2-no-thinking,taxonomy-v1-ollama-v4-json-schema,feed_card,1,0,2026-08-24T19:28:01.716849Z,2026-08-24T19:28:03.184442Z,1376,144,1451439111,0
553,88,verification,succeeded,qwen3:8b,ollama-adapter-v2-no-thinking,taxonomy-v1-ollama-v4-json-schema,feed_card,1,0,2026-08-24T19:28:03.214220Z,2026-08-24T19:28:05.019180Z,1400,183,1789820689,0
554,89,verification,succeeded,qwen3:8b,ollama-adapter-v2-no-thinking,taxonomy-v1-ollama-v4-json-schema,feed_card,1,0,2026-08-24T19:28:05.038245Z,2026-08-24T19:28:06.645590Z,1392,162,1591308676,0
555,96,verification,succeeded,qwen3:8b,ollama-adapter-v2-no-thinking,taxonomy-v1-ollama-v4-json-schema,feed_card,1,0,2026-08-24T19:28:06.665637Z,2026-08-24T19:28:08.405200Z,1371,175,1723410654,0
556,108,verification,succeeded,qwen3:8b,ollama-adapter-v2-no-thinking,taxonomy-v1-ollama-v4-json-schema,feed_card,1,0,2026-08-24T19:28:08.433581Z,2026-08-24T19:28:09.903612Z,1385,145,1455618174,0
557,110,verification,succeeded,qwen3:8b,ollama-adapter-v2-no-thinking,taxonomy-v1-ollama-v4-json-schema,feed_card,1,0,2026-08-24T19:28:09.921570Z,2026-08-24T19:28:11.939500Z,1397,208,2002690646,0
558,111,verification,succeeded,qwen3:8b,ollama-adapter-v2-no-thinking,taxonomy-v1-ollama-v4-json-schema,feed_card,1,0,2026-08-24T19:28:11.958112Z,2026-08-24T19:28:13.738789Z,1384,179,1764886149,0
559,113,verification,succeeded,qwen3:8b,ollama-adapter-v2-no-thinking,taxonomy-v1-ollama-v4-json-schema,feed_card,1,0,2026-08-24T19:28:13.758589Z,2026-08-24T19:28:15.370505Z,1408,162,1592664170,0
560,115,verification,succeeded,qwen3:8b,ollama-adapter-v2-no-thinking,taxonomy-v1-ollama-v4-json-schema,feed_card,1,0,2026-08-24T19:28:15.392315Z,2026-08-24T19:28:17.182603Z,1405,183,1774377998,0
561,118,verification,succeeded,qwen3:8b,ollama-adapter-v2-no-thinking,taxonomy-v1-ollama-v4-json-schema,feed_card,1,0,2026-08-24T19:28:17.201295Z,2026-08-24T19:28:19.000087Z,1378,182,1773721489,0
562,120,verification,succeeded,qwen3:8b,ollama-adapter-v2-no-thinking,taxonomy-v1-ollama-v4-json-schema,feed_card,1,0,2026-08-24T19:28:19.022019Z,2026-08-24T19:28:20.675374Z,1384,164,1610296904,0
563,121,verification,succeeded,qwen3:8b,ollama-adapter-v2-no-thinking,taxonomy-v1-ollama-v4-json-schema,feed_card,1,0,2026-08-24T19:28:20.696540Z,2026-08-24T19:28:22.407410Z,1387,172,1688345346,0
564,122,verification,succeeded,qwen3:8b,ollama-adapter-v2-no-thinking,taxonomy-v1-ollama-v4-json-schema,feed_card,1,0,2026-08-24T19:28:22.446811Z,2026-08-24T19:28:23.859035Z,1402,137,1378501083,0
565,128,verification,succeeded,qwen3:8b,ollama-adapter-v2-no-thinking,taxonomy-v1-ollama-v4-json-schema,feed_card,1,0,2026-08-24T19:28:23.876067Z,2026-08-24T19:28:25.627491Z,1413,178,1734901519,0
566,131,verification,succeeded,qwen3:8b,ollama-adapter-v2-no-thinking,taxonomy-v1-ollama-v4-json-schema,feed_card,1,0,2026-08-24T19:28:25.648462Z,2026-08-24T19:28:27.230030Z,1377,158,1567269171,0
567,138,verification,succeeded,qwen3:8b,ollama-adapter-v2-no-thinking,taxonomy-v1-ollama-v4-json-schema,feed_card,1,0,2026-08-24T19:28:27.248938Z,2026-08-24T19:28:28.906121Z,1406,167,1643537641,0
568,139,verification,succeeded,qwen3:8b,ollama-adapter-v2-no-thinking,taxonomy-v1-ollama-v4-json-schema,feed_card,1,0,2026-08-24T19:28:28.929279Z,2026-08-24T19:28:30.904683Z,1406,201,1956441113,0
569,151,verification,succeeded,qwen3:8b,ollama-adapter-v2-no-thinking,taxonomy-v1-ollama-v4-json-schema,feed_card,1,0,2026-08-24T19:28:30.926715Z,2026-08-24T19:28:32.549138Z,1405,158,1607849213,0
570,155,verification,succeeded,qwen3:8b,ollama-adapter-v2-no-thinking,taxonomy-v1-ollama-v4-json-schema,feed_card,1,0,2026-08-24T19:28:32.572716Z,2026-08-24T19:28:34.201740Z,1366,162,1615104346,0
571,156,verification,succeeded,qwen3:8b,ollama-adapter-v2-no-thinking,taxonomy-v1-ollama-v4-json-schema,feed_card,1,0,2026-08-24T19:28:34.222411Z,2026-08-24T19:28:35.720643Z,1401,145,1482440423,0
572,168,verification,succeeded,qwen3:8b,ollama-adapter-v2-no-thinking,taxonomy-v1-ollama-v4-json-schema,feed_card,1,0,2026-08-24T19:28:35.741277Z,2026-08-24T19:28:37.260772Z,1360,151,1503872495,0
573,172,verification,succeeded,qwen3:8b,ollama-adapter-v2-no-thinking,taxonomy-v1-ollama-v4-json-schema,feed_card,1,0,2026-08-24T19:28:37.279392Z,2026-08-24T19:28:38.748920Z,1355,143,1453755962,0
574,177,verification,succeeded,qwen3:8b,ollama-adapter-v2-no-thinking,taxonomy-v1-ollama-v4-json-schema,feed_card,1,0,2026-08-24T19:28:38.770655Z,2026-08-24T19:28:40.848603Z,1387,213,2063180538,0
575,179,verification,succeeded,qwen3:8b,ollama-adapter-v2-no-thinking,taxonomy-v1-ollama-v4-json-schema,feed_card,1,0,2026-08-24T19:28:40.877062Z,2026-08-24T19:28:42.526716Z,1402,163,1634703585,0
576,180,verification,succeeded,qwen3:8b,ollama-adapter-v2-no-thinking,taxonomy-v1-ollama-v4-json-schema,feed_card,1,0,2026-08-24T19:28:42.546156Z,2026-08-24T19:28:44.204112Z,1408,166,1643481475,0
577,181,verification,succeeded,qwen3:8b,ollama-adapter-v2-no-thinking,taxonomy-v1-ollama-v4-json-schema,feed_card,1,0,2026-08-24T19:28:44.223036Z,2026-08-24T19:28:45.872242Z,1343,165,1624634406,0
578,188,verification,succeeded,qwen3:8b,ollama-adapter-v2-no-thinking,taxonomy-v1-ollama-v4-json-schema,feed_card,1,0,2026-08-24T19:28:45.917998Z,2026-08-24T19:28:47.384125Z,1386,143,1452983248,0
579,189,verification,succeeded,qwen3:8b,ollama-adapter-v2-no-thinking,taxonomy-v1-ollama-v4-json-schema,feed_card,1,0,2026-08-24T19:28:47.429802Z,2026-08-24T19:28:48.955760Z,1345,147,1474893228,0
580,191,verification,succeeded,qwen3:8b,ollama-adapter-v2-no-thinking,taxonomy-v1-ollama-v4-json-schema,feed_card,1,0,2026-08-24T19:28:48.987748Z,2026-08-24T19:28:50.771051Z,1384,175,1737720586,0
581,196,verification,succeeded,qwen3:8b,ollama-adapter-v2-no-thinking,taxonomy-v1-ollama-v4-json-schema,feed_card,1,0,2026-08-24T19:28:50.789585Z,2026-08-24T19:28:52.427366Z,1400,163,1623970802,0
582,197,verification,succeeded,qwen3:8b,ollama-adapter-v2-no-thinking,taxonomy-v1-ollama-v4-json-schema,feed_card,1,0,2026-08-24T19:28:52.445278Z,2026-08-24T19:28:54.020839Z,1358,155,1559106834,0
583,199,verification,succeeded,qwen3:8b,ollama-adapter-v2-no-thinking,taxonomy-v1-ollama-v4-json-schema,feed_card,1,0,2026-08-24T19:28:54.039847Z,2026-08-24T19:28:55.564613Z,1405,150,1507998522,0
584,203,verification,succeeded,qwen3:8b,ollama-adapter-v2-no-thinking,taxonomy-v1-ollama-v4-json-schema,feed_card,1,0,2026-08-24T19:28:55.582967Z,2026-08-24T19:28:56.700271Z,1388,104,1104973398,0
585,211,verification,succeeded,qwen3:8b,ollama-adapter-v2-no-thinking,taxonomy-v1-ollama-v4-json-schema,feed_card,1,0,2026-08-24T19:28:56.716971Z,2026-08-24T19:28:58.366356Z,1393,163,1635532150,0
586,212,verification,succeeded,qwen3:8b,ollama-adapter-v2-no-thinking,taxonomy-v1-ollama-v4-json-schema,feed_card,1,0,2026-08-24T19:28:58.383869Z,2026-08-24T19:29:00.096614Z,1405,170,1697395381,0
587,219,verification,succeeded,qwen3:8b,ollama-adapter-v2-no-thinking,taxonomy-v1-ollama-v4-json-schema,feed_card,1,0,2026-08-24T19:29:00.116323Z,2026-08-24T19:29:01.623706Z,1360,148,1492975794,0
588,221,verification,succeeded,qwen3:8b,ollama-adapter-v2-no-thinking,taxonomy-v1-ollama-v4-json-schema,feed_card,1,0,2026-08-24T19:29:01.641789Z,2026-08-24T19:29:03.347214Z,1400,172,1688864839,0
589,224,verification,succeeded,qwen3:8b,ollama-adapter-v2-no-thinking,taxonomy-v1-ollama-v4-json-schema,feed_card,1,0,2026-08-24T19:29:03.378397Z,2026-08-24T19:29:05.221711Z,1387,185,1828420688,0
590,233,verification,succeeded,qwen3:8b,ollama-adapter-v2-no-thinking,taxonomy-v1-ollama-v4-json-schema,feed_card,1,0,2026-08-24T19:29:05.243306Z,2026-08-24T19:29:06.935329Z,1367,167,1639971789,0
591,236,verification,succeeded,qwen3:8b,ollama-adapter-v2-no-thinking,taxonomy-v1-ollama-v4-json-schema,feed_card,1,0,2026-08-24T19:29:06.992246Z,2026-08-24T19:29:08.775749Z,1399,180,1767559244,0
592,240,verification,succeeded,qwen3:8b,ollama-adapter-v2-no-thinking,taxonomy-v1-ollama-v4-json-schema,feed_card,1,0,2026-08-24T19:29:08.802652Z,2026-08-24T19:29:10.501755Z,1392,172,1685192631,0
593,249,verification,succeeded,qwen3:8b,ollama-adapter-v2-no-thinking,taxonomy-v1-ollama-v4-json-schema,feed_card,1,0,2026-08-24T19:29:10.520178Z,2026-08-24T19:29:11.963826Z,1351,141,1426769790,0
594,253,verification,succeeded,qwen3:8b,ollama-adapter-v2-no-thinking,taxonomy-v1-ollama-v4-json-schema,feed_card,1,0,2026-08-24T19:29:11.983547Z,2026-08-24T19:29:13.472063Z,1420,144,1471955725,0
595,259,verification,succeeded,qwen3:8b,ollama-adapter-v2-no-thinking,taxonomy-v1-ollama-v4-json-schema,feed_card,1,0,2026-08-24T19:29:13.493929Z,2026-08-24T19:29:15.010241Z,1384,149,1501104830,0
596,263,verification,succeeded,qwen3:8b,ollama-adapter-v2-no-thinking,taxonomy-v1-ollama-v4-json-schema,feed_card,1,0,2026-08-24T19:29:15.038766Z,2026-08-24T19:29:16.549540Z,1359,151,1495997024,0
597,265,verification,succeeded,qwen3:8b,ollama-adapter-v2-no-thinking,taxonomy-v1-ollama-v4-json-schema,feed_card,1,0,2026-08-24T19:29:16.570372Z,2026-08-24T19:29:18.097830Z,1398,153,1513562596,0
598,268,verification,succeeded,qwen3:8b,ollama-adapter-v2-no-thinking,taxonomy-v1-ollama-v4-json-schema,feed_card,1,0,2026-08-24T19:29:18.116975Z,2026-08-24T19:29:19.648349Z,1388,152,1516914659,0
599,269,verification,succeeded,qwen3:8b,ollama-adapter-v2-no-thinking,taxonomy-v1-ollama-v4-json-schema,feed_card,1,0,2026-08-24T19:29:19.668881Z,2026-08-24T19:29:21.421454Z,1409,179,1735938242,0
600,271,verification,succeeded,qwen3:8b,ollama-adapter-v2-no-thinking,taxonomy-v1-ollama-v4-json-schema,feed_card,1,0,2026-08-24T19:29:21.453433Z,2026-08-24T19:29:22.778207Z,1352,129,1313633496,0
601,279,verification,succeeded,qwen3:8b,ollama-adapter-v2-no-thinking,taxonomy-v1-ollama-v4-json-schema,feed_card,1,0,2026-08-24T19:29:22.796924Z,2026-08-24T19:29:24.493143Z,1360,171,1681052488,0
602,281,verification,succeeded,qwen3:8b,ollama-adapter-v2-no-thinking,taxonomy-v1-ollama-v4-json-schema,feed_card,1,0,2026-08-24T19:29:24.512277Z,2026-08-24T19:29:26.140644Z,1363,165,1614365301,0
603,282,verification,succeeded,qwen3:8b,ollama-adapter-v2-no-thinking,taxonomy-v1-ollama-v4-json-schema,feed_card,1,0,2026-08-24T19:29:26.161395Z,2026-08-24T19:29:27.451284Z,1393,125,1273820429,0
604,287,verification,succeeded,qwen3:8b,ollama-adapter-v2-no-thinking,taxonomy-v1-ollama-v4-json-schema,feed_card,1,0,2026-08-24T19:29:27.470325Z,2026-08-24T19:29:29.015783Z,1354,154,1531159206,0
605,296,verification,succeeded,qwen3:8b,ollama-adapter-v2-no-thinking,taxonomy-v1-ollama-v4-json-schema,feed_card,1,0,2026-08-24T19:29:29.035543Z,2026-08-24T19:29:30.388865Z,1346,132,1339575571,0
606,299,verification,succeeded,qwen3:8b,ollama-adapter-v2-no-thinking,taxonomy-v1-ollama-v4-json-schema,feed_card,1,0,2026-08-24T19:29:30.406001Z,2026-08-24T19:29:31.778136Z,1344,134,1356066014,0
607,301,verification,succeeded,qwen3:8b,ollama-adapter-v2-no-thinking,taxonomy-v1-ollama-v4-json-schema,feed_card,1,0,2026-08-24T19:29:31.796888Z,2026-08-24T19:29:33.803833Z,1391,208,1990554949,0
608,303,verification,succeeded,qwen3:8b,ollama-adapter-v2-no-thinking,taxonomy-v1-ollama-v4-json-schema,feed_card,1,0,2026-08-24T19:29:33.825017Z,2026-08-24T19:29:35.364198Z,1407,152,1512629637,0
609,306,verification,succeeded,qwen3:8b,ollama-adapter-v2-no-thinking,taxonomy-v1-ollama-v4-json-schema,feed_card,1,0,2026-08-24T19:29:35.383709Z,2026-08-24T19:29:37.003281Z,1388,161,1605043327,0
610,309,verification,succeeded,qwen3:8b,ollama-adapter-v2-no-thinking,taxonomy-v1-ollama-v4-json-schema,feed_card,1,0,2026-08-24T19:29:37.023768Z,2026-08-24T19:29:38.824458Z,1392,184,1784647776,0
611,311,verification,succeeded,qwen3:8b,ollama-adapter-v2-no-thinking,taxonomy-v1-ollama-v4-json-schema,feed_card,1,0,2026-08-24T19:29:38.844359Z,2026-08-24T19:29:40.478301Z,1396,165,1618455278,0
612,315,verification,succeeded,qwen3:8b,ollama-adapter-v2-no-thinking,taxonomy-v1-ollama-v4-json-schema,feed_card,1,0,2026-08-24T19:29:40.496966Z,2026-08-24T19:29:41.708353Z,1409,116,1197137210,0
613,317,verification,succeeded,qwen3:8b,ollama-adapter-v2-no-thinking,taxonomy-v1-ollama-v4-json-schema,feed_card,1,0,2026-08-24T19:29:41.737231Z,2026-08-24T19:29:43.123743Z,1388,135,1361690542,0
614,319,verification,succeeded,qwen3:8b,ollama-adapter-v2-no-thinking,taxonomy-v1-ollama-v4-json-schema,feed_card,1,0,2026-08-24T19:29:43.193674Z,2026-08-24T19:29:44.998329Z,1382,186,1789261517,0
615,323,verification,succeeded,qwen3:8b,ollama-adapter-v2-no-thinking,taxonomy-v1-ollama-v4-json-schema,feed_card,1,0,2026-08-24T19:29:45.071172Z,2026-08-24T19:29:46.051481Z,1395,90,969031692,0
616,329,verification,succeeded,qwen3:8b,ollama-adapter-v2-no-thinking,taxonomy-v1-ollama-v4-json-schema,feed_card,1,0,2026-08-24T19:29:46.098412Z,2026-08-24T19:29:47.490707Z,1361,138,1377689620,0
617,336,verification,succeeded,qwen3:8b,ollama-adapter-v2-no-thinking,taxonomy-v1-ollama-v4-json-schema,feed_card,1,0,2026-08-24T19:29:47.520925Z,2026-08-24T19:29:48.844137Z,1369,130,1308225173,0
618,339,verification,succeeded,qwen3:8b,ollama-adapter-v2-no-thinking,taxonomy-v1-ollama-v4-json-schema,feed_card,1,0,2026-08-24T19:29:48.875870Z,2026-08-24T19:29:50.202424Z,1386,129,1310225193,0
619,340,verification,succeeded,qwen3:8b,ollama-adapter-v2-no-thinking,taxonomy-v1-ollama-v4-json-schema,feed_card,1,0,2026-08-24T19:29:50.221518Z,2026-08-24T19:29:51.815901Z,1392,160,1580466678,0
620,341,verification,succeeded,qwen3:8b,ollama-adapter-v2-no-thinking,taxonomy-v1-ollama-v4-json-schema,feed_card,1,0,2026-08-24T19:29:51.836188Z,2026-08-24T19:29:53.240472Z,1336,140,1388502938,0
621,340,triage,succeeded,qwen3:14b,ollama-adapter-v2-no-thinking,taxonomy-v1-ollama-v5-saas-guardrail,feed_card,1,0,2026-08-24T20:03:27.517261Z,2026-08-24T20:03:34.122601Z,1742,151,6590898860,0
622,340,triage,succeeded,qwen3:14b,ollama-adapter-v2-no-thinking,taxonomy-v1-ollama-v6-saas-guardrail,feed_card,1,0,2026-08-24T20:06:06.629872Z,2026-08-24T20:06:09.578946Z,1748,163,2931609659,0
623,340,verification,succeeded,qwen3:8b,ollama-adapter-v2-no-thinking,taxonomy-v1-ollama-v6-saas-guardrail,feed_card,1,0,2026-08-24T20:06:09.623431Z,2026-08-24T20:06:14.467612Z,1748,134,4822505899,0
624,481,triage,succeeded,qwen3:14b,ollama-adapter-v2-no-thinking,taxonomy-v1-ollama-v6-saas-guardrail,feed_card,1,0,2026-08-24T20:38:25.423849Z,2026-08-24T20:38:31.958048Z,1734,158,6515579464,0
625,482,triage,succeeded,qwen3:14b,ollama-adapter-v2-no-thinking,taxonomy-v1-ollama-v6-saas-guardrail,feed_card,1,0,2026-08-24T20:38:31.976971Z,2026-08-24T20:38:33.889090Z,1766,119,1899225081,0
626,483,triage,succeeded,qwen3:14b,ollama-adapter-v2-no-thinking,taxonomy-v1-ollama-v6-saas-guardrail,feed_card,1,0,2026-08-24T20:38:33.907575Z,2026-08-24T20:38:36.069004Z,1698,137,2148073904,0
627,484,triage,succeeded,qwen3:14b,ollama-adapter-v2-no-thinking,taxonomy-v1-ollama-v6-saas-guardrail,feed_card,1,0,2026-08-24T20:38:36.090607Z,2026-08-24T20:38:37.798824Z,1780,102,1683498090,0
628,485,triage,succeeded,qwen3:14b,ollama-adapter-v2-no-thinking,taxonomy-v1-ollama-v6-saas-guardrail,feed_card,1,0,2026-08-24T20:38:37.832573Z,2026-08-24T20:38:39.749923Z,1738,120,1902647571,0
629,481,verification,succeeded,qwen3:8b,ollama-adapter-v2-no-thinking,taxonomy-v1-ollama-v6-saas-guardrail,feed_card,1,0,2026-08-24T20:38:39.825942Z,2026-08-24T20:38:44.705483Z,1734,133,4862395967,0
630,486,triage,succeeded,qwen3:14b,ollama-adapter-v2-no-thinking,taxonomy-v1-ollama-v6-saas-guardrail,feed_card,1,0,2026-08-24T21:10:05.169423Z,2026-08-24T21:10:12.129863Z,1759,172,6942838389,0
631,487,triage,succeeded,qwen3:14b,ollama-adapter-v2-no-thinking,taxonomy-v1-ollama-v6-saas-guardrail,feed_card,1,0,2026-08-24T21:10:12.149603Z,2026-08-24T21:10:13.607837Z,1688,88,1444470855,0
632,488,triage,succeeded,qwen3:14b,ollama-adapter-v2-no-thinking,taxonomy-v1-ollama-v6-saas-guardrail,feed_card,1,0,2026-08-24T21:10:13.639058Z,2026-08-24T21:10:15.791621Z,1783,136,2138820894,0
633,489,triage,succeeded,qwen3:14b,ollama-adapter-v2-no-thinking,taxonomy-v1-ollama-v6-saas-guardrail,feed_card,1,0,2026-08-24T21:10:15.811311Z,2026-08-24T21:10:17.588309Z,1704,109,1762752250,0
634,490,triage,succeeded,qwen3:14b,ollama-adapter-v2-no-thinking,taxonomy-v1-ollama-v6-saas-guardrail,feed_card,1,0,2026-08-24T21:10:17.606979Z,2026-08-24T21:10:19.810691Z,1749,140,2189623038,0
635,491,triage,succeeded,qwen3:14b,ollama-adapter-v2-no-thinking,taxonomy-v1-ollama-v6-saas-guardrail,feed_card,1,0,2026-08-24T21:10:19.829315Z,2026-08-24T21:10:21.562350Z,1737,108,1718607258,0
636,492,triage,succeeded,qwen3:14b,ollama-adapter-v2-no-thinking,taxonomy-v1-ollama-v6-saas-guardrail,feed_card,1,0,2026-08-24T21:10:21.582800Z,2026-08-24T21:10:23.402406Z,1772,113,1805637405,0
637,493,triage,succeeded,qwen3:14b,ollama-adapter-v2-no-thinking,taxonomy-v1-ollama-v6-saas-guardrail,feed_card,1,0,2026-08-24T21:10:23.423400Z,2026-08-24T21:10:25.682856Z,1756,144,2241351098,0
638,494,triage,succeeded,qwen3:14b,ollama-adapter-v2-no-thinking,taxonomy-v1-ollama-v6-saas-guardrail,feed_card,1,0,2026-08-24T21:10:25.701047Z,2026-08-24T21:10:27.451080Z,1693,108,1736283110,0
639,495,triage,succeeded,qwen3:14b,ollama-adapter-v2-no-thinking,taxonomy-v1-ollama-v6-saas-guardrail,feed_card,1,0,2026-08-24T21:10:27.472847Z,2026-08-24T21:10:29.132380Z,1689,104,1644950131,0
640,486,verification,succeeded,qwen3:8b,ollama-adapter-v2-no-thinking,taxonomy-v1-ollama-v6-saas-guardrail,feed_card,1,0,2026-08-24T21:10:29.168227Z,2026-08-24T21:10:33.989680Z,1759,129,4807736993,0
641,493,verification,succeeded,qwen3:8b,ollama-adapter-v2-no-thinking,taxonomy-v1-ollama-v6-saas-guardrail,feed_card,1,0,2026-08-24T21:10:34.008910Z,2026-08-24T21:10:35.618655Z,1756,160,1589169330,0
642,402,triage,succeeded,qwen3:14b,ollama-adapter-v2-no-thinking,taxonomy-v1-ollama-v7-saas-guardrail,feed_card,1,0,2026-08-25T01:18:54.141329Z,2026-08-25T01:19:01.718999Z,1920,178,7560224996,0
643,402,verification,succeeded,qwen3:8b,ollama-adapter-v2-no-thinking,taxonomy-v1-ollama-v7-saas-guardrail,feed_card,1,0,2026-08-25T01:19:01.750723Z,2026-08-25T01:19:07.227054Z,1920,204,5460196011,0
644,496,triage,succeeded,qwen3:14b,ollama-adapter-v2-no-thinking,taxonomy-v1-ollama-v7-saas-guardrail,feed_card,1,0,2026-08-25T03:25:25.417143Z,2026-08-25T03:25:32.330752Z,1908,167,6894663395,0
645,497,triage,succeeded,qwen3:14b,ollama-adapter-v2-no-thinking,taxonomy-v1-ollama-v7-saas-guardrail,feed_card,1,0,2026-08-25T03:25:32.350246Z,2026-08-25T03:25:34.219066Z,1888,117,1854859395,0
646,498,triage,succeeded,qwen3:14b,ollama-adapter-v2-no-thinking,taxonomy-v1-ollama-v7-saas-guardrail,feed_card,1,0,2026-08-25T03:25:34.238778Z,2026-08-25T03:25:36.103135Z,1929,117,1850838559,0
647,499,triage,succeeded,qwen3:14b,ollama-adapter-v2-no-thinking,taxonomy-v1-ollama-v7-saas-guardrail,feed_card,1,0,2026-08-25T03:25:36.122955Z,2026-08-25T03:25:38.241269Z,1915,134,2099914160,0
648,500,triage,succeeded,qwen3:14b,ollama-adapter-v2-no-thinking,taxonomy-v1-ollama-v7-saas-guardrail,feed_card,1,0,2026-08-25T03:25:38.262630Z,2026-08-25T03:25:39.997073Z,1882,108,1718928741,0
649,501,triage,succeeded,qwen3:14b,ollama-adapter-v2-no-thinking,taxonomy-v1-ollama-v7-saas-guardrail,feed_card,1,0,2026-08-25T03:25:40.017006Z,2026-08-25T03:25:42.052088Z,1910,130,2018588227,0
650,502,triage,succeeded,qwen3:14b,ollama-adapter-v2-no-thinking,taxonomy-v1-ollama-v7-saas-guardrail,feed_card,1,0,2026-08-25T03:25:42.072952Z,2026-08-25T03:25:44.067665Z,1906,127,1981241237,0
651,503,triage,succeeded,qwen3:14b,ollama-adapter-v2-no-thinking,taxonomy-v1-ollama-v7-saas-guardrail,feed_card,1,0,2026-08-25T03:25:44.089759Z,2026-08-25T03:25:46.072356Z,1918,126,1967881243,0
652,504,triage,succeeded,qwen3:14b,ollama-adapter-v2-no-thinking,taxonomy-v1-ollama-v7-saas-guardrail,feed_card,1,0,2026-08-25T03:25:46.090628Z,2026-08-25T03:25:47.999046Z,1877,122,1895510806,0
653,505,triage,succeeded,qwen3:14b,ollama-adapter-v2-no-thinking,taxonomy-v1-ollama-v7-saas-guardrail,feed_card,1,0,2026-08-25T03:25:48.021596Z,2026-08-25T03:25:50.721340Z,1946,176,2682711110,0
654,506,triage,succeeded,qwen3:14b,ollama-adapter-v2-no-thinking,taxonomy-v1-ollama-v7-saas-guardrail,feed_card,1,0,2026-08-25T03:25:50.741558Z,2026-08-25T03:25:52.915979Z,1918,139,2159452158,0
655,507,triage,succeeded,qwen3:14b,ollama-adapter-v2-no-thinking,taxonomy-v1-ollama-v7-saas-guardrail,feed_card,1,0,2026-08-25T03:25:52.936788Z,2026-08-25T03:25:55.236881Z,1926,147,2283231832,0
656,508,triage,succeeded,qwen3:14b,ollama-adapter-v2-no-thinking,taxonomy-v1-ollama-v7-saas-guardrail,feed_card,1,0,2026-08-25T03:25:55.257847Z,2026-08-25T03:25:57.130415Z,1951,117,1858955682,0
657,509,triage,succeeded,qwen3:14b,ollama-adapter-v2-no-thinking,taxonomy-v1-ollama-v7-saas-guardrail,feed_card,1,0,2026-08-25T03:25:57.151480Z,2026-08-25T03:25:59.419760Z,1941,145,2251019073,0
658,510,triage,succeeded,qwen3:14b,ollama-adapter-v2-no-thinking,taxonomy-v1-ollama-v7-saas-guardrail,feed_card,1,0,2026-08-25T03:25:59.437776Z,2026-08-25T03:26:01.102809Z,1940,103,1651413481,0
659,511,triage,succeeded,qwen3:14b,ollama-adapter-v2-no-thinking,taxonomy-v1-ollama-v7-saas-guardrail,feed_card,1,0,2026-08-25T03:26:01.122449Z,2026-08-25T03:26:02.758172Z,1879,102,1621987673,0
660,512,triage,succeeded,qwen3:14b,ollama-adapter-v2-no-thinking,taxonomy-v1-ollama-v7-saas-guardrail,feed_card,1,0,2026-08-25T03:26:02.777889Z,2026-08-25T03:26:04.496180Z,1877,109,1704533199,0
661,513,triage,succeeded,qwen3:14b,ollama-adapter-v2-no-thinking,taxonomy-v1-ollama-v7-saas-guardrail,feed_card,1,0,2026-08-25T03:26:04.529925Z,2026-08-25T03:26:06.365573Z,1874,116,1821714008,0
662,514,triage,succeeded,qwen3:14b,ollama-adapter-v2-no-thinking,taxonomy-v1-ollama-v7-saas-guardrail,feed_card,1,0,2026-08-25T03:26:06.385064Z,2026-08-25T03:26:08.717297Z,1956,150,2312329279,0
663,515,triage,succeeded,qwen3:14b,ollama-adapter-v2-no-thinking,taxonomy-v1-ollama-v7-saas-guardrail,feed_card,1,0,2026-08-25T03:26:08.737423Z,2026-08-25T03:26:10.567878Z,1870,116,1814736317,0
664,516,triage,succeeded,qwen3:14b,ollama-adapter-v2-no-thinking,taxonomy-v1-ollama-v7-saas-guardrail,feed_card,1,0,2026-08-25T03:26:10.588238Z,2026-08-25T03:26:12.391454Z,1907,113,1789990541,0
665,517,triage,succeeded,qwen3:14b,ollama-adapter-v2-no-thinking,taxonomy-v1-ollama-v7-saas-guardrail,feed_card,1,0,2026-08-25T03:26:12.411717Z,2026-08-25T03:26:14.478807Z,1898,133,2051872499,0
666,518,triage,succeeded,qwen3:14b,ollama-adapter-v2-no-thinking,taxonomy-v1-ollama-v7-saas-guardrail,feed_card,1,0,2026-08-25T03:26:14.501627Z,2026-08-25T03:26:16.239293Z,1876,109,1723395823,0
667,519,triage,succeeded,qwen3:14b,ollama-adapter-v2-no-thinking,taxonomy-v1-ollama-v7-saas-guardrail,feed_card,1,0,2026-08-25T03:26:16.260019Z,2026-08-25T03:26:18.463046Z,1964,140,2186827103,0
668,520,triage,succeeded,qwen3:14b,ollama-adapter-v2-no-thinking,taxonomy-v1-ollama-v7-saas-guardrail,feed_card,1,0,2026-08-25T03:26:18.489932Z,2026-08-25T03:26:20.311747Z,1895,115,1809028261,0
669,496,verification,succeeded,qwen3:8b,ollama-adapter-v2-no-thinking,taxonomy-v1-ollama-v7-saas-guardrail,feed_card,1,0,2026-08-25T03:26:20.349588Z,2026-08-25T03:26:25.674962Z,1908,182,5290255637,0
670,499,verification,succeeded,qwen3:8b,ollama-adapter-v2-no-thinking,taxonomy-v1-ollama-v7-saas-guardrail,feed_card,1,0,2026-08-25T03:26:25.709301Z,2026-08-25T03:26:27.303411Z,1915,155,1557841430,0
671,501,verification,succeeded,qwen3:8b,ollama-adapter-v2-no-thinking,taxonomy-v1-ollama-v7-saas-guardrail,feed_card,1,0,2026-08-25T03:26:27.339374Z,2026-08-25T03:26:28.692870Z,1910,128,1305313438,0
672,505,verification,succeeded,qwen3:8b,ollama-adapter-v2-no-thinking,taxonomy-v1-ollama-v7-saas-guardrail,feed_card,1,0,2026-08-25T03:26:28.739536Z,2026-08-25T03:26:29.954994Z,1946,114,1188673412,0
673,507,verification,succeeded,qwen3:8b,ollama-adapter-v2-no-thinking,taxonomy-v1-ollama-v7-saas-guardrail,feed_card,1,0,2026-08-25T03:26:30.004437Z,2026-08-25T03:26:31.357098Z,1926,131,1332910299,0
674,509,verification,succeeded,qwen3:8b,ollama-adapter-v2-no-thinking,taxonomy-v1-ollama-v7-saas-guardrail,feed_card,1,0,2026-08-25T03:26:31.377144Z,2026-08-25T03:26:32.867768Z,1941,147,1475734365,0
675,514,verification,succeeded,qwen3:8b,ollama-adapter-v2-no-thinking,taxonomy-v1-ollama-v7-saas-guardrail,feed_card,1,0,2026-08-25T03:26:32.887943Z,2026-08-25T03:26:34.291949Z,1956,138,1389660849,0
676,521,triage,succeeded,qwen3:14b,ollama-adapter-v2-no-thinking,taxonomy-v1-ollama-v7-saas-guardrail,feed_card,1,0,2026-08-25T03:57:11.731711Z,2026-08-25T03:57:17.952670Z,1925,118,6205553679,0
677,522,triage,succeeded,qwen3:14b,ollama-adapter-v2-no-thinking,taxonomy-v1-ollama-v7-saas-guardrail,feed_card,1,0,2026-08-25T03:57:17.974879Z,2026-08-25T03:57:19.701208Z,1890,105,1711370108,0
678,523,triage,succeeded,qwen3:14b,ollama-adapter-v2-no-thinking,taxonomy-v1-ollama-v7-saas-guardrail,feed_card,1,0,2026-08-25T03:57:19.722203Z,2026-08-25T03:57:21.839544Z,1922,135,2101553792,0
679,524,triage,succeeded,qwen3:14b,ollama-adapter-v2-no-thinking,taxonomy-v1-ollama-v7-saas-guardrail,feed_card,1,0,2026-08-25T03:57:21.876109Z,2026-08-25T03:57:24.771511Z,1924,192,2878234981,0
680,525,triage,succeeded,qwen3:14b,ollama-adapter-v2-no-thinking,taxonomy-v1-ollama-v7-saas-guardrail,feed_card,1,0,2026-08-25T03:57:24.792084Z,2026-08-25T03:57:27.343087Z,1927,167,2533788222,0
681,526,triage,succeeded,qwen3:14b,ollama-adapter-v2-no-thinking,taxonomy-v1-ollama-v7-saas-guardrail,feed_card,1,0,2026-08-25T03:57:27.362075Z,2026-08-25T03:57:29.379892Z,1917,128,1998902766,0
682,527,triage,succeeded,qwen3:14b,ollama-adapter-v2-no-thinking,taxonomy-v1-ollama-v7-saas-guardrail,feed_card,1,0,2026-08-25T03:57:29.404748Z,2026-08-25T03:57:31.338349Z,1888,123,1917888316,0
683,528,triage,succeeded,qwen3:14b,ollama-adapter-v2-no-thinking,taxonomy-v1-ollama-v7-saas-guardrail,feed_card,1,0,2026-08-25T03:57:31.360812Z,2026-08-25T03:57:33.302323Z,1889,124,1927324461,0
684,529,triage,succeeded,qwen3:14b,ollama-adapter-v2-no-thinking,taxonomy-v1-ollama-v7-saas-guardrail,feed_card,1,0,2026-08-25T03:57:33.323928Z,2026-08-25T03:57:35.689682Z,1942,153,2347855421,0
685,530,triage,succeeded,qwen3:14b,ollama-adapter-v2-no-thinking,taxonomy-v1-ollama-v7-saas-guardrail,feed_card,1,0,2026-08-25T03:57:35.712800Z,2026-08-25T03:57:38.483953Z,1929,182,2750712216,0
686,531,triage,succeeded,qwen3:14b,ollama-adapter-v2-no-thinking,taxonomy-v1-ollama-v7-saas-guardrail,feed_card,1,0,2026-08-25T03:57:38.505342Z,2026-08-25T03:57:40.191812Z,1891,106,1672146150,0
687,532,triage,succeeded,qwen3:14b,ollama-adapter-v2-no-thinking,taxonomy-v1-ollama-v7-saas-guardrail,feed_card,1,0,2026-08-25T03:57:40.213930Z,2026-08-25T03:57:42.203238Z,1874,126,1972002362,0
688,533,triage,succeeded,qwen3:14b,ollama-adapter-v2-no-thinking,taxonomy-v1-ollama-v7-saas-guardrail,feed_card,1,0,2026-08-25T03:57:42.224101Z,2026-08-25T03:57:43.851738Z,1893,100,1611694340,0
689,534,triage,succeeded,qwen3:14b,ollama-adapter-v2-no-thinking,taxonomy-v1-ollama-v7-saas-guardrail,feed_card,1,0,2026-08-25T03:57:43.874483Z,2026-08-25T03:57:46.038156Z,1907,140,2148287808,0
690,535,triage,succeeded,qwen3:14b,ollama-adapter-v2-no-thinking,taxonomy-v1-ollama-v7-saas-guardrail,feed_card,1,0,2026-08-25T03:57:46.066972Z,2026-08-25T03:57:48.612375Z,1911,166,2527731391,0
691,536,triage,succeeded,qwen3:14b,ollama-adapter-v2-no-thinking,taxonomy-v1-ollama-v7-saas-guardrail,feed_card,1,0,2026-08-25T03:57:48.634325Z,2026-08-25T03:57:50.545384Z,1918,121,1896514123,0
692,537,triage,succeeded,qwen3:14b,ollama-adapter-v2-no-thinking,taxonomy-v1-ollama-v7-saas-guardrail,feed_card,1,0,2026-08-25T03:57:50.568799Z,2026-08-25T03:57:52.359482Z,1874,113,1775831828,0
693,538,triage,succeeded,qwen3:14b,ollama-adapter-v2-no-thinking,taxonomy-v1-ollama-v7-saas-guardrail,feed_card,1,0,2026-08-25T03:57:52.383913Z,2026-08-25T03:57:54.075925Z,1880,105,1678400309,0
694,539,triage,succeeded,qwen3:14b,ollama-adapter-v2-no-thinking,taxonomy-v1-ollama-v7-saas-guardrail,feed_card,1,0,2026-08-25T03:57:54.096530Z,2026-08-25T03:57:56.680633Z,1923,168,2566501473,0
695,540,triage,succeeded,qwen3:14b,ollama-adapter-v2-no-thinking,taxonomy-v1-ollama-v7-saas-guardrail,feed_card,1,0,2026-08-25T03:57:56.702503Z,2026-08-25T03:57:58.699009Z,1898,126,1979260676,0
696,541,triage,succeeded,qwen3:14b,ollama-adapter-v2-no-thinking,taxonomy-v1-ollama-v7-saas-guardrail,feed_card,1,0,2026-08-25T03:57:58.732480Z,2026-08-25T03:58:00.972253Z,1940,142,2223077843,0
697,524,verification,succeeded,qwen3:8b,ollama-adapter-v2-no-thinking,taxonomy-v1-ollama-v7-saas-guardrail,feed_card,1,0,2026-08-25T03:58:01.010957Z,2026-08-25T03:58:05.866271Z,1924,132,4840791159,0
698,525,verification,succeeded,qwen3:8b,ollama-adapter-v2-no-thinking,taxonomy-v1-ollama-v7-saas-guardrail,feed_card,1,0,2026-08-25T03:58:05.898652Z,2026-08-25T03:58:07.196434Z,1927,125,1283185570,0
699,526,verification,succeeded,qwen3:8b,ollama-adapter-v2-no-thinking,taxonomy-v1-ollama-v7-saas-guardrail,feed_card,1,0,2026-08-25T03:58:07.244449Z,2026-08-25T03:58:08.663476Z,1917,138,1401032289,0
700,529,verification,succeeded,qwen3:8b,ollama-adapter-v2-no-thinking,taxonomy-v1-ollama-v7-saas-guardrail,feed_card,1,0,2026-08-25T03:58:08.686672Z,2026-08-25T03:58:10.018198Z,1942,128,1315994912,0
701,530,verification,succeeded,qwen3:8b,ollama-adapter-v2-no-thinking,taxonomy-v1-ollama-v7-saas-guardrail,feed_card,1,0,2026-08-25T03:58:10.038993Z,2026-08-25T03:58:11.436747Z,1929,137,1379892945,0
702,535,verification,succeeded,qwen3:8b,ollama-adapter-v2-no-thinking,taxonomy-v1-ollama-v7-saas-guardrail,feed_card,1,0,2026-08-25T03:58:11.459501Z,2026-08-25T03:58:13.078326Z,1911,164,1603647085,0
703,539,verification,succeeded,qwen3:8b,ollama-adapter-v2-no-thinking,taxonomy-v1-ollama-v7-saas-guardrail,feed_card,1,0,2026-08-25T03:58:13.105473Z,2026-08-25T03:58:14.846038Z,1923,176,1719633314,0
704,540,verification,succeeded,qwen3:8b,ollama-adapter-v2-no-thinking,taxonomy-v1-ollama-v7-saas-guardrail,feed_card,1,0,2026-08-25T03:58:14.878069Z,2026-08-25T03:58:16.282716Z,1898,137,1386812689,0
705,541,verification,succeeded,qwen3:8b,ollama-adapter-v2-no-thinking,taxonomy-v1-ollama-v7-saas-guardrail,feed_card,1,0,2026-08-25T03:58:16.311268Z,2026-08-25T03:58:17.958448Z,1940,164,1630806731,0
706,379,triage,succeeded,qwen3:14b,ollama-adapter-v2-no-thinking,taxonomy-v1-ollama-v8-meta-workflow-guardrail,feed_card,1,0,2026-08-25T04:04:39.913097Z,2026-08-25T04:04:46.901550Z,2132,172,6970121790,0
707,379,verification,succeeded,qwen3:8b,ollama-adapter-v2-no-thinking,taxonomy-v1-ollama-v8-meta-workflow-guardrail,feed_card,1,0,2026-08-25T04:04:46.943042Z,2026-08-25T04:04:52.239586Z,2132,174,5278974332,0
708,542,triage,succeeded,qwen3:14b,ollama-adapter-v2-no-thinking,taxonomy-v1-ollama-v8-meta-workflow-guardrail,feed_card,1,0,2026-08-25T04:35:17.445434Z,2026-08-25T04:35:23.802708Z,2152,123,6341899421,0
709,543,triage,succeeded,qwen3:14b,ollama-adapter-v2-no-thinking,taxonomy-v1-ollama-v8-meta-workflow-guardrail,feed_card,1,0,2026-08-25T04:35:23.824499Z,2026-08-25T04:35:25.762392Z,2072,121,1923955539,0
710,544,triage,succeeded,qwen3:14b,ollama-adapter-v2-no-thinking,taxonomy-v1-ollama-v8-meta-workflow-guardrail,feed_card,1,0,2026-08-25T04:35:25.782613Z,2026-08-25T04:35:27.513880Z,2074,108,1717199161,0
711,545,triage,succeeded,qwen3:14b,ollama-adapter-v2-no-thinking,taxonomy-v1-ollama-v8-meta-workflow-guardrail,feed_card,1,0,2026-08-25T04:35:27.535097Z,2026-08-25T04:35:30.253495Z,2120,178,2701896039,0
712,546,triage,succeeded,qwen3:14b,ollama-adapter-v2-no-thinking,taxonomy-v1-ollama-v8-meta-workflow-guardrail,feed_card,1,0,2026-08-25T04:35:30.275317Z,2026-08-25T04:35:32.133311Z,2092,117,1843773419,0
713,547,triage,succeeded,qwen3:14b,ollama-adapter-v2-no-thinking,taxonomy-v1-ollama-v8-meta-workflow-guardrail,feed_card,1,0,2026-08-25T04:35:32.151453Z,2026-08-25T04:35:33.856485Z,2071,106,1691349213,0
714,548,triage,succeeded,qwen3:14b,ollama-adapter-v2-no-thinking,taxonomy-v1-ollama-v8-meta-workflow-guardrail,feed_card,1,0,2026-08-25T04:35:33.875434Z,2026-08-25T04:35:36.247046Z,2075,153,2353066763,0
715,549,triage,succeeded,qwen3:14b,ollama-adapter-v2-no-thinking,taxonomy-v1-ollama-v8-meta-workflow-guardrail,feed_card,1,0,2026-08-25T04:35:36.269888Z,2026-08-25T04:35:38.661711Z,2111,155,2372410295,0
716,550,triage,succeeded,qwen3:14b,ollama-adapter-v2-no-thinking,taxonomy-v1-ollama-v8-meta-workflow-guardrail,feed_card,1,0,2026-08-25T04:35:38.684631Z,2026-08-25T04:35:40.684626Z,2116,126,1983664019,0
717,551,triage,succeeded,qwen3:14b,ollama-adapter-v2-no-thinking,taxonomy-v1-ollama-v8-meta-workflow-guardrail,feed_card,1,0,2026-08-25T04:35:40.706414Z,2026-08-25T04:35:42.459999Z,2074,109,1737782662,0
718,552,triage,succeeded,qwen3:14b,ollama-adapter-v2-no-thinking,taxonomy-v1-ollama-v8-meta-workflow-guardrail,feed_card,1,0,2026-08-25T04:35:42.478773Z,2026-08-25T04:35:44.617019Z,2090,138,2124298510,0
719,553,triage,succeeded,qwen3:14b,ollama-adapter-v2-no-thinking,taxonomy-v1-ollama-v8-meta-workflow-guardrail,feed_card,1,0,2026-08-25T04:35:44.637984Z,2026-08-25T04:35:47.324430Z,2140,175,2667785798,0
720,554,triage,succeeded,qwen3:14b,ollama-adapter-v2-no-thinking,taxonomy-v1-ollama-v8-meta-workflow-guardrail,feed_card,1,0,2026-08-25T04:35:47.346408Z,2026-08-25T04:35:49.928671Z,2150,167,2565391003,0
721,555,triage,succeeded,qwen3:14b,ollama-adapter-v2-no-thinking,taxonomy-v1-ollama-v8-meta-workflow-guardrail,feed_card,1,0,2026-08-25T04:35:49.948104Z,2026-08-25T04:35:51.816323Z,2130,117,1853409021,0
722,556,triage,succeeded,qwen3:14b,ollama-adapter-v2-no-thinking,taxonomy-v1-ollama-v8-meta-workflow-guardrail,feed_card,1,0,2026-08-25T04:35:51.836130Z,2026-08-25T04:35:53.842817Z,2095,127,1992213429,0
723,557,triage,succeeded,qwen3:14b,ollama-adapter-v2-no-thinking,taxonomy-v1-ollama-v8-meta-workflow-guardrail,feed_card,1,0,2026-08-25T04:35:53.860771Z,2026-08-25T04:35:55.292453Z,2093,86,1416579472,0
724,558,triage,succeeded,qwen3:14b,ollama-adapter-v2-no-thinking,taxonomy-v1-ollama-v8-meta-workflow-guardrail,feed_card,1,0,2026-08-25T04:35:55.313464Z,2026-08-25T04:35:57.187142Z,2080,117,1860065559,0
725,559,triage,succeeded,qwen3:14b,ollama-adapter-v2-no-thinking,taxonomy-v1-ollama-v8-meta-workflow-guardrail,feed_card,1,0,2026-08-25T04:35:57.208166Z,2026-08-25T04:35:59.606415Z,2126,154,2377745807,0
726,560,triage,succeeded,qwen3:14b,ollama-adapter-v2-no-thinking,taxonomy-v1-ollama-v8-meta-workflow-guardrail,feed_card,1,0,2026-08-25T04:35:59.626441Z,2026-08-25T04:36:02.016818Z,2144,154,2370700660,0
727,561,triage,succeeded,qwen3:14b,ollama-adapter-v2-no-thinking,taxonomy-v1-ollama-v8-meta-workflow-guardrail,feed_card,1,0,2026-08-25T04:36:02.041430Z,2026-08-25T04:36:04.412157Z,2098,153,2352782976,0
728,562,triage,succeeded,qwen3:14b,ollama-adapter-v2-no-thinking,taxonomy-v1-ollama-v8-meta-workflow-guardrail,feed_card,1,0,2026-08-25T04:36:04.449500Z,2026-08-25T04:36:06.639162Z,2125,140,2169558177,0
729,563,triage,succeeded,qwen3:14b,ollama-adapter-v2-no-thinking,taxonomy-v1-ollama-v8-meta-workflow-guardrail,feed_card,1,0,2026-08-25T04:36:06.661615Z,2026-08-25T04:36:08.123822Z,2094,89,1446065998,0
730,564,triage,succeeded,qwen3:14b,ollama-adapter-v2-no-thinking,taxonomy-v1-ollama-v8-meta-workflow-guardrail,feed_card,1,0,2026-08-25T04:36:08.143335Z,2026-08-25T04:36:10.028128Z,2152,118,1868823619,0
731,565,triage,succeeded,qwen3:14b,ollama-adapter-v2-no-thinking,taxonomy-v1-ollama-v8-meta-workflow-guardrail,feed_card,1,0,2026-08-25T04:36:10.051319Z,2026-08-25T04:36:12.032512Z,2109,125,1966921044,0
732,566,triage,succeeded,qwen3:14b,ollama-adapter-v2-no-thinking,taxonomy-v1-ollama-v8-meta-workflow-guardrail,feed_card,1,0,2026-08-25T04:36:12.056307Z,2026-08-25T04:36:13.997283Z,2066,124,1925280049,0
733,545,verification,succeeded,qwen3:8b,ollama-adapter-v2-no-thinking,taxonomy-v1-ollama-v8-meta-workflow-guardrail,feed_card,1,0,2026-08-25T04:36:14.035574Z,2026-08-25T04:36:18.820543Z,2120,117,4767953488,0
734,548,verification,succeeded,qwen3:8b,ollama-adapter-v2-no-thinking,taxonomy-v1-ollama-v8-meta-workflow-guardrail,feed_card,1,0,2026-08-25T04:36:18.840139Z,2026-08-25T04:36:20.030078Z,2075,113,1176364110,0
735,549,verification,succeeded,qwen3:8b,ollama-adapter-v2-no-thinking,taxonomy-v1-ollama-v8-meta-workflow-guardrail,feed_card,1,0,2026-08-25T04:36:20.055134Z,2026-08-25T04:36:21.356476Z,2111,124,1286073462,0
736,550,verification,succeeded,qwen3:8b,ollama-adapter-v2-no-thinking,taxonomy-v1-ollama-v8-meta-workflow-guardrail,feed_card,1,0,2026-08-25T04:36:21.375343Z,2026-08-25T04:36:22.789868Z,2116,138,1396047497,0
737,553,verification,succeeded,qwen3:8b,ollama-adapter-v2-no-thinking,taxonomy-v1-ollama-v8-meta-workflow-guardrail,feed_card,1,0,2026-08-25T04:36:22.811264Z,2026-08-25T04:36:24.484318Z,2140,168,1657381222,0
738,554,verification,succeeded,qwen3:8b,ollama-adapter-v2-no-thinking,taxonomy-v1-ollama-v8-meta-workflow-guardrail,feed_card,1,0,2026-08-25T04:36:24.504112Z,2026-08-25T04:36:26.044317Z,2150,151,1525671105,0
739,559,verification,succeeded,qwen3:8b,ollama-adapter-v2-no-thinking,taxonomy-v1-ollama-v8-meta-workflow-guardrail,feed_card,1,0,2026-08-25T04:36:26.067346Z,2026-08-25T04:36:27.549648Z,2126,142,1463802294,0
740,560,verification,succeeded,qwen3:8b,ollama-adapter-v2-no-thinking,taxonomy-v1-ollama-v8-meta-workflow-guardrail,feed_card,1,0,2026-08-25T04:36:27.570285Z,2026-08-25T04:36:29.041266Z,2144,142,1456543504,0
741,561,verification,succeeded,qwen3:8b,ollama-adapter-v2-no-thinking,taxonomy-v1-ollama-v8-meta-workflow-guardrail,feed_card,1,0,2026-08-25T04:36:29.063096Z,2026-08-25T04:36:30.454785Z,2098,134,1368495639,0
742,562,verification,succeeded,qwen3:8b,ollama-adapter-v2-no-thinking,taxonomy-v1-ollama-v8-meta-workflow-guardrail,feed_card,1,0,2026-08-25T04:36:30.475746Z,2026-08-25T04:36:31.899760Z,2125,139,1409365473,0
743,1,triage,succeeded,qwen3:14b,ollama-adapter-v2-no-thinking,taxonomy-v1-ollama-v9-saas-evidence-gate,feed_card,1,0,2026-08-25T05:32:31.323372Z,2026-08-25T05:32:38.928861Z,2446,203,7587425028,0
744,2,triage,succeeded,qwen3:14b,ollama-adapter-v2-no-thinking,taxonomy-v1-ollama-v9-saas-evidence-gate,feed_card,1,0,2026-08-25T05:32:38.949429Z,2026-08-25T05:32:41.427726Z,2417,158,2460119138,0
745,3,triage,succeeded,qwen3:14b,ollama-adapter-v2-no-thinking,taxonomy-v1-ollama-v9-saas-evidence-gate,feed_card,1,0,2026-08-25T05:32:41.445667Z,2026-08-25T05:32:43.421533Z,2389,123,1961640548,0
746,4,triage,succeeded,qwen3:14b,ollama-adapter-v2-no-thinking,taxonomy-v1-ollama-v9-saas-evidence-gate,feed_card,1,0,2026-08-25T05:32:43.447840Z,2026-08-25T05:32:45.448842Z,2420,125,1986303081,0
747,5,triage,succeeded,qwen3:14b,ollama-adapter-v2-no-thinking,taxonomy-v1-ollama-v9-saas-evidence-gate,feed_card,1,0,2026-08-25T05:32:45.468567Z,2026-08-25T05:32:47.096983Z,2422,98,1613218769,0
748,6,triage,succeeded,qwen3:14b,ollama-adapter-v2-no-thinking,taxonomy-v1-ollama-v9-saas-evidence-gate,feed_card,1,0,2026-08-25T05:32:47.116006Z,2026-08-25T05:32:48.773290Z,2405,101,1641582557,0
749,7,triage,succeeded,qwen3:14b,ollama-adapter-v2-no-thinking,taxonomy-v1-ollama-v9-saas-evidence-gate,feed_card,1,0,2026-08-25T05:32:48.793324Z,2026-08-25T05:32:50.783577Z,2416,125,1973968539,0
750,8,triage,succeeded,qwen3:14b,ollama-adapter-v2-no-thinking,taxonomy-v1-ollama-v9-saas-evidence-gate,feed_card,1,0,2026-08-25T05:32:50.805859Z,2026-08-25T05:32:52.381730Z,2361,96,1551174756,0
751,9,triage,succeeded,qwen3:14b,ollama-adapter-v2-no-thinking,taxonomy-v1-ollama-v9-saas-evidence-gate,feed_card,1,0,2026-08-25T05:32:52.403436Z,2026-08-25T05:32:54.336026Z,2382,121,1917287438,0
752,10,triage,succeeded,qwen3:14b,ollama-adapter-v2-no-thinking,taxonomy-v1-ollama-v9-saas-evidence-gate,feed_card,1,0,2026-08-25T05:32:54.354453Z,2026-08-25T05:32:56.953119Z,2433,167,2583366553,0
753,11,triage,succeeded,qwen3:14b,ollama-adapter-v2-no-thinking,taxonomy-v1-ollama-v9-saas-evidence-gate,feed_card,1,0,2026-08-25T05:32:56.974171Z,2026-08-25T05:32:59.156989Z,2368,140,2168900457,0
754,12,triage,succeeded,qwen3:14b,ollama-adapter-v2-no-thinking,taxonomy-v1-ollama-v9-saas-evidence-gate,feed_card,1,0,2026-08-25T05:32:59.177744Z,2026-08-25T05:33:00.946744Z,2366,110,1753132846,0
755,13,triage,succeeded,qwen3:14b,ollama-adapter-v2-no-thinking,taxonomy-v1-ollama-v9-saas-evidence-gate,feed_card,1,0,2026-08-25T05:33:00.967003Z,2026-08-25T05:33:02.794672Z,2362,114,1813575312,0
756,14,triage,succeeded,qwen3:14b,ollama-adapter-v2-no-thinking,taxonomy-v1-ollama-v9-saas-evidence-gate,feed_card,1,0,2026-08-25T05:33:02.814371Z,2026-08-25T05:33:04.535726Z,2369,105,1702562607,0
757,15,triage,succeeded,qwen3:14b,ollama-adapter-v2-no-thinking,taxonomy-v1-ollama-v9-saas-evidence-gate,feed_card,1,0,2026-08-25T05:33:04.556001Z,2026-08-25T05:33:06.704926Z,2429,135,2130607114,0
758,16,triage,succeeded,qwen3:14b,ollama-adapter-v2-no-thinking,taxonomy-v1-ollama-v9-saas-evidence-gate,feed_card,1,0,2026-08-25T05:33:06.725871Z,2026-08-25T05:33:08.348791Z,2365,99,1608344373,0
759,17,triage,succeeded,qwen3:14b,ollama-adapter-v2-no-thinking,taxonomy-v1-ollama-v9-saas-evidence-gate,feed_card,1,0,2026-08-25T05:33:08.370589Z,2026-08-25T05:33:10.770285Z,2424,152,2380456463,0
760,18,triage,succeeded,qwen3:14b,ollama-adapter-v2-no-thinking,taxonomy-v1-ollama-v9-saas-evidence-gate,feed_card,1,0,2026-08-25T05:33:10.789977Z,2026-08-25T05:33:13.216269Z,2417,155,2409025381,0
761,19,triage,succeeded,qwen3:14b,ollama-adapter-v2-no-thinking,taxonomy-v1-ollama-v9-saas-evidence-gate,feed_card,1,0,2026-08-25T05:33:13.238187Z,2026-08-25T05:33:15.028911Z,2394,111,1773355000,0
762,20,triage,succeeded,qwen3:14b,ollama-adapter-v2-no-thinking,taxonomy-v1-ollama-v9-saas-evidence-gate,feed_card,1,0,2026-08-25T05:33:15.048008Z,2026-08-25T05:33:17.366314Z,2420,148,2301133405,0
763,21,triage,succeeded,qwen3:14b,ollama-adapter-v2-no-thinking,taxonomy-v1-ollama-v9-saas-evidence-gate,feed_card,1,0,2026-08-25T05:33:17.387538Z,2026-08-25T05:33:19.475401Z,2444,131,2070134715,0
764,22,triage,succeeded,qwen3:14b,ollama-adapter-v2-no-thinking,taxonomy-v1-ollama-v9-saas-evidence-gate,feed_card,1,0,2026-08-25T05:33:19.498049Z,2026-08-25T05:33:21.255490Z,2373,108,1741039378,0
765,23,triage,succeeded,qwen3:14b,ollama-adapter-v2-no-thinking,taxonomy-v1-ollama-v9-saas-evidence-gate,feed_card,1,0,2026-08-25T05:33:21.280598Z,2026-08-25T05:33:23.301953Z,2419,127,2007390504,0
766,24,triage,succeeded,qwen3:14b,ollama-adapter-v2-no-thinking,taxonomy-v1-ollama-v9-saas-evidence-gate,feed_card,1,0,2026-08-25T05:33:23.323940Z,2026-08-25T05:33:25.057984Z,2371,107,1717510724,0
767,25,triage,succeeded,qwen3:14b,ollama-adapter-v2-no-thinking,taxonomy-v1-ollama-v9-saas-evidence-gate,feed_card,1,0,2026-08-25T05:33:25.079021Z,2026-08-25T05:33:27.045960Z,2422,122,1952094244,0
768,26,triage,succeeded,qwen3:14b,ollama-adapter-v2-no-thinking,taxonomy-v1-ollama-v9-saas-evidence-gate,feed_card,1,0,2026-08-25T05:33:27.068224Z,2026-08-25T05:33:29.339581Z,2397,144,2248345212,0
769,27,triage,succeeded,qwen3:14b,ollama-adapter-v2-no-thinking,taxonomy-v1-ollama-v9-saas-evidence-gate,feed_card,1,0,2026-08-25T05:33:29.393819Z,2026-08-25T05:33:31.467796Z,2427,130,2055575042,0
770,28,triage,succeeded,qwen3:14b,ollama-adapter-v2-no-thinking,taxonomy-v1-ollama-v9-saas-evidence-gate,feed_card,1,0,2026-08-25T05:33:31.503650Z,2026-08-25T05:33:33.185187Z,2423,103,1668371664,0
771,29,triage,succeeded,qwen3:14b,ollama-adapter-v2-no-thinking,taxonomy-v1-ollama-v9-saas-evidence-gate,feed_card,1,0,2026-08-25T05:33:33.260037Z,2026-08-25T05:33:34.867851Z,2378,99,1593285366,0
772,30,triage,succeeded,qwen3:14b,ollama-adapter-v2-no-thinking,taxonomy-v1-ollama-v9-saas-evidence-gate,feed_card,1,0,2026-08-25T05:33:34.889288Z,2026-08-25T05:33:37.018909Z,2406,134,2111109524,0
773,31,triage,succeeded,qwen3:14b,ollama-adapter-v2-no-thinking,taxonomy-v1-ollama-v9-saas-evidence-gate,feed_card,1,0,2026-08-25T05:33:37.038740Z,2026-08-25T05:33:38.903645Z,2430,116,1849137554,0
774,32,triage,succeeded,qwen3:14b,ollama-adapter-v2-no-thinking,taxonomy-v1-ollama-v9-saas-evidence-gate,feed_card,1,0,2026-08-25T05:33:38.922555Z,2026-08-25T05:33:40.853378Z,2433,120,1916454797,0
775,33,triage,succeeded,qwen3:14b,ollama-adapter-v2-no-thinking,taxonomy-v1-ollama-v9-saas-evidence-gate,feed_card,1,0,2026-08-25T05:33:40.873304Z,2026-08-25T05:33:42.579529Z,2376,105,1690125043,0
776,34,triage,succeeded,qwen3:14b,ollama-adapter-v2-no-thinking,taxonomy-v1-ollama-v9-saas-evidence-gate,feed_card,1,0,2026-08-25T05:33:42.600722Z,2026-08-25T05:33:44.350193Z,2440,107,1728489990,0
777,35,triage,succeeded,qwen3:14b,ollama-adapter-v2-no-thinking,taxonomy-v1-ollama-v9-saas-evidence-gate,feed_card,1,0,2026-08-25T05:33:44.386095Z,2026-08-25T05:33:45.916361Z,2383,94,1515405925,0
778,36,triage,succeeded,qwen3:14b,ollama-adapter-v2-no-thinking,taxonomy-v1-ollama-v9-saas-evidence-gate,feed_card,1,0,2026-08-25T05:33:45.940945Z,2026-08-25T05:33:48.057059Z,2403,135,2101508394,0
779,37,triage,succeeded,qwen3:14b,ollama-adapter-v2-no-thinking,taxonomy-v1-ollama-v9-saas-evidence-gate,feed_card,1,0,2026-08-25T05:33:48.076252Z,2026-08-25T05:33:50.049889Z,2439,123,1958604443,0
780,38,triage,succeeded,qwen3:14b,ollama-adapter-v2-no-thinking,taxonomy-v1-ollama-v9-saas-evidence-gate,feed_card,1,0,2026-08-25T05:33:50.068580Z,2026-08-25T05:33:51.617189Z,2372,95,1534029565,0
781,39,triage,succeeded,qwen3:14b,ollama-adapter-v2-no-thinking,taxonomy-v1-ollama-v9-saas-evidence-gate,feed_card,1,0,2026-08-25T05:33:51.639151Z,2026-08-25T05:33:53.283868Z,2428,100,1629602117,0
782,40,triage,succeeded,qwen3:14b,ollama-adapter-v2-no-thinking,taxonomy-v1-ollama-v9-saas-evidence-gate,feed_card,1,0,2026-08-25T05:33:53.303725Z,2026-08-25T05:33:55.440874Z,2420,136,2122198642,0
783,41,triage,succeeded,qwen3:14b,ollama-adapter-v2-no-thinking,taxonomy-v1-ollama-v9-saas-evidence-gate,feed_card,1,0,2026-08-25T05:33:55.463148Z,2026-08-25T05:33:57.093741Z,2367,99,1606251199,0
784,42,triage,succeeded,qwen3:14b,ollama-adapter-v2-no-thinking,taxonomy-v1-ollama-v9-saas-evidence-gate,feed_card,1,0,2026-08-25T05:33:57.121918Z,2026-08-25T05:33:59.207018Z,2440,130,2061694165,0
785,43,triage,succeeded,qwen3:14b,ollama-adapter-v2-no-thinking,taxonomy-v1-ollama-v9-saas-evidence-gate,feed_card,1,0,2026-08-25T05:33:59.239175Z,2026-08-25T05:34:00.965875Z,2386,108,1712141879,0
786,44,triage,succeeded,qwen3:14b,ollama-adapter-v2-no-thinking,taxonomy-v1-ollama-v9-saas-evidence-gate,feed_card,1,0,2026-08-25T05:34:01.000520Z,2026-08-25T05:34:03.189368Z,2436,135,2135712478,0
787,45,triage,succeeded,qwen3:14b,ollama-adapter-v2-no-thinking,taxonomy-v1-ollama-v9-saas-evidence-gate,feed_card,1,0,2026-08-25T05:34:03.232805Z,2026-08-25T05:34:04.893439Z,2415,101,1636258384,0
788,46,triage,succeeded,qwen3:14b,ollama-adapter-v2-no-thinking,taxonomy-v1-ollama-v9-saas-evidence-gate,feed_card,1,0,2026-08-25T05:34:04.941432Z,2026-08-25T05:34:06.349722Z,2374,85,1385150204,0
789,47,triage,succeeded,qwen3:14b,ollama-adapter-v2-no-thinking,taxonomy-v1-ollama-v9-saas-evidence-gate,feed_card,1,0,2026-08-25T05:34:06.388293Z,2026-08-25T05:34:09.597272Z,2453,209,3180208206,0
790,48,triage,succeeded,qwen3:14b,ollama-adapter-v2-no-thinking,taxonomy-v1-ollama-v9-saas-evidence-gate,feed_card,1,0,2026-08-25T05:34:09.642849Z,2026-08-25T05:34:11.331090Z,2392,104,1666084720,0
791,49,triage,succeeded,qwen3:14b,ollama-adapter-v2-no-thinking,taxonomy-v1-ollama-v9-saas-evidence-gate,feed_card,1,0,2026-08-25T05:34:11.360157Z,2026-08-25T05:34:13.249624Z,2428,115,1844613090,0
792,50,triage,succeeded,qwen3:14b,ollama-adapter-v2-no-thinking,taxonomy-v1-ollama-v9-saas-evidence-gate,feed_card,1,0,2026-08-25T05:34:13.299003Z,2026-08-25T05:34:14.850393Z,2376,93,1520760242,0
793,51,triage,succeeded,qwen3:14b,ollama-adapter-v2-no-thinking,taxonomy-v1-ollama-v9-saas-evidence-gate,feed_card,1,0,2026-08-25T05:34:14.896591Z,2026-08-25T05:34:16.840874Z,2444,121,1929311465,0
794,52,triage,succeeded,qwen3:14b,ollama-adapter-v2-no-thinking,taxonomy-v1-ollama-v9-saas-evidence-gate,feed_card,1,0,2026-08-25T05:34:16.889260Z,2026-08-25T05:34:18.672912Z,2382,110,1753166151,0
795,53,triage,succeeded,qwen3:14b,ollama-adapter-v2-no-thinking,taxonomy-v1-ollama-v9-saas-evidence-gate,feed_card,1,0,2026-08-25T05:34:18.706958Z,2026-08-25T05:34:20.530351Z,2381,114,1807420131,0
796,54,triage,succeeded,qwen3:14b,ollama-adapter-v2-no-thinking,taxonomy-v1-ollama-v9-saas-evidence-gate,feed_card,1,0,2026-08-25T05:34:20.564203Z,2026-08-25T05:34:22.154153Z,2367,97,1559493351,0
797,55,triage,succeeded,qwen3:14b,ollama-adapter-v2-no-thinking,taxonomy-v1-ollama-v9-saas-evidence-gate,feed_card,1,0,2026-08-25T05:34:22.181963Z,2026-08-25T05:34:23.946874Z,2392,110,1750040122,0
798,56,triage,succeeded,qwen3:14b,ollama-adapter-v2-no-thinking,taxonomy-v1-ollama-v9-saas-evidence-gate,feed_card,1,0,2026-08-25T05:34:23.996465Z,2026-08-25T05:34:25.559315Z,2365,96,1548255970,0
799,57,triage,succeeded,qwen3:14b,ollama-adapter-v2-no-thinking,taxonomy-v1-ollama-v9-saas-evidence-gate,feed_card,1,0,2026-08-25T05:34:25.606551Z,2026-08-25T05:34:27.488816Z,2385,117,1859479010,0
800,58,triage,succeeded,qwen3:14b,ollama-adapter-v2-no-thinking,taxonomy-v1-ollama-v9-saas-evidence-gate,feed_card,1,0,2026-08-25T05:34:27.541243Z,2026-08-25T05:34:29.223712Z,2375,103,1666963389,0
801,59,triage,succeeded,qwen3:14b,ollama-adapter-v2-no-thinking,taxonomy-v1-ollama-v9-saas-evidence-gate,feed_card,1,0,2026-08-25T05:34:29.259027Z,2026-08-25T05:34:31.012851Z,2383,109,1738077219,0
802,60,triage,succeeded,qwen3:14b,ollama-adapter-v2-no-thinking,taxonomy-v1-ollama-v9-saas-evidence-gate,feed_card,1,0,2026-08-25T05:34:31.057672Z,2026-08-25T05:34:32.774234Z,2386,105,1693002472,0
803,61,triage,succeeded,qwen3:14b,ollama-adapter-v2-no-thinking,taxonomy-v1-ollama-v9-saas-evidence-gate,feed_card,1,0,2026-08-25T05:34:32.814882Z,2026-08-25T05:34:34.268055Z,2383,87,1424643489,0
804,62,triage,succeeded,qwen3:14b,ollama-adapter-v2-no-thinking,taxonomy-v1-ollama-v9-saas-evidence-gate,feed_card,1,0,2026-08-25T05:34:34.296768Z,2026-08-25T05:34:35.770314Z,2369,88,1448781333,0
805,63,triage,succeeded,qwen3:14b,ollama-adapter-v2-no-thinking,taxonomy-v1-ollama-v9-saas-evidence-gate,feed_card,1,0,2026-08-25T05:34:35.805889Z,2026-08-25T05:34:37.762574Z,2382,121,1913551448,0
806,64,triage,succeeded,qwen3:14b,ollama-adapter-v2-no-thinking,taxonomy-v1-ollama-v9-saas-evidence-gate,feed_card,1,0,2026-08-25T05:34:37.800035Z,2026-08-25T05:34:39.509308Z,2365,104,1652575004,0
807,65,triage,succeeded,qwen3:14b,ollama-adapter-v2-no-thinking,taxonomy-v1-ollama-v9-saas-evidence-gate,feed_card,1,0,2026-08-25T05:34:39.558820Z,2026-08-25T05:34:41.334909Z,2365,110,1744586832,0
808,66,triage,succeeded,qwen3:14b,ollama-adapter-v2-no-thinking,taxonomy-v1-ollama-v9-saas-evidence-gate,feed_card,1,0,2026-08-25T05:34:41.363178Z,2026-08-25T05:34:43.030532Z,2366,102,1636495711,0
809,67,triage,succeeded,qwen3:14b,ollama-adapter-v2-no-thinking,taxonomy-v1-ollama-v9-saas-evidence-gate,feed_card,1,0,2026-08-25T05:34:43.081931Z,2026-08-25T05:34:44.884647Z,2403,110,1772386672,0
810,68,triage,succeeded,qwen3:14b,ollama-adapter-v2-no-thinking,taxonomy-v1-ollama-v9-saas-evidence-gate,feed_card,1,0,2026-08-25T05:34:44.929551Z,2026-08-25T05:34:46.729452Z,2368,110,1746758320,0
811,69,triage,succeeded,qwen3:14b,ollama-adapter-v2-no-thinking,taxonomy-v1-ollama-v9-saas-evidence-gate,feed_card,1,0,2026-08-25T05:34:46.754276Z,2026-08-25T05:34:48.566745Z,2386,112,1784492461,0
812,70,triage,succeeded,qwen3:14b,ollama-adapter-v2-no-thinking,taxonomy-v1-ollama-v9-saas-evidence-gate,feed_card,1,0,2026-08-25T05:34:48.611509Z,2026-08-25T05:34:50.027449Z,2378,84,1388254612,0
813,71,triage,succeeded,qwen3:14b,ollama-adapter-v2-no-thinking,taxonomy-v1-ollama-v9-saas-evidence-gate,feed_card,1,0,2026-08-25T05:34:50.073958Z,2026-08-25T05:34:51.789287Z,2384,105,1687830409,0
814,72,triage,succeeded,qwen3:14b,ollama-adapter-v2-no-thinking,taxonomy-v1-ollama-v9-saas-evidence-gate,feed_card,1,0,2026-08-25T05:34:51.827828Z,2026-08-25T05:34:53.548375Z,2378,105,1690849903,0
815,73,triage,succeeded,qwen3:14b,ollama-adapter-v2-no-thinking,taxonomy-v1-ollama-v9-saas-evidence-gate,feed_card,1,0,2026-08-25T05:34:53.596820Z,2026-08-25T05:34:55.548294Z,2399,122,1927301498,0
816,74,triage,succeeded,qwen3:14b,ollama-adapter-v2-no-thinking,taxonomy-v1-ollama-v9-saas-evidence-gate,feed_card,1,0,2026-08-25T05:34:55.599576Z,2026-08-25T05:34:57.426258Z,2388,114,1812257637,0
817,75,triage,succeeded,qwen3:14b,ollama-adapter-v2-no-thinking,taxonomy-v1-ollama-v9-saas-evidence-gate,feed_card,1,0,2026-08-25T05:34:57.461712Z,2026-08-25T05:34:59.208852Z,2439,107,1733273736,0
818,76,triage,succeeded,qwen3:14b,ollama-adapter-v2-no-thinking,taxonomy-v1-ollama-v9-saas-evidence-gate,feed_card,1,0,2026-08-25T05:34:59.255472Z,2026-08-25T05:35:00.835732Z,2364,96,1551799916,0
819,77,triage,succeeded,qwen3:14b,ollama-adapter-v2-no-thinking,taxonomy-v1-ollama-v9-saas-evidence-gate,feed_card,1,0,2026-08-25T05:35:00.895451Z,2026-08-25T05:35:02.879900Z,2369,122,1926326405,0
820,78,triage,succeeded,qwen3:14b,ollama-adapter-v2-no-thinking,taxonomy-v1-ollama-v9-saas-evidence-gate,feed_card,1,0,2026-08-25T05:35:02.907104Z,2026-08-25T05:35:05.027272Z,2398,133,2087970598,0
821,79,triage,succeeded,qwen3:14b,ollama-adapter-v2-no-thinking,taxonomy-v1-ollama-v9-saas-evidence-gate,feed_card,1,0,2026-08-25T05:35:05.067704Z,2026-08-25T05:35:07.010281Z,2416,121,1924264513,0
822,80,triage,succeeded,qwen3:14b,ollama-adapter-v2-no-thinking,taxonomy-v1-ollama-v9-saas-evidence-gate,feed_card,1,0,2026-08-25T05:35:07.027428Z,2026-08-25T05:35:08.660206Z,2363,101,1617772399,0
823,81,triage,succeeded,qwen3:14b,ollama-adapter-v2-no-thinking,taxonomy-v1-ollama-v9-saas-evidence-gate,feed_card,1,0,2026-08-25T05:35:08.679364Z,2026-08-25T05:35:10.442768Z,2445,108,1749411696,0
824,82,triage,succeeded,qwen3:14b,ollama-adapter-v2-no-thinking,taxonomy-v1-ollama-v9-saas-evidence-gate,feed_card,1,0,2026-08-25T05:35:10.466685Z,2026-08-25T05:35:12.639445Z,2429,137,2154759445,0
825,83,triage,succeeded,qwen3:14b,ollama-adapter-v2-no-thinking,taxonomy-v1-ollama-v9-saas-evidence-gate,feed_card,1,0,2026-08-25T05:35:12.658567Z,2026-08-25T05:35:14.349234Z,2366,105,1675577209,0
826,84,triage,succeeded,qwen3:14b,ollama-adapter-v2-no-thinking,taxonomy-v1-ollama-v9-saas-evidence-gate,feed_card,1,0,2026-08-25T05:35:14.366450Z,2026-08-25T05:35:16.309389Z,2423,121,1925369352,0
827,85,triage,succeeded,qwen3:14b,ollama-adapter-v2-no-thinking,taxonomy-v1-ollama-v9-saas-evidence-gate,feed_card,1,0,2026-08-25T05:35:16.330194Z,2026-08-25T05:35:18.458762Z,2406,134,2109427501,0
828,86,triage,succeeded,qwen3:14b,ollama-adapter-v2-no-thinking,taxonomy-v1-ollama-v9-saas-evidence-gate,feed_card,1,0,2026-08-25T05:35:18.479189Z,2026-08-25T05:35:20.371000Z,2452,117,1875394277,0
829,87,triage,succeeded,qwen3:14b,ollama-adapter-v2-no-thinking,taxonomy-v1-ollama-v9-saas-evidence-gate,feed_card,1,0,2026-08-25T05:35:20.405450Z,2026-08-25T05:35:22.453361Z,2409,128,2018150233,0
830,88,triage,succeeded,qwen3:14b,ollama-adapter-v2-no-thinking,taxonomy-v1-ollama-v9-saas-evidence-gate,feed_card,1,0,2026-08-25T05:35:22.503205Z,2026-08-25T05:35:24.300145Z,2433,110,1781701760,0
831,89,triage,succeeded,qwen3:14b,ollama-adapter-v2-no-thinking,taxonomy-v1-ollama-v9-saas-evidence-gate,feed_card,1,0,2026-08-25T05:35:24.350639Z,2026-08-25T05:35:27.492723Z,2425,206,3124239313,0
832,90,triage,succeeded,qwen3:14b,ollama-adapter-v2-no-thinking,taxonomy-v1-ollama-v9-saas-evidence-gate,feed_card,1,0,2026-08-25T05:35:27.512199Z,2026-08-25T05:35:29.672057Z,2438,135,2142694397,0
833,91,triage,succeeded,qwen3:14b,ollama-adapter-v2-no-thinking,taxonomy-v1-ollama-v9-saas-evidence-gate,feed_card,1,0,2026-08-25T05:35:29.694572Z,2026-08-25T05:35:32.139346Z,2412,157,2429867154,0
834,92,triage,succeeded,qwen3:14b,ollama-adapter-v2-no-thinking,taxonomy-v1-ollama-v9-saas-evidence-gate,feed_card,1,0,2026-08-25T05:35:32.159853Z,2026-08-25T05:35:33.722769Z,2366,96,1546924307,0
835,93,triage,succeeded,qwen3:14b,ollama-adapter-v2-no-thinking,taxonomy-v1-ollama-v9-saas-evidence-gate,feed_card,1,0,2026-08-25T05:35:33.741757Z,2026-08-25T05:35:35.920158Z,2370,138,2160353203,0
836,94,triage,succeeded,qwen3:14b,ollama-adapter-v2-no-thinking,taxonomy-v1-ollama-v9-saas-evidence-gate,feed_card,1,0,2026-08-25T05:35:35.939340Z,2026-08-25T05:35:37.887171Z,2412,122,1932898625,0
837,95,triage,succeeded,qwen3:14b,ollama-adapter-v2-no-thinking,taxonomy-v1-ollama-v9-saas-evidence-gate,feed_card,1,0,2026-08-25T05:35:37.906699Z,2026-08-25T05:35:39.733888Z,2438,113,1812174072,0
838,96,triage,succeeded,qwen3:14b,ollama-adapter-v2-no-thinking,taxonomy-v1-ollama-v9-saas-evidence-gate,feed_card,1,0,2026-08-25T05:35:39.752057Z,2026-08-25T05:35:41.776026Z,2404,126,2006877410,0
839,97,triage,succeeded,qwen3:14b,ollama-adapter-v2-no-thinking,taxonomy-v1-ollama-v9-saas-evidence-gate,feed_card,1,0,2026-08-25T05:35:41.795646Z,2026-08-25T05:35:43.613152Z,2462,112,1802661079,0
840,98,triage,succeeded,qwen3:14b,ollama-adapter-v2-no-thinking,taxonomy-v1-ollama-v9-saas-evidence-gate,feed_card,1,0,2026-08-25T05:35:43.632740Z,2026-08-25T05:35:45.595194Z,2436,122,1947205043,0
841,99,triage,succeeded,qwen3:14b,ollama-adapter-v2-no-thinking,taxonomy-v1-ollama-v9-saas-evidence-gate,feed_card,1,0,2026-08-25T05:35:45.616303Z,2026-08-25T05:35:47.143995Z,2374,93,1513374608,0
842,100,triage,succeeded,qwen3:14b,ollama-adapter-v2-no-thinking,taxonomy-v1-ollama-v9-saas-evidence-gate,feed_card,1,0,2026-08-25T05:35:47.165295Z,2026-08-25T05:35:48.968813Z,2419,111,1780918087,0
843,101,triage,succeeded,qwen3:14b,ollama-adapter-v2-no-thinking,taxonomy-v1-ollama-v9-saas-evidence-gate,feed_card,1,0,2026-08-25T05:35:48.995364Z,2026-08-25T05:35:50.764370Z,2362,110,1751306338,0
844,102,triage,succeeded,qwen3:14b,ollama-adapter-v2-no-thinking,taxonomy-v1-ollama-v9-saas-evidence-gate,feed_card,1,0,2026-08-25T05:35:50.787726Z,2026-08-25T05:35:52.913025Z,2397,134,2110351367,0
845,103,triage,succeeded,qwen3:14b,ollama-adapter-v2-no-thinking,taxonomy-v1-ollama-v9-saas-evidence-gate,feed_card,1,0,2026-08-25T05:35:52.933938Z,2026-08-25T05:35:54.994784Z,2484,127,2032813322,0
846,104,triage,succeeded,qwen3:14b,ollama-adapter-v2-no-thinking,taxonomy-v1-ollama-v9-saas-evidence-gate,feed_card,1,0,2026-08-25T05:35:55.036972Z,2026-08-25T05:35:56.851133Z,2419,111,1789422869,0
847,105,triage,succeeded,qwen3:14b,ollama-adapter-v2-no-thinking,taxonomy-v1-ollama-v9-saas-evidence-gate,feed_card,1,0,2026-08-25T05:35:56.896409Z,2026-08-25T05:35:59.037064Z,2452,133,2125240388,0
848,106,triage,succeeded,qwen3:14b,ollama-adapter-v2-no-thinking,taxonomy-v1-ollama-v9-saas-evidence-gate,feed_card,1,0,2026-08-25T05:35:59.055849Z,2026-08-25T05:36:01.367026Z,2432,147,2294652779,0
849,107,triage,succeeded,qwen3:14b,ollama-adapter-v2-no-thinking,taxonomy-v1-ollama-v9-saas-evidence-gate,feed_card,1,0,2026-08-25T05:36:01.386468Z,2026-08-25T05:36:03.229341Z,2461,113,1827925247,0
850,108,triage,succeeded,qwen3:14b,ollama-adapter-v2-no-thinking,taxonomy-v1-ollama-v9-saas-evidence-gate,feed_card,1,0,2026-08-25T05:36:03.248937Z,2026-08-25T05:36:05.149177Z,2418,119,1885653887,0
851,109,triage,succeeded,qwen3:14b,ollama-adapter-v2-no-thinking,taxonomy-v1-ollama-v9-saas-evidence-gate,feed_card,1,0,2026-08-25T05:36:05.169836Z,2026-08-25T05:36:07.415390Z,2428,142,2226329749,0
852,110,triage,succeeded,qwen3:14b,ollama-adapter-v2-no-thinking,taxonomy-v1-ollama-v9-saas-evidence-gate,feed_card,1,0,2026-08-25T05:36:07.433531Z,2026-08-25T05:36:10.182900Z,2430,178,2730666249,0
853,111,triage,failed,qwen3:14b,ollama-adapter-v2-no-thinking,taxonomy-v1-ollama-v9-saas-evidence-gate,feed_card,1,0,2026-08-25T05:36:10.205883Z,2026-08-25T05:36:13.341734Z,,,,
854,112,triage,succeeded,qwen3:14b,ollama-adapter-v2-no-thinking,taxonomy-v1-ollama-v9-saas-evidence-gate,feed_card,1,0,2026-08-25T05:36:13.360171Z,2026-08-25T05:36:15.414794Z,2421,129,2038675138,0
855,113,triage,succeeded,qwen3:14b,ollama-adapter-v2-no-thinking,taxonomy-v1-ollama-v9-saas-evidence-gate,feed_card,1,0,2026-08-25T05:36:15.433590Z,2026-08-25T05:36:18.828508Z,2441,222,3379698605,0
856,114,triage,succeeded,qwen3:14b,ollama-adapter-v2-no-thinking,taxonomy-v1-ollama-v9-saas-evidence-gate,feed_card,1,0,2026-08-25T05:36:18.848777Z,2026-08-25T05:36:20.592320Z,2369,107,1727457457,0
857,115,triage,succeeded,qwen3:14b,ollama-adapter-v2-no-thinking,taxonomy-v1-ollama-v9-saas-evidence-gate,feed_card,1,0,2026-08-25T05:36:20.618552Z,2026-08-25T05:36:23.438595Z,2438,182,2800926501,0
858,116,triage,succeeded,qwen3:14b,ollama-adapter-v2-no-thinking,taxonomy-v1-ollama-v9-saas-evidence-gate,feed_card,1,0,2026-08-25T05:36:23.459722Z,2026-08-25T05:36:25.658304Z,2440,138,2182890785,0
859,117,triage,succeeded,qwen3:14b,ollama-adapter-v2-no-thinking,taxonomy-v1-ollama-v9-saas-evidence-gate,feed_card,1,0,2026-08-25T05:36:25.677618Z,2026-08-25T05:36:27.445337Z,2363,110,1753641795,0
860,118,triage,succeeded,qwen3:14b,ollama-adapter-v2-no-thinking,taxonomy-v1-ollama-v9-saas-evidence-gate,feed_card,1,0,2026-08-25T05:36:27.463926Z,2026-08-25T05:36:29.574642Z,2411,133,2093002471,0
861,119,triage,succeeded,qwen3:14b,ollama-adapter-v2-no-thinking,taxonomy-v1-ollama-v9-saas-evidence-gate,feed_card,1,0,2026-08-25T05:36:29.594627Z,2026-08-25T05:36:31.767841Z,2426,137,2158361972,0
862,120,triage,succeeded,qwen3:14b,ollama-adapter-v2-no-thinking,taxonomy-v1-ollama-v9-saas-evidence-gate,feed_card,1,0,2026-08-25T05:36:31.787416Z,2026-08-25T05:36:33.927522Z,2417,135,2125354714,0
863,121,triage,succeeded,qwen3:14b,ollama-adapter-v2-no-thinking,taxonomy-v1-ollama-v9-saas-evidence-gate,feed_card,1,0,2026-08-25T05:36:33.948154Z,2026-08-25T05:36:36.223381Z,2420,144,2258862244,0
864,122,triage,succeeded,qwen3:14b,ollama-adapter-v2-no-thinking,taxonomy-v1-ollama-v9-saas-evidence-gate,feed_card,1,0,2026-08-25T05:36:36.244206Z,2026-08-25T05:36:38.279225Z,2435,127,2018545590,0
865,123,triage,succeeded,qwen3:14b,ollama-adapter-v2-no-thinking,taxonomy-v1-ollama-v9-saas-evidence-gate,feed_card,1,0,2026-08-25T05:36:38.308900Z,2026-08-25T05:36:40.104113Z,2418,111,1779612652,0
866,124,triage,succeeded,qwen3:14b,ollama-adapter-v2-no-thinking,taxonomy-v1-ollama-v9-saas-evidence-gate,feed_card,1,0,2026-08-25T05:36:40.124990Z,2026-08-25T05:36:42.025716Z,2453,117,1884804633,0
867,125,triage,succeeded,qwen3:14b,ollama-adapter-v2-no-thinking,taxonomy-v1-ollama-v9-saas-evidence-gate,feed_card,1,0,2026-08-25T05:36:42.043686Z,2026-08-25T05:36:43.648005Z,2398,98,1590175102,0
868,126,triage,succeeded,qwen3:14b,ollama-adapter-v2-no-thinking,taxonomy-v1-ollama-v9-saas-evidence-gate,feed_card,1,0,2026-08-25T05:36:43.670323Z,2026-08-25T05:36:45.609914Z,2413,121,1924772612,0
869,127,triage,succeeded,qwen3:14b,ollama-adapter-v2-no-thinking,taxonomy-v1-ollama-v9-saas-evidence-gate,feed_card,1,0,2026-08-25T05:36:45.627904Z,2026-08-25T05:36:47.545901Z,2395,119,1902638530,0
870,128,triage,succeeded,qwen3:14b,ollama-adapter-v2-no-thinking,taxonomy-v1-ollama-v9-saas-evidence-gate,feed_card,1,0,2026-08-25T05:36:47.566494Z,2026-08-25T05:36:49.515746Z,2446,120,1934087295,0
871,129,triage,succeeded,qwen3:14b,ollama-adapter-v2-no-thinking,taxonomy-v1-ollama-v9-saas-evidence-gate,feed_card,1,0,2026-08-25T05:36:49.537713Z,2026-08-25T05:36:51.940375Z,2437,153,2386961393,0
872,130,triage,succeeded,qwen3:14b,ollama-adapter-v2-no-thinking,taxonomy-v1-ollama-v9-saas-evidence-gate,feed_card,1,0,2026-08-25T05:36:51.960044Z,2026-08-25T05:36:53.854323Z,2414,117,1879325790,0
873,131,triage,succeeded,qwen3:14b,ollama-adapter-v2-no-thinking,taxonomy-v1-ollama-v9-saas-evidence-gate,feed_card,1,0,2026-08-25T05:36:53.874045Z,2026-08-25T05:36:56.160535Z,2410,145,2268293919,0
874,132,triage,succeeded,qwen3:14b,ollama-adapter-v2-no-thinking,taxonomy-v1-ollama-v9-saas-evidence-gate,feed_card,1,0,2026-08-25T05:36:56.208289Z,2026-08-25T05:36:57.672798Z,2364,87,1420120060,0
875,133,triage,succeeded,qwen3:14b,ollama-adapter-v2-no-thinking,taxonomy-v1-ollama-v9-saas-evidence-gate,feed_card,1,0,2026-08-25T05:36:57.720972Z,2026-08-25T05:36:59.591253Z,2442,115,1853209011,0
876,134,triage,succeeded,qwen3:14b,ollama-adapter-v2-no-thinking,taxonomy-v1-ollama-v9-saas-evidence-gate,feed_card,1,0,2026-08-25T05:36:59.611156Z,2026-08-25T05:37:01.448807Z,2401,113,1819406968,0
877,135,triage,succeeded,qwen3:14b,ollama-adapter-v2-no-thinking,taxonomy-v1-ollama-v9-saas-evidence-gate,feed_card,1,0,2026-08-25T05:37:01.467236Z,2026-08-25T05:37:03.356692Z,2436,117,1873703969,0
878,136,triage,succeeded,qwen3:14b,ollama-adapter-v2-no-thinking,taxonomy-v1-ollama-v9-saas-evidence-gate,feed_card,1,0,2026-08-25T05:37:03.376243Z,2026-08-25T05:37:05.112503Z,2369,107,1719169813,0
879,137,triage,succeeded,qwen3:14b,ollama-adapter-v2-no-thinking,taxonomy-v1-ollama-v9-saas-evidence-gate,feed_card,1,0,2026-08-25T05:37:05.130237Z,2026-08-25T05:37:07.165838Z,2448,127,2019475805,0
880,138,triage,succeeded,qwen3:14b,ollama-adapter-v2-no-thinking,taxonomy-v1-ollama-v9-saas-evidence-gate,feed_card,1,0,2026-08-25T05:37:07.186437Z,2026-08-25T05:37:10.197642Z,2439,194,2991897613,0
881,139,triage,succeeded,qwen3:14b,ollama-adapter-v2-no-thinking,taxonomy-v1-ollama-v9-saas-evidence-gate,feed_card,1,0,2026-08-25T05:37:10.216893Z,2026-08-25T05:37:12.086364Z,2439,115,1853464690,0
882,140,triage,succeeded,qwen3:14b,ollama-adapter-v2-no-thinking,taxonomy-v1-ollama-v9-saas-evidence-gate,feed_card,1,0,2026-08-25T05:37:12.106129Z,2026-08-25T05:37:13.915137Z,2395,112,1791676111,0
883,141,triage,succeeded,qwen3:14b,ollama-adapter-v2-no-thinking,taxonomy-v1-ollama-v9-saas-evidence-gate,feed_card,1,0,2026-08-25T05:37:13.933299Z,2026-08-25T05:37:15.764036Z,2404,113,1813518904,0
884,142,triage,succeeded,qwen3:14b,ollama-adapter-v2-no-thinking,taxonomy-v1-ollama-v9-saas-evidence-gate,feed_card,1,0,2026-08-25T05:37:15.783096Z,2026-08-25T05:37:17.365782Z,2375,97,1568748043,0
885,143,triage,succeeded,qwen3:14b,ollama-adapter-v2-no-thinking,taxonomy-v1-ollama-v9-saas-evidence-gate,feed_card,1,0,2026-08-25T05:37:17.386810Z,2026-08-25T05:37:19.400431Z,2439,125,1993207729,0
886,144,triage,succeeded,qwen3:14b,ollama-adapter-v2-no-thinking,taxonomy-v1-ollama-v9-saas-evidence-gate,feed_card,1,0,2026-08-25T05:37:19.421298Z,2026-08-25T05:37:21.356484Z,2440,120,1919058568,0
887,145,triage,succeeded,qwen3:14b,ollama-adapter-v2-no-thinking,taxonomy-v1-ollama-v9-saas-evidence-gate,feed_card,1,0,2026-08-25T05:37:21.388801Z,2026-08-25T05:37:23.105082Z,2373,105,1690463710,0
888,146,triage,succeeded,qwen3:14b,ollama-adapter-v2-no-thinking,taxonomy-v1-ollama-v9-saas-evidence-gate,feed_card,1,0,2026-08-25T05:37:23.123832Z,2026-08-25T05:37:24.801330Z,2385,103,1660656192,0
889,147,triage,succeeded,qwen3:14b,ollama-adapter-v2-no-thinking,taxonomy-v1-ollama-v9-saas-evidence-gate,feed_card,1,0,2026-08-25T05:37:24.822194Z,2026-08-25T05:37:26.668860Z,2420,115,1829444917,0
890,148,triage,succeeded,qwen3:14b,ollama-adapter-v2-no-thinking,taxonomy-v1-ollama-v9-saas-evidence-gate,feed_card,1,0,2026-08-25T05:37:26.689605Z,2026-08-25T05:37:28.468675Z,2425,110,1763921596,0
891,149,triage,succeeded,qwen3:14b,ollama-adapter-v2-no-thinking,taxonomy-v1-ollama-v9-saas-evidence-gate,feed_card,1,0,2026-08-25T05:37:28.494103Z,2026-08-25T05:37:30.778009Z,2425,145,2267637810,0
892,150,triage,succeeded,qwen3:14b,ollama-adapter-v2-no-thinking,taxonomy-v1-ollama-v9-saas-evidence-gate,feed_card,1,0,2026-08-25T05:37:30.801447Z,2026-08-25T05:37:32.528935Z,2395,106,1712433928,0
893,151,triage,succeeded,qwen3:14b,ollama-adapter-v2-no-thinking,taxonomy-v1-ollama-v9-saas-evidence-gate,feed_card,1,0,2026-08-25T05:37:32.550855Z,2026-08-25T05:37:34.872492Z,2438,147,2304960480,0
894,152,triage,succeeded,qwen3:14b,ollama-adapter-v2-no-thinking,taxonomy-v1-ollama-v9-saas-evidence-gate,feed_card,1,0,2026-08-25T05:37:34.890068Z,2026-08-25T05:37:36.853320Z,2443,122,1948259955,0
895,153,triage,succeeded,qwen3:14b,ollama-adapter-v2-no-thinking,taxonomy-v1-ollama-v9-saas-evidence-gate,feed_card,1,0,2026-08-25T05:37:36.871988Z,2026-08-25T05:37:38.609972Z,2388,107,1723224668,0
896,154,triage,succeeded,qwen3:14b,ollama-adapter-v2-no-thinking,taxonomy-v1-ollama-v9-saas-evidence-gate,feed_card,1,0,2026-08-25T05:37:38.629592Z,2026-08-25T05:37:40.753577Z,2421,132,2108754376,0
897,155,triage,succeeded,qwen3:14b,ollama-adapter-v2-no-thinking,taxonomy-v1-ollama-v9-saas-evidence-gate,feed_card,1,0,2026-08-25T05:37:40.773977Z,2026-08-25T05:37:43.667482Z,2399,187,2860249426,0
898,156,triage,succeeded,qwen3:14b,ollama-adapter-v2-no-thinking,taxonomy-v1-ollama-v9-saas-evidence-gate,feed_card,1,0,2026-08-25T05:37:43.689989Z,2026-08-25T05:37:45.856387Z,2434,132,2103978854,0
899,157,triage,succeeded,qwen3:14b,ollama-adapter-v2-no-thinking,taxonomy-v1-ollama-v9-saas-evidence-gate,feed_card,1,0,2026-08-25T05:37:45.882584Z,2026-08-25T05:37:47.925605Z,2417,128,2027493594,0
900,158,triage,succeeded,qwen3:14b,ollama-adapter-v2-no-thinking,taxonomy-v1-ollama-v9-saas-evidence-gate,feed_card,1,0,2026-08-25T05:37:47.947812Z,2026-08-25T05:37:49.895572Z,2404,121,1931667117,0
901,159,triage,succeeded,qwen3:14b,ollama-adapter-v2-no-thinking,taxonomy-v1-ollama-v9-saas-evidence-gate,feed_card,1,0,2026-08-25T05:37:49.915339Z,2026-08-25T05:37:51.839560Z,2373,121,1909722441,0
902,160,triage,succeeded,qwen3:14b,ollama-adapter-v2-no-thinking,taxonomy-v1-ollama-v9-saas-evidence-gate,feed_card,1,0,2026-08-25T05:37:51.859326Z,2026-08-25T05:37:53.597120Z,2426,106,1721564729,0
903,161,triage,succeeded,qwen3:14b,ollama-adapter-v2-no-thinking,taxonomy-v1-ollama-v9-saas-evidence-gate,feed_card,1,0,2026-08-25T05:37:53.616834Z,2026-08-25T05:37:56.230230Z,2422,167,2596953894,0
904,162,triage,succeeded,qwen3:14b,ollama-adapter-v2-no-thinking,taxonomy-v1-ollama-v9-saas-evidence-gate,feed_card,1,0,2026-08-25T05:37:56.250737Z,2026-08-25T05:37:58.058638Z,2384,111,1793465067,0
905,163,triage,succeeded,qwen3:14b,ollama-adapter-v2-no-thinking,taxonomy-v1-ollama-v9-saas-evidence-gate,feed_card,1,0,2026-08-25T05:37:58.076450Z,2026-08-25T05:37:59.634691Z,2361,96,1543088172,0
906,164,triage,succeeded,qwen3:14b,ollama-adapter-v2-no-thinking,taxonomy-v1-ollama-v9-saas-evidence-gate,feed_card,1,0,2026-08-25T05:37:59.653266Z,2026-08-25T05:38:01.312545Z,2369,102,1643580943,0
907,165,triage,succeeded,qwen3:14b,ollama-adapter-v2-no-thinking,taxonomy-v1-ollama-v9-saas-evidence-gate,feed_card,1,0,2026-08-25T05:38:01.336885Z,2026-08-25T05:38:03.348344Z,2392,126,1995958340,0
908,166,triage,succeeded,qwen3:14b,ollama-adapter-v2-no-thinking,taxonomy-v1-ollama-v9-saas-evidence-gate,feed_card,1,0,2026-08-25T05:38:03.371429Z,2026-08-25T05:38:05.136386Z,2394,108,1749097510,0
909,167,triage,succeeded,qwen3:14b,ollama-adapter-v2-no-thinking,taxonomy-v1-ollama-v9-saas-evidence-gate,feed_card,1,0,2026-08-25T05:38:05.155700Z,2026-08-25T05:38:06.743840Z,2366,97,1573278116,0
910,168,triage,succeeded,qwen3:14b,ollama-adapter-v2-no-thinking,taxonomy-v1-ollama-v9-saas-evidence-gate,feed_card,1,0,2026-08-25T05:38:06.765432Z,2026-08-25T05:38:08.666283Z,2393,119,1885435420,0
911,169,triage,succeeded,qwen3:14b,ollama-adapter-v2-no-thinking,taxonomy-v1-ollama-v9-saas-evidence-gate,feed_card,1,0,2026-08-25T05:38:08.686574Z,2026-08-25T05:38:10.672685Z,2391,125,1970050522,0
912,170,triage,succeeded,qwen3:14b,ollama-adapter-v2-no-thinking,taxonomy-v1-ollama-v9-saas-evidence-gate,feed_card,1,0,2026-08-25T05:38:10.692653Z,2026-08-25T05:38:12.652980Z,2372,123,1943644620,0
913,171,triage,succeeded,qwen3:14b,ollama-adapter-v2-no-thinking,taxonomy-v1-ollama-v9-saas-evidence-gate,feed_card,1,0,2026-08-25T05:38:12.672521Z,2026-08-25T05:38:14.554811Z,2378,117,1857172417,0
914,172,triage,succeeded,qwen3:14b,ollama-adapter-v2-no-thinking,taxonomy-v1-ollama-v9-saas-evidence-gate,feed_card,1,0,2026-08-25T05:38:14.574544Z,2026-08-25T05:38:17.303144Z,2388,178,2713277543,0
915,173,triage,succeeded,qwen3:14b,ollama-adapter-v2-no-thinking,taxonomy-v1-ollama-v9-saas-evidence-gate,feed_card,1,0,2026-08-25T05:38:17.322746Z,2026-08-25T05:38:19.752363Z,2455,155,2411312311,0
916,174,triage,succeeded,qwen3:14b,ollama-adapter-v2-no-thinking,taxonomy-v1-ollama-v9-saas-evidence-gate,feed_card,1,0,2026-08-25T05:38:19.773369Z,2026-08-25T05:38:22.376598Z,2392,169,2583053102,0
917,175,triage,succeeded,qwen3:14b,ollama-adapter-v2-no-thinking,taxonomy-v1-ollama-v9-saas-evidence-gate,feed_card,1,0,2026-08-25T05:38:22.402615Z,2026-08-25T05:38:24.251509Z,2366,117,1832309152,0
918,176,triage,succeeded,qwen3:14b,ollama-adapter-v2-no-thinking,taxonomy-v1-ollama-v9-saas-evidence-gate,feed_card,1,0,2026-08-25T05:38:24.271302Z,2026-08-25T05:38:26.030757Z,2388,110,1743731494,0
919,177,triage,succeeded,qwen3:14b,ollama-adapter-v2-no-thinking,taxonomy-v1-ollama-v9-saas-evidence-gate,feed_card,1,0,2026-08-25T05:38:26.050538Z,2026-08-25T05:38:28.725893Z,2420,172,2656650109,0
920,178,triage,succeeded,qwen3:14b,ollama-adapter-v2-no-thinking,taxonomy-v1-ollama-v9-saas-evidence-gate,feed_card,1,0,2026-08-25T05:38:28.747566Z,2026-08-25T05:38:30.543519Z,2370,111,1779932511,0
921,179,triage,succeeded,qwen3:14b,ollama-adapter-v2-no-thinking,taxonomy-v1-ollama-v9-saas-evidence-gate,feed_card,1,0,2026-08-25T05:38:30.564568Z,2026-08-25T05:38:33.532085Z,2435,192,2946819795,0
922,180,triage,succeeded,qwen3:14b,ollama-adapter-v2-no-thinking,taxonomy-v1-ollama-v9-saas-evidence-gate,feed_card,1,0,2026-08-25T05:38:33.564870Z,2026-08-25T05:38:36.853805Z,2441,214,3255610732,0
923,181,triage,succeeded,qwen3:14b,ollama-adapter-v2-no-thinking,taxonomy-v1-ollama-v9-saas-evidence-gate,feed_card,1,0,2026-08-25T05:38:36.896607Z,2026-08-25T05:38:38.770902Z,2376,115,1827603541,0
924,182,triage,succeeded,qwen3:14b,ollama-adapter-v2-no-thinking,taxonomy-v1-ollama-v9-saas-evidence-gate,feed_card,1,0,2026-08-25T05:38:38.805273Z,2026-08-25T05:38:40.614058Z,2365,113,1793369112,0
925,183,triage,succeeded,qwen3:14b,ollama-adapter-v2-no-thinking,taxonomy-v1-ollama-v9-saas-evidence-gate,feed_card,1,0,2026-08-25T05:38:40.634135Z,2026-08-25T05:38:42.632981Z,2399,125,1980336621,0
926,184,triage,succeeded,qwen3:14b,ollama-adapter-v2-no-thinking,taxonomy-v1-ollama-v9-saas-evidence-gate,feed_card,1,0,2026-08-25T05:38:42.653243Z,2026-08-25T05:38:45.466587Z,2396,183,2794872029,0
927,185,triage,succeeded,qwen3:14b,ollama-adapter-v2-no-thinking,taxonomy-v1-ollama-v9-saas-evidence-gate,feed_card,1,0,2026-08-25T05:38:45.492980Z,2026-08-25T05:38:48.328063Z,2385,184,2819533488,0
928,186,triage,succeeded,qwen3:14b,ollama-adapter-v2-no-thinking,taxonomy-v1-ollama-v9-saas-evidence-gate,feed_card,1,0,2026-08-25T05:38:48.346520Z,2026-08-25T05:38:50.221116Z,2418,116,1859162364,0
929,187,triage,succeeded,qwen3:14b,ollama-adapter-v2-no-thinking,taxonomy-v1-ollama-v9-saas-evidence-gate,feed_card,1,0,2026-08-25T05:38:50.240333Z,2026-08-25T05:38:52.047075Z,2428,112,1791665132,0
930,188,triage,succeeded,qwen3:14b,ollama-adapter-v2-no-thinking,taxonomy-v1-ollama-v9-saas-evidence-gate,feed_card,1,0,2026-08-25T05:38:52.065670Z,2026-08-25T05:38:54.125879Z,2419,130,2045036015,0
931,189,triage,succeeded,qwen3:14b,ollama-adapter-v2-no-thinking,taxonomy-v1-ollama-v9-saas-evidence-gate,feed_card,1,0,2026-08-25T05:38:54.145820Z,2026-08-25T05:38:56.546478Z,2378,154,2385018966,0
932,190,triage,succeeded,qwen3:14b,ollama-adapter-v2-no-thinking,taxonomy-v1-ollama-v9-saas-evidence-gate,feed_card,1,0,2026-08-25T05:38:56.590864Z,2026-08-25T05:38:59.094560Z,2430,159,2477937147,0
933,191,triage,succeeded,qwen3:14b,ollama-adapter-v2-no-thinking,taxonomy-v1-ollama-v9-saas-evidence-gate,feed_card,1,0,2026-08-25T05:38:59.115588Z,2026-08-25T05:39:01.701494Z,2417,166,2565648162,0
934,192,triage,succeeded,qwen3:14b,ollama-adapter-v2-no-thinking,taxonomy-v1-ollama-v9-saas-evidence-gate,feed_card,1,0,2026-08-25T05:39:01.720580Z,2026-08-25T05:39:03.576025Z,2373,115,1840443963,0
935,193,triage,succeeded,qwen3:14b,ollama-adapter-v2-no-thinking,taxonomy-v1-ollama-v9-saas-evidence-gate,feed_card,1,0,2026-08-25T05:39:03.595390Z,2026-08-25T05:39:05.437135Z,2406,114,1825989053,0
936,194,triage,succeeded,qwen3:14b,ollama-adapter-v2-no-thinking,taxonomy-v1-ollama-v9-saas-evidence-gate,feed_card,1,0,2026-08-25T05:39:05.457216Z,2026-08-25T05:39:07.691722Z,2421,142,2219428082,0
937,195,triage,succeeded,qwen3:14b,ollama-adapter-v2-no-thinking,taxonomy-v1-ollama-v9-saas-evidence-gate,feed_card,1,0,2026-08-25T05:39:07.711834Z,2026-08-25T05:39:09.692125Z,2434,123,1964425666,0
938,196,triage,succeeded,qwen3:14b,ollama-adapter-v2-no-thinking,taxonomy-v1-ollama-v9-saas-evidence-gate,feed_card,1,0,2026-08-25T05:39:09.711392Z,2026-08-25T05:39:12.374627Z,2433,171,2643866928,0
939,197,triage,succeeded,qwen3:14b,ollama-adapter-v2-no-thinking,taxonomy-v1-ollama-v9-saas-evidence-gate,feed_card,1,0,2026-08-25T05:39:12.394382Z,2026-08-25T05:39:14.911586Z,2391,162,2498082558,0
940,198,triage,succeeded,qwen3:14b,ollama-adapter-v2-no-thinking,taxonomy-v1-ollama-v9-saas-evidence-gate,feed_card,1,0,2026-08-25T05:39:14.932417Z,2026-08-25T05:39:16.620513Z,2425,103,1672777544,0
941,199,triage,succeeded,qwen3:14b,ollama-adapter-v2-no-thinking,taxonomy-v1-ollama-v9-saas-evidence-gate,feed_card,1,0,2026-08-25T05:39:16.642179Z,2026-08-25T05:39:19.237758Z,2438,166,2579305465,0
942,200,triage,succeeded,qwen3:14b,ollama-adapter-v2-no-thinking,taxonomy-v1-ollama-v9-saas-evidence-gate,feed_card,1,0,2026-08-25T05:39:19.261507Z,2026-08-25T05:39:21.285177Z,2409,127,2007975700,0
943,201,triage,succeeded,qwen3:14b,ollama-adapter-v2-no-thinking,taxonomy-v1-ollama-v9-saas-evidence-gate,feed_card,1,0,2026-08-25T05:39:21.306894Z,2026-08-25T05:39:23.290988Z,2425,124,1967673237,0
944,202,triage,succeeded,qwen3:14b,ollama-adapter-v2-no-thinking,taxonomy-v1-ollama-v9-saas-evidence-gate,feed_card,1,0,2026-08-25T05:39:23.308692Z,2026-08-25T05:39:25.102403Z,2398,111,1778207665,0
945,203,triage,succeeded,qwen3:14b,ollama-adapter-v2-no-thinking,taxonomy-v1-ollama-v9-saas-evidence-gate,feed_card,1,0,2026-08-25T05:39:25.122112Z,2026-08-25T05:39:28.021269Z,2421,188,2880481545,0
946,204,triage,succeeded,qwen3:14b,ollama-adapter-v2-no-thinking,taxonomy-v1-ollama-v9-saas-evidence-gate,feed_card,1,0,2026-08-25T05:39:28.047024Z,2026-08-25T05:39:30.063042Z,2454,125,1998156809,0
947,205,triage,succeeded,qwen3:14b,ollama-adapter-v2-no-thinking,taxonomy-v1-ollama-v9-saas-evidence-gate,feed_card,1,0,2026-08-25T05:39:30.133054Z,2026-08-25T05:39:32.029984Z,2396,118,1876248873,0
948,206,triage,succeeded,qwen3:14b,ollama-adapter-v2-no-thinking,taxonomy-v1-ollama-v9-saas-evidence-gate,feed_card,1,0,2026-08-25T05:39:32.060764Z,2026-08-25T05:39:34.022599Z,2447,121,1945775729,0
949,207,triage,succeeded,qwen3:14b,ollama-adapter-v2-no-thinking,taxonomy-v1-ollama-v9-saas-evidence-gate,feed_card,1,0,2026-08-25T05:39:34.044432Z,2026-08-25T05:39:35.466817Z,2362,85,1406281882,0
950,208,triage,succeeded,qwen3:14b,ollama-adapter-v2-no-thinking,taxonomy-v1-ollama-v9-saas-evidence-gate,feed_card,1,0,2026-08-25T05:39:35.489351Z,2026-08-25T05:39:37.181026Z,2372,104,1676573726,0
951,209,triage,succeeded,qwen3:14b,ollama-adapter-v2-no-thinking,taxonomy-v1-ollama-v9-saas-evidence-gate,feed_card,1,0,2026-08-25T05:39:37.204175Z,2026-08-25T05:39:38.881159Z,2364,103,1660927913,0
952,210,triage,succeeded,qwen3:14b,ollama-adapter-v2-no-thinking,taxonomy-v1-ollama-v9-saas-evidence-gate,feed_card,1,0,2026-08-25T05:39:38.901365Z,2026-08-25T05:39:40.551922Z,2361,102,1635341883,0
953,211,triage,succeeded,qwen3:14b,ollama-adapter-v2-no-thinking,taxonomy-v1-ollama-v9-saas-evidence-gate,feed_card,1,0,2026-08-25T05:39:40.572879Z,2026-08-25T05:39:42.627253Z,2426,128,2039388027,0
954,212,triage,succeeded,qwen3:14b,ollama-adapter-v2-no-thinking,taxonomy-v1-ollama-v9-saas-evidence-gate,feed_card,1,0,2026-08-25T05:39:42.648664Z,2026-08-25T05:39:45.230694Z,2438,165,2564425356,0
955,213,triage,succeeded,qwen3:14b,ollama-adapter-v2-no-thinking,taxonomy-v1-ollama-v9-saas-evidence-gate,feed_card,1,0,2026-08-25T05:39:45.249754Z,2026-08-25T05:39:47.249722Z,2378,125,1984864848,0
956,214,triage,succeeded,qwen3:14b,ollama-adapter-v2-no-thinking,taxonomy-v1-ollama-v9-saas-evidence-gate,feed_card,1,0,2026-08-25T05:39:47.269422Z,2026-08-25T05:39:49.324320Z,2412,129,2038822372,0
957,215,triage,succeeded,qwen3:14b,ollama-adapter-v2-no-thinking,taxonomy-v1-ollama-v9-saas-evidence-gate,feed_card,1,0,2026-08-25T05:39:49.343582Z,2026-08-25T05:39:51.632762Z,2384,146,2274030128,0
958,216,triage,succeeded,qwen3:14b,ollama-adapter-v2-no-thinking,taxonomy-v1-ollama-v9-saas-evidence-gate,feed_card,1,0,2026-08-25T05:39:51.657394Z,2026-08-25T05:39:53.409485Z,2400,108,1737401774,0
959,217,triage,succeeded,qwen3:14b,ollama-adapter-v2-no-thinking,taxonomy-v1-ollama-v9-saas-evidence-gate,feed_card,1,0,2026-08-25T05:39:53.429759Z,2026-08-25T05:39:55.516001Z,2554,127,2070604715,0
960,218,triage,succeeded,qwen3:14b,ollama-adapter-v2-no-thinking,taxonomy-v1-ollama-v9-saas-evidence-gate,feed_card,1,0,2026-08-25T05:39:55.536033Z,2026-08-25T05:39:57.366998Z,2422,113,1816242308,0
961,219,triage,succeeded,qwen3:14b,ollama-adapter-v2-no-thinking,taxonomy-v1-ollama-v9-saas-evidence-gate,feed_card,1,0,2026-08-25T05:39:57.388207Z,2026-08-25T05:39:59.858217Z,2393,159,2451042291,0
962,220,triage,succeeded,qwen3:14b,ollama-adapter-v2-no-thinking,taxonomy-v1-ollama-v9-saas-evidence-gate,feed_card,1,0,2026-08-25T05:39:59.876306Z,2026-08-25T05:40:01.818603Z,2410,121,1927714365,0
963,221,triage,succeeded,qwen3:14b,ollama-adapter-v2-no-thinking,taxonomy-v1-ollama-v9-saas-evidence-gate,feed_card,1,0,2026-08-25T05:40:01.839105Z,2026-08-25T05:40:04.299666Z,2433,157,2442626118,0
964,222,triage,succeeded,qwen3:14b,ollama-adapter-v2-no-thinking,taxonomy-v1-ollama-v9-saas-evidence-gate,feed_card,1,0,2026-08-25T05:40:04.319083Z,2026-08-25T05:40:06.125678Z,2419,112,1790662759,0
965,223,triage,succeeded,qwen3:14b,ollama-adapter-v2-no-thinking,taxonomy-v1-ollama-v9-saas-evidence-gate,feed_card,1,0,2026-08-25T05:40:06.150665Z,2026-08-25T05:40:08.084737Z,2417,121,1918390572,0
966,224,triage,succeeded,qwen3:14b,ollama-adapter-v2-no-thinking,taxonomy-v1-ollama-v9-saas-evidence-gate,feed_card,1,0,2026-08-25T05:40:08.103904Z,2026-08-25T05:40:10.398671Z,2420,146,2275681821,0
967,225,triage,succeeded,qwen3:14b,ollama-adapter-v2-no-thinking,taxonomy-v1-ollama-v9-saas-evidence-gate,feed_card,1,0,2026-08-25T05:40:10.420186Z,2026-08-25T05:40:12.352893Z,2384,121,1917288957,0
968,226,triage,succeeded,qwen3:14b,ollama-adapter-v2-no-thinking,taxonomy-v1-ollama-v9-saas-evidence-gate,feed_card,1,0,2026-08-25T05:40:12.371720Z,2026-08-25T05:40:14.185321Z,2364,114,1798344228,0
969,227,triage,succeeded,qwen3:14b,ollama-adapter-v2-no-thinking,taxonomy-v1-ollama-v9-saas-evidence-gate,feed_card,1,0,2026-08-25T05:40:14.203210Z,2026-08-25T05:40:16.177636Z,2437,122,1955913693,0
970,228,triage,succeeded,qwen3:14b,ollama-adapter-v2-no-thinking,taxonomy-v1-ollama-v9-saas-evidence-gate,feed_card,1,0,2026-08-25T05:40:16.198308Z,2026-08-25T05:40:17.920724Z,2380,106,1706631170,0
971,229,triage,succeeded,qwen3:14b,ollama-adapter-v2-no-thinking,taxonomy-v1-ollama-v9-saas-evidence-gate,feed_card,1,0,2026-08-25T05:40:17.950462Z,2026-08-25T05:40:19.721818Z,2363,110,1756121594,0
972,230,triage,succeeded,qwen3:14b,ollama-adapter-v2-no-thinking,taxonomy-v1-ollama-v9-saas-evidence-gate,feed_card,1,0,2026-08-25T05:40:19.740887Z,2026-08-25T05:40:21.173683Z,2364,86,1417724564,0
973,231,triage,succeeded,qwen3:14b,ollama-adapter-v2-no-thinking,taxonomy-v1-ollama-v9-saas-evidence-gate,feed_card,1,0,2026-08-25T05:40:21.191208Z,2026-08-25T05:40:23.376725Z,2440,137,2170710353,0
974,232,triage,succeeded,qwen3:14b,ollama-adapter-v2-no-thinking,taxonomy-v1-ollama-v9-saas-evidence-gate,feed_card,1,0,2026-08-25T05:40:23.395743Z,2026-08-25T05:40:25.143041Z,2367,109,1731939521,0
975,233,triage,succeeded,qwen3:14b,ollama-adapter-v2-no-thinking,taxonomy-v1-ollama-v9-saas-evidence-gate,feed_card,1,0,2026-08-25T05:40:25.163772Z,2026-08-25T05:40:27.475783Z,2400,148,2297017722,0
976,234,triage,succeeded,qwen3:14b,ollama-adapter-v2-no-thinking,taxonomy-v1-ollama-v9-saas-evidence-gate,feed_card,1,0,2026-08-25T05:40:27.521720Z,2026-08-25T05:40:29.358878Z,2422,113,1808835619,0
977,235,triage,succeeded,qwen3:14b,ollama-adapter-v2-no-thinking,taxonomy-v1-ollama-v9-saas-evidence-gate,feed_card,1,0,2026-08-25T05:40:29.400352Z,2026-08-25T05:40:31.376728Z,2382,123,1946790549,0
978,236,triage,succeeded,qwen3:14b,ollama-adapter-v2-no-thinking,taxonomy-v1-ollama-v9-saas-evidence-gate,feed_card,1,0,2026-08-25T05:40:31.402805Z,2026-08-25T05:40:34.178795Z,2432,180,2760316917,0
979,237,triage,succeeded,qwen3:14b,ollama-adapter-v2-no-thinking,taxonomy-v1-ollama-v9-saas-evidence-gate,feed_card,1,0,2026-08-25T05:40:34.199277Z,2026-08-25T05:40:36.164128Z,2427,122,1948876357,0
980,238,triage,succeeded,qwen3:14b,ollama-adapter-v2-no-thinking,taxonomy-v1-ollama-v9-saas-evidence-gate,feed_card,1,0,2026-08-25T05:40:36.183879Z,2026-08-25T05:40:38.121314Z,2434,120,1921853380,0
981,239,triage,succeeded,qwen3:14b,ollama-adapter-v2-no-thinking,taxonomy-v1-ollama-v9-saas-evidence-gate,feed_card,1,0,2026-08-25T05:40:38.138569Z,2026-08-25T05:40:40.134985Z,2435,124,1981107448,0
982,240,triage,succeeded,qwen3:14b,ollama-adapter-v2-no-thinking,taxonomy-v1-ollama-v9-saas-evidence-gate,feed_card,1,0,2026-08-25T05:40:40.153594Z,2026-08-25T05:40:42.976894Z,2425,183,2806818485,0
983,241,triage,succeeded,qwen3:14b,ollama-adapter-v2-no-thinking,taxonomy-v1-ollama-v9-saas-evidence-gate,feed_card,1,0,2026-08-25T05:40:43.009126Z,2026-08-25T05:40:44.870524Z,2390,116,1846121145,0
984,242,triage,succeeded,qwen3:14b,ollama-adapter-v2-no-thinking,taxonomy-v1-ollama-v9-saas-evidence-gate,feed_card,1,0,2026-08-25T05:40:44.891822Z,2026-08-25T05:40:46.942340Z,2391,129,2034539218,0
985,243,triage,succeeded,qwen3:14b,ollama-adapter-v2-no-thinking,taxonomy-v1-ollama-v9-saas-evidence-gate,feed_card,1,0,2026-08-25T05:40:46.963816Z,2026-08-25T05:40:49.031542Z,2421,129,2051505278,0
986,244,triage,succeeded,qwen3:14b,ollama-adapter-v2-no-thinking,taxonomy-v1-ollama-v9-saas-evidence-gate,feed_card,1,0,2026-08-25T05:40:49.049859Z,2026-08-25T05:40:50.910834Z,2444,115,1845622220,0
987,245,triage,succeeded,qwen3:14b,ollama-adapter-v2-no-thinking,taxonomy-v1-ollama-v9-saas-evidence-gate,feed_card,1,0,2026-08-25T05:40:50.929068Z,2026-08-25T05:40:52.295403Z,2373,81,1350570648,0
988,246,triage,succeeded,qwen3:14b,ollama-adapter-v2-no-thinking,taxonomy-v1-ollama-v9-saas-evidence-gate,feed_card,1,0,2026-08-25T05:40:52.319982Z,2026-08-25T05:40:54.256993Z,2449,119,1918510404,0
989,247,triage,succeeded,qwen3:14b,ollama-adapter-v2-no-thinking,taxonomy-v1-ollama-v9-saas-evidence-gate,feed_card,1,0,2026-08-25T05:40:54.277598Z,2026-08-25T05:40:56.703913Z,2420,155,2408042536,0
990,248,triage,succeeded,qwen3:14b,ollama-adapter-v2-no-thinking,taxonomy-v1-ollama-v9-saas-evidence-gate,feed_card,1,0,2026-08-25T05:40:56.746189Z,2026-08-25T05:40:58.495645Z,2387,107,1733207643,0
991,249,triage,succeeded,qwen3:14b,ollama-adapter-v2-no-thinking,taxonomy-v1-ollama-v9-saas-evidence-gate,feed_card,1,0,2026-08-25T05:40:58.527685Z,2026-08-25T05:41:00.895097Z,2384,151,2349697260,0
992,250,triage,succeeded,qwen3:14b,ollama-adapter-v2-no-thinking,taxonomy-v1-ollama-v9-saas-evidence-gate,feed_card,1,0,2026-08-25T05:41:00.913059Z,2026-08-25T05:41:02.703041Z,2372,110,1766758647,0
993,251,triage,succeeded,qwen3:14b,ollama-adapter-v2-no-thinking,taxonomy-v1-ollama-v9-saas-evidence-gate,feed_card,1,0,2026-08-25T05:41:02.727585Z,2026-08-25T05:41:04.509855Z,2376,109,1761972530,0
994,252,triage,succeeded,qwen3:14b,ollama-adapter-v2-no-thinking,taxonomy-v1-ollama-v9-saas-evidence-gate,feed_card,1,0,2026-08-25T05:41:04.532257Z,2026-08-25T05:41:06.378491Z,2424,114,1829144366,0
995,253,triage,succeeded,qwen3:14b,ollama-adapter-v2-no-thinking,taxonomy-v1-ollama-v9-saas-evidence-gate,feed_card,1,0,2026-08-25T05:41:06.399851Z,2026-08-25T05:41:09.134748Z,2453,175,2705252159,0
996,254,triage,succeeded,qwen3:14b,ollama-adapter-v2-no-thinking,taxonomy-v1-ollama-v9-saas-evidence-gate,feed_card,1,0,2026-08-25T05:41:09.154993Z,2026-08-25T05:41:10.897725Z,2376,108,1725556950,0
997,255,triage,succeeded,qwen3:14b,ollama-adapter-v2-no-thinking,taxonomy-v1-ollama-v9-saas-evidence-gate,feed_card,1,0,2026-08-25T05:41:10.917757Z,2026-08-25T05:41:13.094831Z,2462,137,2161272012,0
998,256,triage,succeeded,qwen3:14b,ollama-adapter-v2-no-thinking,taxonomy-v1-ollama-v9-saas-evidence-gate,feed_card,1,0,2026-08-25T05:41:13.114810Z,2026-08-25T05:41:15.050727Z,2434,120,1920353141,0
999,257,triage,succeeded,qwen3:14b,ollama-adapter-v2-no-thinking,taxonomy-v1-ollama-v9-saas-evidence-gate,feed_card,1,0,2026-08-25T05:41:15.079642Z,2026-08-25T05:41:16.993749Z,2481,118,1896804664,0
1000,258,triage,succeeded,qwen3:14b,ollama-adapter-v2-no-thinking,taxonomy-v1-ollama-v9-saas-evidence-gate,feed_card,1,0,2026-08-25T05:41:17.014296Z,2026-08-25T05:41:18.597253Z,2368,97,1567069815,0
1001,259,triage,succeeded,qwen3:14b,ollama-adapter-v2-no-thinking,taxonomy-v1-ollama-v9-saas-evidence-gate,feed_card,1,0,2026-08-25T05:41:18.616774Z,2026-08-25T05:41:21.288136Z,2417,172,2651154835,0
1002,260,triage,succeeded,qwen3:14b,ollama-adapter-v2-no-thinking,taxonomy-v1-ollama-v9-saas-evidence-gate,feed_card,1,0,2026-08-25T05:41:21.307247Z,2026-08-25T05:41:23.216394Z,2369,119,1893040006,0
1003,261,triage,succeeded,qwen3:14b,ollama-adapter-v2-no-thinking,taxonomy-v1-ollama-v9-saas-evidence-gate,feed_card,1,0,2026-08-25T05:41:23.235904Z,2026-08-25T05:41:24.832283Z,2365,98,1580833144,0
1004,262,triage,succeeded,qwen3:14b,ollama-adapter-v2-no-thinking,taxonomy-v1-ollama-v9-saas-evidence-gate,feed_card,1,0,2026-08-25T05:41:24.851929Z,2026-08-25T05:41:26.370132Z,2362,92,1502156475,0
1005,263,triage,succeeded,qwen3:14b,ollama-adapter-v2-no-thinking,taxonomy-v1-ollama-v9-saas-evidence-gate,feed_card,1,0,2026-08-25T05:41:26.389962Z,2026-08-25T05:41:28.573373Z,2392,139,2167445282,0
1006,264,triage,succeeded,qwen3:14b,ollama-adapter-v2-no-thinking,taxonomy-v1-ollama-v9-saas-evidence-gate,feed_card,1,0,2026-08-25T05:41:28.593372Z,2026-08-25T05:41:30.554109Z,2366,124,1941743568,0
1007,265,triage,succeeded,qwen3:14b,ollama-adapter-v2-no-thinking,taxonomy-v1-ollama-v9-saas-evidence-gate,feed_card,1,0,2026-08-25T05:41:30.574689Z,2026-08-25T05:41:32.604384Z,2431,127,2008813950,0
1008,266,triage,succeeded,qwen3:14b,ollama-adapter-v2-no-thinking,taxonomy-v1-ollama-v9-saas-evidence-gate,feed_card,1,0,2026-08-25T05:41:32.624281Z,2026-08-25T05:41:34.323202Z,2367,105,1682799456,0
1009,267,triage,succeeded,qwen3:14b,ollama-adapter-v2-no-thinking,taxonomy-v1-ollama-v9-saas-evidence-gate,feed_card,1,0,2026-08-25T05:41:34.353238Z,2026-08-25T05:41:36.375445Z,2433,126,2004537491,0
1010,268,triage,succeeded,qwen3:14b,ollama-adapter-v2-no-thinking,taxonomy-v1-ollama-v9-saas-evidence-gate,feed_card,1,0,2026-08-25T05:41:36.405835Z,2026-08-25T05:41:38.758939Z,2421,149,2322742608,0
1011,269,triage,succeeded,qwen3:14b,ollama-adapter-v2-no-thinking,taxonomy-v1-ollama-v9-saas-evidence-gate,feed_card,1,0,2026-08-25T05:41:38.793696Z,2026-08-25T05:41:41.068305Z,2442,143,2252727460,0
1012,270,triage,succeeded,qwen3:14b,ollama-adapter-v2-no-thinking,taxonomy-v1-ollama-v9-saas-evidence-gate,feed_card,1,0,2026-08-25T05:41:41.086283Z,2026-08-25T05:41:42.814224Z,2380,106,1711961324,0
1013,271,triage,succeeded,qwen3:14b,ollama-adapter-v2-no-thinking,taxonomy-v1-ollama-v9-saas-evidence-gate,feed_card,1,0,2026-08-25T05:41:42.834522Z,2026-08-25T05:41:45.308476Z,2385,158,2450792883,0
1014,272,triage,succeeded,qwen3:14b,ollama-adapter-v2-no-thinking,taxonomy-v1-ollama-v9-saas-evidence-gate,feed_card,1,0,2026-08-25T05:41:45.328482Z,2026-08-25T05:41:47.061863Z,2416,106,1717382361,0
1015,273,triage,succeeded,qwen3:14b,ollama-adapter-v2-no-thinking,taxonomy-v1-ollama-v9-saas-evidence-gate,feed_card,1,0,2026-08-25T05:41:47.082771Z,2026-08-25T05:41:49.007823Z,2410,119,1907779765,0
1016,274,triage,succeeded,qwen3:14b,ollama-adapter-v2-no-thinking,taxonomy-v1-ollama-v9-saas-evidence-gate,feed_card,1,0,2026-08-25T05:41:49.026113Z,2026-08-25T05:41:50.649915Z,2365,100,1608207111,0
1017,275,triage,succeeded,qwen3:14b,ollama-adapter-v2-no-thinking,taxonomy-v1-ollama-v9-saas-evidence-gate,feed_card,1,0,2026-08-25T05:41:50.673046Z,2026-08-25T05:41:53.589719Z,2438,189,2893902726,0
1018,276,triage,succeeded,qwen3:14b,ollama-adapter-v2-no-thinking,taxonomy-v1-ollama-v9-saas-evidence-gate,feed_card,1,0,2026-08-25T05:41:53.619048Z,2026-08-25T05:41:55.721431Z,2431,132,2085920286,0
1019,277,triage,succeeded,qwen3:14b,ollama-adapter-v2-no-thinking,taxonomy-v1-ollama-v9-saas-evidence-gate,feed_card,1,0,2026-08-25T05:41:55.741208Z,2026-08-25T05:41:57.792002Z,2446,128,2033287571,0
1020,278,triage,succeeded,qwen3:14b,ollama-adapter-v2-no-thinking,taxonomy-v1-ollama-v9-saas-evidence-gate,feed_card,1,0,2026-08-25T05:41:57.813507Z,2026-08-25T05:41:59.877510Z,2413,130,2048443503,0
1021,279,triage,succeeded,qwen3:14b,ollama-adapter-v2-no-thinking,taxonomy-v1-ollama-v9-saas-evidence-gate,feed_card,1,0,2026-08-25T05:41:59.897577Z,2026-08-25T05:42:02.352927Z,2393,158,2432605345,0
1022,280,triage,succeeded,qwen3:14b,ollama-adapter-v2-no-thinking,taxonomy-v1-ollama-v9-saas-evidence-gate,feed_card,1,0,2026-08-25T05:42:02.371349Z,2026-08-25T05:42:04.318128Z,2428,121,1929659527,0
1023,281,triage,succeeded,qwen3:14b,ollama-adapter-v2-no-thinking,taxonomy-v1-ollama-v9-saas-evidence-gate,feed_card,1,0,2026-08-25T05:42:04.341565Z,2026-08-25T05:42:06.880424Z,2396,163,2522324658,0
1024,282,triage,succeeded,qwen3:14b,ollama-adapter-v2-no-thinking,taxonomy-v1-ollama-v9-saas-evidence-gate,feed_card,1,0,2026-08-25T05:42:06.899141Z,2026-08-25T05:42:09.068920Z,2426,137,2151264652,0
1025,283,triage,succeeded,qwen3:14b,ollama-adapter-v2-no-thinking,taxonomy-v1-ollama-v9-saas-evidence-gate,feed_card,1,0,2026-08-25T05:42:09.095378Z,2026-08-25T05:42:10.711550Z,2363,100,1600491980,0
1026,284,triage,succeeded,qwen3:14b,ollama-adapter-v2-no-thinking,taxonomy-v1-ollama-v9-saas-evidence-gate,feed_card,1,0,2026-08-25T05:42:10.734517Z,2026-08-25T05:42:12.705596Z,2369,124,1953572620,0
1027,285,triage,succeeded,qwen3:14b,ollama-adapter-v2-no-thinking,taxonomy-v1-ollama-v9-saas-evidence-gate,feed_card,1,0,2026-08-25T05:42:12.726071Z,2026-08-25T05:42:14.549544Z,2376,114,1807849871,0
1028,286,triage,succeeded,qwen3:14b,ollama-adapter-v2-no-thinking,taxonomy-v1-ollama-v9-saas-evidence-gate,thread,1,0,2026-08-25T05:42:14.570843Z,2026-08-25T05:42:16.773404Z,3014,122,2184350226,5
1029,287,triage,succeeded,qwen3:14b,ollama-adapter-v2-no-thinking,taxonomy-v1-ollama-v9-saas-evidence-gate,feed_card,1,0,2026-08-25T05:42:16.792198Z,2026-08-25T05:42:19.135449Z,2387,150,2324930767,0
1030,288,triage,succeeded,qwen3:14b,ollama-adapter-v2-no-thinking,taxonomy-v1-ollama-v9-saas-evidence-gate,feed_card,1,0,2026-08-25T05:42:19.155370Z,2026-08-25T05:42:20.830264Z,2395,103,1659130101,0
1031,289,triage,succeeded,qwen3:14b,ollama-adapter-v2-no-thinking,taxonomy-v1-ollama-v9-saas-evidence-gate,feed_card,1,0,2026-08-25T05:42:20.851773Z,2026-08-25T05:42:22.738498Z,2403,117,1870204828,0
1032,290,triage,succeeded,qwen3:14b,ollama-adapter-v2-no-thinking,taxonomy-v1-ollama-v9-saas-evidence-gate,feed_card,1,0,2026-08-25T05:42:22.760521Z,2026-08-25T05:42:24.809973Z,2414,129,2032583693,0
1033,291,triage,succeeded,qwen3:14b,ollama-adapter-v2-no-thinking,taxonomy-v1-ollama-v9-saas-evidence-gate,feed_card,1,0,2026-08-25T05:42:24.831941Z,2026-08-25T05:42:26.861339Z,2400,128,2013455719,0
1034,292,triage,succeeded,qwen3:14b,ollama-adapter-v2-no-thinking,taxonomy-v1-ollama-v9-saas-evidence-gate,feed_card,1,0,2026-08-25T05:42:26.881909Z,2026-08-25T05:42:28.465762Z,2370,96,1567892736,0
1035,293,triage,succeeded,qwen3:14b,ollama-adapter-v2-no-thinking,taxonomy-v1-ollama-v9-saas-evidence-gate,feed_card,1,0,2026-08-25T05:42:28.484742Z,2026-08-25T05:42:30.322051Z,2363,115,1822302276,0
1036,294,triage,succeeded,qwen3:14b,ollama-adapter-v2-no-thinking,taxonomy-v1-ollama-v9-saas-evidence-gate,feed_card,1,0,2026-08-25T05:42:30.342946Z,2026-08-25T05:42:32.084778Z,2372,108,1726346583,0
1037,295,triage,succeeded,qwen3:14b,ollama-adapter-v2-no-thinking,taxonomy-v1-ollama-v9-saas-evidence-gate,feed_card,1,0,2026-08-25T05:42:32.104074Z,2026-08-25T05:42:33.755685Z,2372,100,1623385730,0
1038,296,triage,succeeded,qwen3:14b,ollama-adapter-v2-no-thinking,taxonomy-v1-ollama-v9-saas-evidence-gate,feed_card,1,0,2026-08-25T05:42:33.776089Z,2026-08-25T05:42:36.081616Z,2379,147,2286496216,0
1039,297,triage,succeeded,qwen3:14b,ollama-adapter-v2-no-thinking,taxonomy-v1-ollama-v9-saas-evidence-gate,feed_card,1,0,2026-08-25T05:42:36.103496Z,2026-08-25T05:42:37.781758Z,2431,101,1637456503,0
1040,298,triage,succeeded,qwen3:14b,ollama-adapter-v2-no-thinking,taxonomy-v1-ollama-v9-saas-evidence-gate,feed_card,1,0,2026-08-25T05:42:37.811200Z,2026-08-25T05:42:39.370238Z,2368,96,1543644853,0
1041,299,triage,succeeded,qwen3:14b,ollama-adapter-v2-no-thinking,taxonomy-v1-ollama-v9-saas-evidence-gate,feed_card,1,0,2026-08-25T05:42:39.397917Z,2026-08-25T05:42:41.330028Z,2377,120,1899923047,0
1042,300,triage,succeeded,qwen3:14b,ollama-adapter-v2-no-thinking,taxonomy-v1-ollama-v9-saas-evidence-gate,feed_card,1,0,2026-08-25T05:42:41.365551Z,2026-08-25T05:42:43.086897Z,2428,106,1704195528,0
1043,301,triage,succeeded,qwen3:14b,ollama-adapter-v2-no-thinking,taxonomy-v1-ollama-v9-saas-evidence-gate,feed_card,1,0,2026-08-25T05:42:43.108427Z,2026-08-25T05:42:45.203082Z,2424,132,2078364332,0
1044,302,triage,succeeded,qwen3:14b,ollama-adapter-v2-no-thinking,taxonomy-v1-ollama-v9-saas-evidence-gate,feed_card,1,0,2026-08-25T05:42:45.221198Z,2026-08-25T05:42:46.917389Z,2424,104,1679754464,0
1045,303,triage,succeeded,qwen3:14b,ollama-adapter-v2-no-thinking,taxonomy-v1-ollama-v9-saas-evidence-gate,feed_card,1,0,2026-08-25T05:42:46.936049Z,2026-08-25T05:42:48.857549Z,2440,119,1905419097,0
1046,304,triage,succeeded,qwen3:14b,ollama-adapter-v2-no-thinking,taxonomy-v1-ollama-v9-saas-evidence-gate,feed_card,1,0,2026-08-25T05:42:48.879410Z,2026-08-25T05:42:50.861486Z,2433,123,1965114600,0
1047,305,triage,succeeded,qwen3:14b,ollama-adapter-v2-no-thinking,taxonomy-v1-ollama-v9-saas-evidence-gate,feed_card,1,0,2026-08-25T05:42:50.881093Z,2026-08-25T05:42:53.236483Z,2444,150,2339777441,0
1048,306,triage,succeeded,qwen3:14b,ollama-adapter-v2-no-thinking,taxonomy-v1-ollama-v9-saas-evidence-gate,feed_card,1,0,2026-08-25T05:42:53.255392Z,2026-08-25T05:42:55.069321Z,2421,112,1797749003,0
1049,307,triage,succeeded,qwen3:14b,ollama-adapter-v2-no-thinking,taxonomy-v1-ollama-v9-saas-evidence-gate,feed_card,1,0,2026-08-25T05:42:55.088520Z,2026-08-25T05:42:56.961202Z,2387,117,1856663157,0
1050,308,triage,succeeded,qwen3:14b,ollama-adapter-v2-no-thinking,taxonomy-v1-ollama-v9-saas-evidence-gate,feed_card,1,0,2026-08-25T05:42:56.980360Z,2026-08-25T05:42:58.793514Z,2397,113,1796755765,0
1051,309,triage,succeeded,qwen3:14b,ollama-adapter-v2-no-thinking,taxonomy-v1-ollama-v9-saas-evidence-gate,feed_card,1,0,2026-08-25T05:42:58.811431Z,2026-08-25T05:43:00.864553Z,2425,129,2034399390,0
1052,310,triage,succeeded,qwen3:14b,ollama-adapter-v2-no-thinking,taxonomy-v1-ollama-v9-saas-evidence-gate,feed_card,1,0,2026-08-25T05:43:00.883490Z,2026-08-25T05:43:02.973647Z,2378,132,2074395938,0
1053,311,triage,succeeded,qwen3:14b,ollama-adapter-v2-no-thinking,taxonomy-v1-ollama-v9-saas-evidence-gate,feed_card,1,0,2026-08-25T05:43:02.995129Z,2026-08-25T05:43:05.509523Z,2429,160,2495482850,0
1054,312,triage,succeeded,qwen3:14b,ollama-adapter-v2-no-thinking,taxonomy-v1-ollama-v9-saas-evidence-gate,feed_card,1,0,2026-08-25T05:43:05.529102Z,2026-08-25T05:43:07.269153Z,2412,107,1722388491,0
1055,313,triage,succeeded,qwen3:14b,ollama-adapter-v2-no-thinking,taxonomy-v1-ollama-v9-saas-evidence-gate,feed_card,1,0,2026-08-25T05:43:07.289793Z,2026-08-25T05:43:09.721530Z,2422,155,2412912859,0
1056,314,triage,succeeded,qwen3:14b,ollama-adapter-v2-no-thinking,taxonomy-v1-ollama-v9-saas-evidence-gate,feed_card,1,0,2026-08-25T05:43:09.740052Z,2026-08-25T05:43:11.307824Z,2365,96,1551436555,0
1057,315,triage,succeeded,qwen3:14b,ollama-adapter-v2-no-thinking,taxonomy-v1-ollama-v9-saas-evidence-gate,feed_card,1,0,2026-08-25T05:43:11.328640Z,2026-08-25T05:43:13.334114Z,2442,124,1985035105,0
1058,316,triage,succeeded,qwen3:14b,ollama-adapter-v2-no-thinking,taxonomy-v1-ollama-v9-saas-evidence-gate,feed_card,1,0,2026-08-25T05:43:13.352486Z,2026-08-25T05:43:15.027014Z,2371,103,1658500060,0
1059,317,triage,succeeded,qwen3:14b,ollama-adapter-v2-no-thinking,taxonomy-v1-ollama-v9-saas-evidence-gate,feed_card,1,0,2026-08-25T05:43:15.048526Z,2026-08-25T05:43:17.302690Z,2421,143,2237269954,0
1060,318,triage,succeeded,qwen3:14b,ollama-adapter-v2-no-thinking,taxonomy-v1-ollama-v9-saas-evidence-gate,feed_card,1,0,2026-08-25T05:43:17.339490Z,2026-08-25T05:43:19.219340Z,2410,116,1863337530,0
1061,319,triage,succeeded,qwen3:14b,ollama-adapter-v2-no-thinking,taxonomy-v1-ollama-v9-saas-evidence-gate,feed_card,1,0,2026-08-25T05:43:19.242521Z,2026-08-25T05:43:22.462013Z,2415,211,3199094858,0
1062,320,triage,succeeded,qwen3:14b,ollama-adapter-v2-no-thinking,taxonomy-v1-ollama-v9-saas-evidence-gate,feed_card,1,0,2026-08-25T05:43:22.483859Z,2026-08-25T05:43:24.303479Z,2442,112,1804167142,0
1063,321,triage,succeeded,qwen3:14b,ollama-adapter-v2-no-thinking,taxonomy-v1-ollama-v9-saas-evidence-gate,feed_card,1,0,2026-08-25T05:43:24.323629Z,2026-08-25T05:43:26.187878Z,2412,116,1848580292,0
1064,322,triage,succeeded,qwen3:14b,ollama-adapter-v2-no-thinking,taxonomy-v1-ollama-v9-saas-evidence-gate,feed_card,1,0,2026-08-25T05:43:26.206529Z,2026-08-25T05:43:28.134168Z,2452,119,1910966594,0
1065,323,triage,succeeded,qwen3:14b,ollama-adapter-v2-no-thinking,taxonomy-v1-ollama-v9-saas-evidence-gate,feed_card,1,0,2026-08-25T05:43:28.248554Z,2026-08-25T05:43:30.416690Z,2428,136,2131409378,0
1066,324,triage,succeeded,qwen3:14b,ollama-adapter-v2-no-thinking,taxonomy-v1-ollama-v9-saas-evidence-gate,feed_card,1,0,2026-08-25T05:43:30.435673Z,2026-08-25T05:43:33.363260Z,2425,190,2905050464,0
1067,325,triage,succeeded,qwen3:14b,ollama-adapter-v2-no-thinking,taxonomy-v1-ollama-v9-saas-evidence-gate,feed_card,1,0,2026-08-25T05:43:33.384808Z,2026-08-25T05:43:35.435724Z,2391,129,2035518359,0
1068,326,triage,succeeded,qwen3:14b,ollama-adapter-v2-no-thinking,taxonomy-v1-ollama-v9-saas-evidence-gate,feed_card,1,0,2026-08-25T05:43:35.455998Z,2026-08-25T05:43:37.311833Z,2404,115,1839915565,0
1069,327,triage,succeeded,qwen3:14b,ollama-adapter-v2-no-thinking,taxonomy-v1-ollama-v9-saas-evidence-gate,feed_card,1,0,2026-08-25T05:43:37.329685Z,2026-08-25T05:43:39.261292Z,2412,120,1915575042,0
1070,328,triage,succeeded,qwen3:14b,ollama-adapter-v2-no-thinking,taxonomy-v1-ollama-v9-saas-evidence-gate,feed_card,1,0,2026-08-25T05:43:39.280575Z,2026-08-25T05:43:41.379881Z,2426,132,2083542440,0
1071,329,triage,succeeded,qwen3:14b,ollama-adapter-v2-no-thinking,taxonomy-v1-ollama-v9-saas-evidence-gate,feed_card,1,0,2026-08-25T05:43:41.400888Z,2026-08-25T05:43:43.591173Z,2394,139,2174264450,0
1072,330,triage,succeeded,qwen3:14b,ollama-adapter-v2-no-thinking,taxonomy-v1-ollama-v9-saas-evidence-gate,feed_card,1,0,2026-08-25T05:43:43.611912Z,2026-08-25T05:43:45.851383Z,2396,142,2219510645,0
1073,331,triage,succeeded,qwen3:14b,ollama-adapter-v2-no-thinking,taxonomy-v1-ollama-v9-saas-evidence-gate,feed_card,1,0,2026-08-25T05:43:45.870037Z,2026-08-25T05:43:47.909579Z,2440,127,2023994520,0
1074,332,triage,succeeded,qwen3:14b,ollama-adapter-v2-no-thinking,taxonomy-v1-ollama-v9-saas-evidence-gate,feed_card,1,0,2026-08-25T05:43:47.958590Z,2026-08-25T05:43:49.750718Z,2377,110,1761221640,0
1075,333,triage,succeeded,qwen3:14b,ollama-adapter-v2-no-thinking,taxonomy-v1-ollama-v9-saas-evidence-gate,feed_card,1,0,2026-08-25T05:43:49.789192Z,2026-08-25T05:43:51.635005Z,2422,114,1828309746,0
1076,334,triage,succeeded,qwen3:14b,ollama-adapter-v2-no-thinking,taxonomy-v1-ollama-v9-saas-evidence-gate,feed_card,1,0,2026-08-25T05:43:51.674497Z,2026-08-25T05:43:53.243161Z,2363,96,1553547469,0
1077,335,triage,succeeded,qwen3:14b,ollama-adapter-v2-no-thinking,taxonomy-v1-ollama-v9-saas-evidence-gate,feed_card,1,0,2026-08-25T05:43:53.263252Z,2026-08-25T05:43:55.135496Z,2374,117,1856266953,0
1078,336,triage,succeeded,qwen3:14b,ollama-adapter-v2-no-thinking,taxonomy-v1-ollama-v9-saas-evidence-gate,feed_card,1,0,2026-08-25T05:43:55.155292Z,2026-08-25T05:43:57.896201Z,2402,177,2723605432,0
1079,337,triage,succeeded,qwen3:14b,ollama-adapter-v2-no-thinking,taxonomy-v1-ollama-v9-saas-evidence-gate,feed_card,1,0,2026-08-25T05:43:57.915131Z,2026-08-25T05:43:59.942269Z,2428,127,2011340048,0
1080,338,triage,succeeded,qwen3:14b,ollama-adapter-v2-no-thinking,taxonomy-v1-ollama-v9-saas-evidence-gate,feed_card,1,0,2026-08-25T05:43:59.962011Z,2026-08-25T05:44:01.976848Z,2379,126,1998668059,0
1081,339,triage,succeeded,qwen3:14b,ollama-adapter-v2-no-thinking,taxonomy-v1-ollama-v9-saas-evidence-gate,feed_card,1,0,2026-08-25T05:44:01.996441Z,2026-08-25T05:44:04.476038Z,2419,158,2460983685,0
1082,340,triage,succeeded,qwen3:14b,ollama-adapter-v2-no-thinking,taxonomy-v1-ollama-v9-saas-evidence-gate,feed_card,1,0,2026-08-25T05:44:04.496017Z,2026-08-25T05:44:06.649947Z,2425,135,2121715791,0
1083,341,triage,succeeded,qwen3:14b,ollama-adapter-v2-no-thinking,taxonomy-v1-ollama-v9-saas-evidence-gate,feed_card,1,0,2026-08-25T05:44:06.669243Z,2026-08-25T05:44:09.179160Z,2369,161,2486228210,0
1084,342,triage,succeeded,qwen3:14b,ollama-adapter-v2-no-thinking,taxonomy-v1-ollama-v9-saas-evidence-gate,feed_card,1,0,2026-08-25T05:44:09.199034Z,2026-08-25T05:44:10.568657Z,2368,82,1352916474,0
1085,343,triage,succeeded,qwen3:14b,ollama-adapter-v2-no-thinking,taxonomy-v1-ollama-v9-saas-evidence-gate,feed_card,1,0,2026-08-25T05:44:10.599380Z,2026-08-25T05:44:13.025469Z,2417,154,2405755089,0
1086,344,triage,succeeded,qwen3:14b,ollama-adapter-v2-no-thinking,taxonomy-v1-ollama-v9-saas-evidence-gate,feed_card,1,0,2026-08-25T05:44:13.057593Z,2026-08-25T05:44:15.044006Z,2395,125,1969597728,0
1087,345,triage,succeeded,qwen3:14b,ollama-adapter-v2-no-thinking,taxonomy-v1-ollama-v9-saas-evidence-gate,feed_card,1,0,2026-08-25T05:44:15.064153Z,2026-08-25T05:44:16.985236Z,2404,119,1905399012,0
1088,346,triage,succeeded,qwen3:14b,ollama-adapter-v2-no-thinking,taxonomy-v1-ollama-v9-saas-evidence-gate,feed_card,1,0,2026-08-25T05:44:17.005450Z,2026-08-25T05:44:19.245684Z,2420,142,2219763298,0
1089,347,triage,succeeded,qwen3:14b,ollama-adapter-v2-no-thinking,taxonomy-v1-ollama-v9-saas-evidence-gate,feed_card,1,0,2026-08-25T05:44:19.265872Z,2026-08-25T05:44:21.799190Z,2421,162,2514031486,0
1090,348,triage,succeeded,qwen3:14b,ollama-adapter-v2-no-thinking,taxonomy-v1-ollama-v9-saas-evidence-gate,feed_card,1,0,2026-08-25T05:44:21.817549Z,2026-08-25T05:44:24.028535Z,2429,139,2193789435,0
1091,349,triage,succeeded,qwen3:14b,ollama-adapter-v2-no-thinking,taxonomy-v1-ollama-v9-saas-evidence-gate,feed_card,1,0,2026-08-25T05:44:24.049225Z,2026-08-25T05:44:25.934089Z,2374,116,1868293962,0
1092,350,triage,succeeded,qwen3:14b,ollama-adapter-v2-no-thinking,taxonomy-v1-ollama-v9-saas-evidence-gate,feed_card,1,0,2026-08-25T05:44:25.953489Z,2026-08-25T05:44:28.149339Z,2389,139,2179667473,0
1093,351,triage,succeeded,qwen3:14b,ollama-adapter-v2-no-thinking,taxonomy-v1-ollama-v9-saas-evidence-gate,feed_card,1,0,2026-08-25T05:44:28.200880Z,2026-08-25T05:44:30.352637Z,2444,134,2125738664,0
1094,352,triage,succeeded,qwen3:14b,ollama-adapter-v2-no-thinking,taxonomy-v1-ollama-v9-saas-evidence-gate,feed_card,1,0,2026-08-25T05:44:30.371683Z,2026-08-25T05:44:32.306629Z,2437,119,1917685193,0
1095,353,triage,succeeded,qwen3:14b,ollama-adapter-v2-no-thinking,taxonomy-v1-ollama-v9-saas-evidence-gate,feed_card,1,0,2026-08-25T05:44:32.325021Z,2026-08-25T05:44:34.259931Z,2375,121,1919254134,0
1096,354,triage,succeeded,qwen3:14b,ollama-adapter-v2-no-thinking,taxonomy-v1-ollama-v9-saas-evidence-gate,feed_card,1,0,2026-08-25T05:44:34.280582Z,2026-08-25T05:44:35.640524Z,2367,81,1343566845,0
1097,355,triage,succeeded,qwen3:14b,ollama-adapter-v2-no-thinking,taxonomy-v1-ollama-v9-saas-evidence-gate,feed_card,1,0,2026-08-25T05:44:35.660842Z,2026-08-25T05:44:37.212300Z,2363,95,1534264189,0
1098,356,triage,succeeded,qwen3:14b,ollama-adapter-v2-no-thinking,taxonomy-v1-ollama-v9-saas-evidence-gate,feed_card,1,0,2026-08-25T05:44:37.231048Z,2026-08-25T05:44:39.218979Z,2394,124,1971058643,0
1099,357,triage,succeeded,qwen3:14b,ollama-adapter-v2-no-thinking,taxonomy-v1-ollama-v9-saas-evidence-gate,feed_card,1,0,2026-08-25T05:44:39.237854Z,2026-08-25T05:44:41.552054Z,2419,147,2297694105,0
1100,358,triage,succeeded,qwen3:14b,ollama-adapter-v2-no-thinking,taxonomy-v1-ollama-v9-saas-evidence-gate,feed_card,1,0,2026-08-25T05:44:41.571791Z,2026-08-25T05:44:43.408350Z,2426,113,1818847738,0
1101,359,triage,succeeded,qwen3:14b,ollama-adapter-v2-no-thinking,taxonomy-v1-ollama-v9-saas-evidence-gate,feed_card,1,0,2026-08-25T05:44:43.427448Z,2026-08-25T05:44:44.961968Z,2369,93,1518769341,0
1102,360,triage,succeeded,qwen3:14b,ollama-adapter-v2-no-thinking,taxonomy-v1-ollama-v9-saas-evidence-gate,feed_card,1,0,2026-08-25T05:44:44.981273Z,2026-08-25T05:44:47.312157Z,2427,148,2312064005,0
1103,361,triage,succeeded,qwen3:14b,ollama-adapter-v2-no-thinking,taxonomy-v1-ollama-v9-saas-evidence-gate,feed_card,1,0,2026-08-25T05:44:47.331602Z,2026-08-25T05:44:48.903569Z,2365,96,1556808961,0
1104,362,triage,succeeded,qwen3:14b,ollama-adapter-v2-no-thinking,taxonomy-v1-ollama-v9-saas-evidence-gate,feed_card,1,0,2026-08-25T05:44:48.922204Z,2026-08-25T05:44:50.731033Z,2403,111,1793389853,0
1105,363,triage,succeeded,qwen3:14b,ollama-adapter-v2-no-thinking,taxonomy-v1-ollama-v9-saas-evidence-gate,feed_card,1,0,2026-08-25T05:44:50.752331Z,2026-08-25T05:44:52.372325Z,2375,99,1603836830,0
1106,364,triage,succeeded,qwen3:14b,ollama-adapter-v2-no-thinking,taxonomy-v1-ollama-v9-saas-evidence-gate,feed_card,1,0,2026-08-25T05:44:52.406080Z,2026-08-25T05:44:54.801862Z,2417,151,2349733358,0
1107,365,triage,succeeded,qwen3:14b,ollama-adapter-v2-no-thinking,taxonomy-v1-ollama-v9-saas-evidence-gate,feed_card,1,0,2026-08-25T05:44:54.850107Z,2026-08-25T05:44:56.633023Z,2382,110,1764419906,0
1108,366,triage,succeeded,qwen3:14b,ollama-adapter-v2-no-thinking,taxonomy-v1-ollama-v9-saas-evidence-gate,feed_card,1,0,2026-08-25T05:44:56.673606Z,2026-08-25T05:44:58.905988Z,2400,141,2204208505,0
1109,367,triage,succeeded,qwen3:14b,ollama-adapter-v2-no-thinking,taxonomy-v1-ollama-v9-saas-evidence-gate,feed_card,1,0,2026-08-25T05:44:58.945212Z,2026-08-25T05:45:01.306396Z,2422,150,2341060079,0
1110,368,triage,succeeded,qwen3:14b,ollama-adapter-v2-no-thinking,taxonomy-v1-ollama-v9-saas-evidence-gate,feed_card,1,0,2026-08-25T05:45:01.325482Z,2026-08-25T05:45:03.137299Z,2370,112,1795089359,0
1111,369,triage,succeeded,qwen3:14b,ollama-adapter-v2-no-thinking,taxonomy-v1-ollama-v9-saas-evidence-gate,feed_card,1,0,2026-08-25T05:45:03.154809Z,2026-08-25T05:45:05.154718Z,2384,125,1983594939,0
1112,370,triage,succeeded,qwen3:14b,ollama-adapter-v2-no-thinking,taxonomy-v1-ollama-v9-saas-evidence-gate,feed_card,1,0,2026-08-25T05:45:05.177275Z,2026-08-25T05:45:06.924148Z,2438,106,1729476832,0
1113,371,triage,succeeded,qwen3:14b,ollama-adapter-v2-no-thinking,taxonomy-v1-ollama-v9-saas-evidence-gate,feed_card,1,0,2026-08-25T05:45:06.942951Z,2026-08-25T05:45:09.014270Z,2377,130,2055142075,0
1114,372,triage,succeeded,qwen3:14b,ollama-adapter-v2-no-thinking,taxonomy-v1-ollama-v9-saas-evidence-gate,feed_card,1,0,2026-08-25T05:45:09.032069Z,2026-08-25T05:45:11.825356Z,2407,181,2774958064,0
1115,373,triage,succeeded,qwen3:14b,ollama-adapter-v2-no-thinking,taxonomy-v1-ollama-v9-saas-evidence-gate,feed_card,1,0,2026-08-25T05:45:11.846583Z,2026-08-25T05:45:13.855231Z,2390,125,1992273021,0
1116,374,triage,succeeded,qwen3:14b,ollama-adapter-v2-no-thinking,taxonomy-v1-ollama-v9-saas-evidence-gate,feed_card,1,0,2026-08-25T05:45:13.875244Z,2026-08-25T05:45:16.238911Z,2414,149,2346715738,0
1117,375,triage,succeeded,qwen3:14b,ollama-adapter-v2-no-thinking,taxonomy-v1-ollama-v9-saas-evidence-gate,feed_card,1,0,2026-08-25T05:45:16.272644Z,2026-08-25T05:45:18.411662Z,2421,134,2119113035,0
1118,376,triage,succeeded,qwen3:14b,ollama-adapter-v2-no-thinking,taxonomy-v1-ollama-v9-saas-evidence-gate,feed_card,1,0,2026-08-25T05:45:18.431062Z,2026-08-25T05:45:20.483697Z,2367,130,2035345564,0
1119,377,triage,succeeded,qwen3:14b,ollama-adapter-v2-no-thinking,taxonomy-v1-ollama-v9-saas-evidence-gate,feed_card,1,0,2026-08-25T05:45:20.515043Z,2026-08-25T05:45:22.390883Z,2363,116,1857447756,0
1120,378,triage,succeeded,qwen3:14b,ollama-adapter-v2-no-thinking,taxonomy-v1-ollama-v9-saas-evidence-gate,feed_card,1,0,2026-08-25T05:45:22.411121Z,2026-08-25T05:45:24.275148Z,2414,115,1847683585,0
1121,379,triage,succeeded,qwen3:14b,ollama-adapter-v2-no-thinking,taxonomy-v1-ollama-v9-saas-evidence-gate,feed_card,1,0,2026-08-25T05:45:24.293226Z,2026-08-25T05:45:26.787565Z,2432,159,2474553049,0
1122,380,triage,succeeded,qwen3:14b,ollama-adapter-v2-no-thinking,taxonomy-v1-ollama-v9-saas-evidence-gate,feed_card,1,0,2026-08-25T05:45:26.806892Z,2026-08-25T05:45:28.932610Z,2397,134,2108939261,0
1123,381,triage,succeeded,qwen3:14b,ollama-adapter-v2-no-thinking,taxonomy-v1-ollama-v9-saas-evidence-gate,feed_card,1,0,2026-08-25T05:45:28.952738Z,2026-08-25T05:45:30.913252Z,2421,122,1944600279,0
1124,382,triage,succeeded,qwen3:14b,ollama-adapter-v2-no-thinking,taxonomy-v1-ollama-v9-saas-evidence-gate,feed_card,1,0,2026-08-25T05:45:30.933257Z,2026-08-25T05:45:32.688771Z,2399,107,1738840129,0
1125,383,triage,succeeded,qwen3:14b,ollama-adapter-v2-no-thinking,taxonomy-v1-ollama-v9-saas-evidence-gate,feed_card,1,0,2026-08-25T05:45:32.710162Z,2026-08-25T05:45:34.482496Z,2370,109,1755511101,0
1126,384,triage,succeeded,qwen3:14b,ollama-adapter-v2-no-thinking,taxonomy-v1-ollama-v9-saas-evidence-gate,feed_card,1,0,2026-08-25T05:45:34.519379Z,2026-08-25T05:45:36.476085Z,2411,121,1939806713,0
1127,385,triage,succeeded,qwen3:14b,ollama-adapter-v2-no-thinking,taxonomy-v1-ollama-v9-saas-evidence-gate,feed_card,1,0,2026-08-25T05:45:36.495766Z,2026-08-25T05:45:38.319466Z,2430,112,1806164593,0
1128,386,triage,succeeded,qwen3:14b,ollama-adapter-v2-no-thinking,taxonomy-v1-ollama-v9-saas-evidence-gate,feed_card,1,0,2026-08-25T05:45:38.337808Z,2026-08-25T05:45:39.976827Z,2375,99,1623200371,0
1129,387,triage,succeeded,qwen3:14b,ollama-adapter-v2-no-thinking,taxonomy-v1-ollama-v9-saas-evidence-gate,feed_card,1,0,2026-08-25T05:45:40.000087Z,2026-08-25T05:45:42.321395Z,2480,145,2302063872,0
1130,388,triage,succeeded,qwen3:14b,ollama-adapter-v2-no-thinking,taxonomy-v1-ollama-v9-saas-evidence-gate,feed_card,1,0,2026-08-25T05:45:42.403873Z,2026-08-25T05:45:44.610635Z,2385,140,2190045543,0
1131,389,triage,succeeded,qwen3:14b,ollama-adapter-v2-no-thinking,taxonomy-v1-ollama-v9-saas-evidence-gate,feed_card,1,0,2026-08-25T05:45:44.632058Z,2026-08-25T05:45:46.244168Z,2382,98,1595619562,0
1132,390,triage,succeeded,qwen3:14b,ollama-adapter-v2-no-thinking,taxonomy-v1-ollama-v9-saas-evidence-gate,feed_card,1,0,2026-08-25T05:45:46.263239Z,2026-08-25T05:45:48.043097Z,2396,108,1757219660,0
1133,391,triage,succeeded,qwen3:14b,ollama-adapter-v2-no-thinking,taxonomy-v1-ollama-v9-saas-evidence-gate,feed_card,1,0,2026-08-25T05:45:48.063994Z,2026-08-25T05:45:50.671774Z,2391,168,2589548886,0
1134,392,triage,succeeded,qwen3:14b,ollama-adapter-v2-no-thinking,taxonomy-v1-ollama-v9-saas-evidence-gate,feed_card,1,0,2026-08-25T05:45:50.694450Z,2026-08-25T05:45:52.400992Z,2398,105,1689769454,0
1135,393,triage,succeeded,qwen3:14b,ollama-adapter-v2-no-thinking,taxonomy-v1-ollama-v9-saas-evidence-gate,feed_card,1,0,2026-08-25T05:45:52.421534Z,2026-08-25T05:45:54.725783Z,2425,146,2284278996,0
1136,394,triage,succeeded,qwen3:14b,ollama-adapter-v2-no-thinking,taxonomy-v1-ollama-v9-saas-evidence-gate,feed_card,1,0,2026-08-25T05:45:54.747756Z,2026-08-25T05:45:56.338206Z,2367,96,1569491929,0
1137,395,triage,succeeded,qwen3:14b,ollama-adapter-v2-no-thinking,taxonomy-v1-ollama-v9-saas-evidence-gate,feed_card,1,0,2026-08-25T05:45:56.363400Z,2026-08-25T05:45:58.183019Z,2427,112,1803304904,0
1138,396,triage,succeeded,qwen3:14b,ollama-adapter-v2-no-thinking,taxonomy-v1-ollama-v9-saas-evidence-gate,feed_card,1,0,2026-08-25T05:45:58.201791Z,2026-08-25T05:46:00.154511Z,2461,120,1936490606,0
1139,397,triage,succeeded,qwen3:14b,ollama-adapter-v2-no-thinking,taxonomy-v1-ollama-v9-saas-evidence-gate,feed_card,1,0,2026-08-25T05:46:00.193395Z,2026-08-25T05:46:02.081958Z,2422,117,1871476028,0
1140,398,triage,succeeded,qwen3:14b,ollama-adapter-v2-no-thinking,taxonomy-v1-ollama-v9-saas-evidence-gate,feed_card,1,0,2026-08-25T05:46:02.121915Z,2026-08-25T05:46:04.991268Z,2418,184,2833025016,0
1141,399,triage,succeeded,qwen3:14b,ollama-adapter-v2-no-thinking,taxonomy-v1-ollama-v9-saas-evidence-gate,feed_card,1,0,2026-08-25T05:46:05.020452Z,2026-08-25T05:46:06.896372Z,2431,116,1849484140,0
1142,400,triage,succeeded,qwen3:14b,ollama-adapter-v2-no-thinking,taxonomy-v1-ollama-v9-saas-evidence-gate,feed_card,1,0,2026-08-25T05:46:06.917689Z,2026-08-25T05:46:09.031587Z,2427,132,2094130198,0
1143,401,triage,succeeded,qwen3:14b,ollama-adapter-v2-no-thinking,taxonomy-v1-ollama-v9-saas-evidence-gate,feed_card,1,0,2026-08-25T05:46:09.052950Z,2026-08-25T05:46:11.041196Z,2419,124,1971083564,0
1144,402,triage,succeeded,qwen3:14b,ollama-adapter-v2-no-thinking,taxonomy-v1-ollama-v9-saas-evidence-gate,feed_card,1,0,2026-08-25T05:46:11.060882Z,2026-08-25T05:46:14.081363Z,2413,197,3001238201,0
1145,403,triage,succeeded,qwen3:14b,ollama-adapter-v2-no-thinking,taxonomy-v1-ollama-v9-saas-evidence-gate,feed_card,1,0,2026-08-25T05:46:14.100595Z,2026-08-25T05:46:16.142967Z,2381,128,2024021672,0
1146,404,triage,succeeded,qwen3:14b,ollama-adapter-v2-no-thinking,taxonomy-v1-ollama-v9-saas-evidence-gate,feed_card,1,0,2026-08-25T05:46:16.161723Z,2026-08-25T05:46:18.588017Z,2389,155,2406887388,0
1147,405,triage,succeeded,qwen3:14b,ollama-adapter-v2-no-thinking,taxonomy-v1-ollama-v9-saas-evidence-gate,feed_card,1,0,2026-08-25T05:46:18.610846Z,2026-08-25T05:46:20.587723Z,2435,122,1958305949,0
1148,406,triage,succeeded,qwen3:14b,ollama-adapter-v2-no-thinking,taxonomy-v1-ollama-v9-saas-evidence-gate,feed_card,1,0,2026-08-25T05:46:20.608891Z,2026-08-25T05:46:22.390249Z,2365,110,1763639974,0
1149,407,triage,succeeded,qwen3:14b,ollama-adapter-v2-no-thinking,taxonomy-v1-ollama-v9-saas-evidence-gate,feed_card,1,0,2026-08-25T05:46:22.410618Z,2026-08-25T05:46:24.259452Z,2376,114,1832763573,0
1150,408,triage,succeeded,qwen3:14b,ollama-adapter-v2-no-thinking,taxonomy-v1-ollama-v9-saas-evidence-gate,feed_card,1,0,2026-08-25T05:46:24.277545Z,2026-08-25T05:46:26.090808Z,2412,110,1791026423,0
1151,409,triage,succeeded,qwen3:14b,ollama-adapter-v2-no-thinking,taxonomy-v1-ollama-v9-saas-evidence-gate,feed_card,1,0,2026-08-25T05:46:26.112358Z,2026-08-25T05:46:28.373494Z,2425,143,2241569580,0
1152,410,triage,succeeded,qwen3:14b,ollama-adapter-v2-no-thinking,taxonomy-v1-ollama-v9-saas-evidence-gate,feed_card,1,0,2026-08-25T05:46:28.392078Z,2026-08-25T05:46:29.961485Z,2423,94,1551596378,0
1153,411,triage,succeeded,qwen3:14b,ollama-adapter-v2-no-thinking,taxonomy-v1-ollama-v9-saas-evidence-gate,feed_card,1,0,2026-08-25T05:46:29.982068Z,2026-08-25T05:46:31.757359Z,2405,109,1758688746,0
1154,412,triage,succeeded,qwen3:14b,ollama-adapter-v2-no-thinking,taxonomy-v1-ollama-v9-saas-evidence-gate,feed_card,1,0,2026-08-25T05:46:31.778682Z,2026-08-25T05:46:33.571744Z,2364,112,1775116089,0
1155,413,triage,succeeded,qwen3:14b,ollama-adapter-v2-no-thinking,taxonomy-v1-ollama-v9-saas-evidence-gate,feed_card,1,0,2026-08-25T05:46:33.593724Z,2026-08-25T05:46:35.782746Z,2428,138,2171570763,0
1156,414,triage,succeeded,qwen3:14b,ollama-adapter-v2-no-thinking,taxonomy-v1-ollama-v9-saas-evidence-gate,feed_card,1,0,2026-08-25T05:46:35.802047Z,2026-08-25T05:46:38.599197Z,2402,181,2777309361,0
1157,415,triage,succeeded,qwen3:14b,ollama-adapter-v2-no-thinking,taxonomy-v1-ollama-v9-saas-evidence-gate,feed_card,1,0,2026-08-25T05:46:38.626877Z,2026-08-25T05:46:40.258123Z,2419,99,1609827025,0
1158,416,triage,succeeded,qwen3:14b,ollama-adapter-v2-no-thinking,taxonomy-v1-ollama-v9-saas-evidence-gate,feed_card,1,0,2026-08-25T05:46:40.276764Z,2026-08-25T05:46:42.101888Z,2397,113,1805766071,0
1159,417,triage,succeeded,qwen3:14b,ollama-adapter-v2-no-thinking,taxonomy-v1-ollama-v9-saas-evidence-gate,feed_card,1,0,2026-08-25T05:46:42.123000Z,2026-08-25T05:46:44.036406Z,2372,119,1896779097,0
1160,418,triage,succeeded,qwen3:14b,ollama-adapter-v2-no-thinking,taxonomy-v1-ollama-v9-saas-evidence-gate,feed_card,1,0,2026-08-25T05:46:44.055196Z,2026-08-25T05:46:45.818085Z,2383,108,1746401061,0
1161,419,triage,succeeded,qwen3:14b,ollama-adapter-v2-no-thinking,taxonomy-v1-ollama-v9-saas-evidence-gate,feed_card,1,0,2026-08-25T05:46:45.838904Z,2026-08-25T05:46:48.488472Z,2427,170,2632403119,0
1162,420,triage,succeeded,qwen3:14b,ollama-adapter-v2-no-thinking,taxonomy-v1-ollama-v9-saas-evidence-gate,feed_card,1,0,2026-08-25T05:46:48.520670Z,2026-08-25T05:46:50.581376Z,2406,129,2043983040,0
1163,421,triage,succeeded,qwen3:14b,ollama-adapter-v2-no-thinking,taxonomy-v1-ollama-v9-saas-evidence-gate,feed_card,1,0,2026-08-25T05:46:50.601532Z,2026-08-25T05:46:52.538231Z,2497,117,1919826647,0
1164,422,triage,succeeded,qwen3:14b,ollama-adapter-v2-no-thinking,taxonomy-v1-ollama-v9-saas-evidence-gate,feed_card,1,0,2026-08-25T05:46:52.557988Z,2026-08-25T05:46:54.550835Z,2418,125,1976266556,0
1165,423,triage,succeeded,qwen3:14b,ollama-adapter-v2-no-thinking,taxonomy-v1-ollama-v9-saas-evidence-gate,feed_card,1,0,2026-08-25T05:46:54.580770Z,2026-08-25T05:46:57.454572Z,2438,186,2854905995,0
1166,424,triage,succeeded,qwen3:14b,ollama-adapter-v2-no-thinking,taxonomy-v1-ollama-v9-saas-evidence-gate,feed_card,1,0,2026-08-25T05:46:57.478183Z,2026-08-25T05:46:59.647137Z,2406,137,2151742213,0
1167,425,triage,succeeded,qwen3:14b,ollama-adapter-v2-no-thinking,taxonomy-v1-ollama-v9-saas-evidence-gate,feed_card,1,0,2026-08-25T05:46:59.667643Z,2026-08-25T05:47:02.618372Z,2429,192,2930856195,0
1168,426,triage,succeeded,qwen3:14b,ollama-adapter-v2-no-thinking,taxonomy-v1-ollama-v9-saas-evidence-gate,feed_card,1,0,2026-08-25T05:47:02.645390Z,2026-08-25T05:47:04.742444Z,2411,131,2059648633,0
1169,427,triage,succeeded,qwen3:14b,ollama-adapter-v2-no-thinking,taxonomy-v1-ollama-v9-saas-evidence-gate,feed_card,1,0,2026-08-25T05:47:04.792325Z,2026-08-25T05:47:07.133358Z,2419,148,2308210866,0
1170,428,triage,succeeded,qwen3:14b,ollama-adapter-v2-no-thinking,taxonomy-v1-ollama-v9-saas-evidence-gate,feed_card,1,0,2026-08-25T05:47:07.157420Z,2026-08-25T05:47:09.411350Z,2427,143,2237065039,0
1171,429,triage,succeeded,qwen3:14b,ollama-adapter-v2-no-thinking,taxonomy-v1-ollama-v9-saas-evidence-gate,feed_card,1,0,2026-08-25T05:47:09.442400Z,2026-08-25T05:47:11.565597Z,2406,134,2106385830,0
1172,430,triage,succeeded,qwen3:14b,ollama-adapter-v2-no-thinking,taxonomy-v1-ollama-v9-saas-evidence-gate,feed_card,1,0,2026-08-25T05:47:11.584664Z,2026-08-25T05:47:13.470687Z,2378,117,1869915977,0
1173,431,triage,succeeded,qwen3:14b,ollama-adapter-v2-no-thinking,taxonomy-v1-ollama-v9-saas-evidence-gate,feed_card,1,0,2026-08-25T05:47:13.489280Z,2026-08-25T05:47:15.373624Z,2398,118,1868163885,0
1174,432,triage,succeeded,qwen3:14b,ollama-adapter-v2-no-thinking,taxonomy-v1-ollama-v9-saas-evidence-gate,feed_card,1,0,2026-08-25T05:47:15.391767Z,2026-08-25T05:47:17.429142Z,2437,127,2020525669,0
1175,433,triage,succeeded,qwen3:14b,ollama-adapter-v2-no-thinking,taxonomy-v1-ollama-v9-saas-evidence-gate,feed_card,1,0,2026-08-25T05:47:17.451754Z,2026-08-25T05:47:19.117315Z,2359,103,1649048391,0
1176,434,triage,succeeded,qwen3:14b,ollama-adapter-v2-no-thinking,taxonomy-v1-ollama-v9-saas-evidence-gate,feed_card,1,0,2026-08-25T05:47:19.140186Z,2026-08-25T05:47:21.404041Z,2390,144,2243993762,0
1177,435,triage,succeeded,qwen3:14b,ollama-adapter-v2-no-thinking,taxonomy-v1-ollama-v9-saas-evidence-gate,feed_card,1,0,2026-08-25T05:47:21.422523Z,2026-08-25T05:47:23.230895Z,2387,112,1791795161,0
1178,436,triage,succeeded,qwen3:14b,ollama-adapter-v2-no-thinking,taxonomy-v1-ollama-v9-saas-evidence-gate,feed_card,1,0,2026-08-25T05:47:23.249459Z,2026-08-25T05:47:24.852262Z,2375,98,1586849508,0
1179,437,triage,succeeded,qwen3:14b,ollama-adapter-v2-no-thinking,taxonomy-v1-ollama-v9-saas-evidence-gate,feed_card,1,0,2026-08-25T05:47:24.871338Z,2026-08-25T05:47:26.792691Z,2378,120,1903106476,0
1180,438,triage,succeeded,qwen3:14b,ollama-adapter-v2-no-thinking,taxonomy-v1-ollama-v9-saas-evidence-gate,feed_card,1,0,2026-08-25T05:47:26.814272Z,2026-08-25T05:47:28.536839Z,2392,106,1703941077,0
1181,439,triage,succeeded,qwen3:14b,ollama-adapter-v2-no-thinking,taxonomy-v1-ollama-v9-saas-evidence-gate,feed_card,1,0,2026-08-25T05:47:28.557299Z,2026-08-25T05:47:30.365921Z,2398,112,1791288100,0
1182,440,triage,succeeded,qwen3:14b,ollama-adapter-v2-no-thinking,taxonomy-v1-ollama-v9-saas-evidence-gate,feed_card,1,0,2026-08-25T05:47:30.398436Z,2026-08-25T05:47:32.782907Z,2385,150,2367595251,0
1183,441,triage,succeeded,qwen3:14b,ollama-adapter-v2-no-thinking,taxonomy-v1-ollama-v9-saas-evidence-gate,feed_card,1,0,2026-08-25T05:47:32.805362Z,2026-08-25T05:47:34.862320Z,2419,129,2039160034,0
1184,442,triage,succeeded,qwen3:14b,ollama-adapter-v2-no-thinking,taxonomy-v1-ollama-v9-saas-evidence-gate,feed_card,1,0,2026-08-25T05:47:34.880908Z,2026-08-25T05:47:37.130730Z,2402,142,2229687965,0
1185,443,triage,succeeded,qwen3:14b,ollama-adapter-v2-no-thinking,taxonomy-v1-ollama-v9-saas-evidence-gate,feed_card,1,0,2026-08-25T05:47:37.154238Z,2026-08-25T05:47:39.165208Z,2430,125,1987037242,0
1186,444,triage,succeeded,qwen3:14b,ollama-adapter-v2-no-thinking,taxonomy-v1-ollama-v9-saas-evidence-gate,feed_card,1,0,2026-08-25T05:47:39.185690Z,2026-08-25T05:47:40.806660Z,2372,99,1602906007,0
1187,445,triage,succeeded,qwen3:14b,ollama-adapter-v2-no-thinking,taxonomy-v1-ollama-v9-saas-evidence-gate,feed_card,1,0,2026-08-25T05:47:40.831779Z,2026-08-25T05:47:42.520923Z,2373,103,1660122611,0
1188,446,triage,succeeded,qwen3:14b,ollama-adapter-v2-no-thinking,taxonomy-v1-ollama-v9-saas-evidence-gate,feed_card,1,0,2026-08-25T05:47:42.539622Z,2026-08-25T05:47:44.298776Z,2390,108,1740852310,0
1189,447,triage,succeeded,qwen3:14b,ollama-adapter-v2-no-thinking,taxonomy-v1-ollama-v9-saas-evidence-gate,feed_card,1,0,2026-08-25T05:47:44.321746Z,2026-08-25T05:47:46.219744Z,2441,117,1880608741,0
1190,448,triage,succeeded,qwen3:14b,ollama-adapter-v2-no-thinking,taxonomy-v1-ollama-v9-saas-evidence-gate,feed_card,1,0,2026-08-25T05:47:46.243589Z,2026-08-25T05:47:48.602242Z,2418,149,2337495552,0
1191,449,triage,succeeded,qwen3:14b,ollama-adapter-v2-no-thinking,taxonomy-v1-ollama-v9-saas-evidence-gate,feed_card,1,0,2026-08-25T05:47:48.623599Z,2026-08-25T05:47:50.523276Z,2413,118,1880673670,0
1192,450,triage,succeeded,qwen3:14b,ollama-adapter-v2-no-thinking,taxonomy-v1-ollama-v9-saas-evidence-gate,feed_card,1,0,2026-08-25T05:47:50.543118Z,2026-08-25T05:47:52.612185Z,2418,129,2052629428,0
1193,451,triage,succeeded,qwen3:14b,ollama-adapter-v2-no-thinking,taxonomy-v1-ollama-v9-saas-evidence-gate,feed_card,1,0,2026-08-25T05:47:52.630974Z,2026-08-25T05:47:54.567005Z,2387,120,1917517953,0
1194,452,triage,succeeded,qwen3:14b,ollama-adapter-v2-no-thinking,taxonomy-v1-ollama-v9-saas-evidence-gate,feed_card,1,0,2026-08-25T05:47:54.587210Z,2026-08-25T05:47:56.548514Z,2429,122,1941889212,0
1195,453,triage,succeeded,qwen3:14b,ollama-adapter-v2-no-thinking,taxonomy-v1-ollama-v9-saas-evidence-gate,feed_card,1,0,2026-08-25T05:47:56.587138Z,2026-08-25T05:47:58.501634Z,2428,119,1896628812,0
1196,454,triage,succeeded,qwen3:14b,ollama-adapter-v2-no-thinking,taxonomy-v1-ollama-v9-saas-evidence-gate,feed_card,1,0,2026-08-25T05:47:58.536454Z,2026-08-25T05:48:00.685120Z,2442,133,2116060701,0
1197,455,triage,succeeded,qwen3:14b,ollama-adapter-v2-no-thinking,taxonomy-v1-ollama-v9-saas-evidence-gate,feed_card,1,0,2026-08-25T05:48:00.720412Z,2026-08-25T05:48:03.028208Z,2403,146,2287729011,0
1198,456,triage,succeeded,qwen3:14b,ollama-adapter-v2-no-thinking,taxonomy-v1-ollama-v9-saas-evidence-gate,feed_card,1,0,2026-08-25T05:48:03.075956Z,2026-08-25T05:48:04.934923Z,2447,114,1836632699,0
1199,457,triage,succeeded,qwen3:14b,ollama-adapter-v2-no-thinking,taxonomy-v1-ollama-v9-saas-evidence-gate,feed_card,1,0,2026-08-25T05:48:04.963376Z,2026-08-25T05:48:07.132418Z,2398,138,2152423935,0
1200,458,triage,succeeded,qwen3:14b,ollama-adapter-v2-no-thinking,taxonomy-v1-ollama-v9-saas-evidence-gate,feed_card,1,0,2026-08-25T05:48:07.154386Z,2026-08-25T05:48:09.589157Z,2389,156,2417460203,0
1201,459,triage,succeeded,qwen3:14b,ollama-adapter-v2-no-thinking,taxonomy-v1-ollama-v9-saas-evidence-gate,feed_card,1,0,2026-08-25T05:48:09.610319Z,2026-08-25T05:48:11.320598Z,2383,105,1694062199,0
1202,460,triage,succeeded,qwen3:14b,ollama-adapter-v2-no-thinking,taxonomy-v1-ollama-v9-saas-evidence-gate,feed_card,1,0,2026-08-25T05:48:11.338024Z,2026-08-25T05:48:13.566187Z,2424,141,2206518436,0
1203,461,triage,succeeded,qwen3:14b,ollama-adapter-v2-no-thinking,taxonomy-v1-ollama-v9-saas-evidence-gate,feed_card,1,0,2026-08-25T05:48:13.585299Z,2026-08-25T05:48:15.351215Z,2416,109,1748287757,0
1204,462,triage,succeeded,qwen3:14b,ollama-adapter-v2-no-thinking,taxonomy-v1-ollama-v9-saas-evidence-gate,feed_card,1,0,2026-08-25T05:48:15.369723Z,2026-08-25T05:48:17.042420Z,2368,103,1656610342,0
1205,463,triage,succeeded,qwen3:14b,ollama-adapter-v2-no-thinking,taxonomy-v1-ollama-v9-saas-evidence-gate,feed_card,1,0,2026-08-25T05:48:17.063509Z,2026-08-25T05:48:19.005278Z,2427,121,1924233208,0
1206,464,triage,succeeded,qwen3:14b,ollama-adapter-v2-no-thinking,taxonomy-v1-ollama-v9-saas-evidence-gate,feed_card,1,0,2026-08-25T05:48:19.036756Z,2026-08-25T05:48:20.849251Z,2390,112,1794638367,0
1207,465,triage,succeeded,qwen3:14b,ollama-adapter-v2-no-thinking,taxonomy-v1-ollama-v9-saas-evidence-gate,feed_card,1,0,2026-08-25T05:48:20.869209Z,2026-08-25T05:48:22.794874Z,2371,120,1908195202,0
1208,466,triage,succeeded,qwen3:14b,ollama-adapter-v2-no-thinking,taxonomy-v1-ollama-v9-saas-evidence-gate,feed_card,1,0,2026-08-25T05:48:22.825677Z,2026-08-25T05:48:25.352739Z,2434,161,2505867768,0
1209,467,triage,succeeded,qwen3:14b,ollama-adapter-v2-no-thinking,taxonomy-v1-ollama-v9-saas-evidence-gate,feed_card,1,0,2026-08-25T05:48:25.373889Z,2026-08-25T05:48:28.127199Z,2440,177,2733181333,0
1210,468,triage,succeeded,qwen3:14b,ollama-adapter-v2-no-thinking,taxonomy-v1-ollama-v9-saas-evidence-gate,feed_card,1,0,2026-08-25T05:48:28.153942Z,2026-08-25T05:48:30.382331Z,2445,140,2208070005,0
1211,469,triage,succeeded,qwen3:14b,ollama-adapter-v2-no-thinking,taxonomy-v1-ollama-v9-saas-evidence-gate,feed_card,1,0,2026-08-25T05:48:30.403178Z,2026-08-25T05:48:32.091266Z,2423,103,1670965393,0
1212,470,triage,succeeded,qwen3:14b,ollama-adapter-v2-no-thinking,taxonomy-v1-ollama-v9-saas-evidence-gate,feed_card,1,0,2026-08-25T05:48:32.113489Z,2026-08-25T05:48:34.274692Z,2417,136,2139973082,0
1213,471,triage,succeeded,qwen3:14b,ollama-adapter-v2-no-thinking,taxonomy-v1-ollama-v9-saas-evidence-gate,feed_card,1,0,2026-08-25T05:48:34.297400Z,2026-08-25T05:48:36.352483Z,2413,129,2037835121,0
1214,472,triage,succeeded,qwen3:14b,ollama-adapter-v2-no-thinking,taxonomy-v1-ollama-v9-saas-evidence-gate,feed_card,1,0,2026-08-25T05:48:36.373528Z,2026-08-25T05:48:38.422343Z,2415,128,2028641137,0
1215,473,triage,succeeded,qwen3:14b,ollama-adapter-v2-no-thinking,taxonomy-v1-ollama-v9-saas-evidence-gate,feed_card,1,0,2026-08-25T05:48:38.442310Z,2026-08-25T05:48:40.191508Z,2373,108,1730974923,0
1216,474,triage,succeeded,qwen3:14b,ollama-adapter-v2-no-thinking,taxonomy-v1-ollama-v9-saas-evidence-gate,feed_card,1,0,2026-08-25T05:48:40.215769Z,2026-08-25T05:48:42.216781Z,2416,125,1983919368,0
1217,475,triage,succeeded,qwen3:14b,ollama-adapter-v2-no-thinking,taxonomy-v1-ollama-v9-saas-evidence-gate,feed_card,1,0,2026-08-25T05:48:42.235079Z,2026-08-25T05:48:43.743619Z,2363,92,1489520179,0
1218,476,triage,succeeded,qwen3:14b,ollama-adapter-v2-no-thinking,taxonomy-v1-ollama-v9-saas-evidence-gate,feed_card,1,0,2026-08-25T05:48:43.762490Z,2026-08-25T05:48:45.452759Z,2441,103,1671774935,0
1219,477,triage,succeeded,qwen3:14b,ollama-adapter-v2-no-thinking,taxonomy-v1-ollama-v9-saas-evidence-gate,feed_card,1,0,2026-08-25T05:48:45.473172Z,2026-08-25T05:48:47.253399Z,2386,110,1762830940,0
1220,478,triage,succeeded,qwen3:14b,ollama-adapter-v2-no-thinking,taxonomy-v1-ollama-v9-saas-evidence-gate,feed_card,1,0,2026-08-25T05:48:47.272148Z,2026-08-25T05:48:49.104478Z,2436,112,1815123461,0
1221,479,triage,succeeded,qwen3:14b,ollama-adapter-v2-no-thinking,taxonomy-v1-ollama-v9-saas-evidence-gate,feed_card,1,0,2026-08-25T05:48:49.128369Z,2026-08-25T05:48:51.015824Z,2369,117,1859849527,0
1222,480,triage,succeeded,qwen3:14b,ollama-adapter-v2-no-thinking,taxonomy-v1-ollama-v9-saas-evidence-gate,feed_card,1,0,2026-08-25T05:48:51.034968Z,2026-08-25T05:48:53.072193Z,2440,127,2018836935,0
1223,481,triage,succeeded,qwen3:14b,ollama-adapter-v2-no-thinking,taxonomy-v1-ollama-v9-saas-evidence-gate,feed_card,1,0,2026-08-25T05:48:53.091591Z,2026-08-25T05:48:55.992877Z,2411,187,2880781874,0
1224,482,triage,succeeded,qwen3:14b,ollama-adapter-v2-no-thinking,taxonomy-v1-ollama-v9-saas-evidence-gate,feed_card,1,0,2026-08-25T05:48:56.013637Z,2026-08-25T05:48:58.115167Z,2443,131,2084781356,0
1225,483,triage,succeeded,qwen3:14b,ollama-adapter-v2-no-thinking,taxonomy-v1-ollama-v9-saas-evidence-gate,feed_card,1,0,2026-08-25T05:48:58.138693Z,2026-08-25T05:49:00.030695Z,2375,118,1874981381,0
1226,484,triage,succeeded,qwen3:14b,ollama-adapter-v2-no-thinking,taxonomy-v1-ollama-v9-saas-evidence-gate,feed_card,1,0,2026-08-25T05:49:00.049125Z,2026-08-25T05:49:01.906894Z,2457,114,1840561799,0
1227,485,triage,succeeded,qwen3:14b,ollama-adapter-v2-no-thinking,taxonomy-v1-ollama-v9-saas-evidence-gate,feed_card,1,0,2026-08-25T05:49:01.925565Z,2026-08-25T05:49:03.808603Z,2415,116,1858511585,0
1228,486,triage,succeeded,qwen3:14b,ollama-adapter-v2-no-thinking,taxonomy-v1-ollama-v9-saas-evidence-gate,feed_card,1,0,2026-08-25T05:49:03.849263Z,2026-08-25T05:49:05.818553Z,2436,120,1927976784,0
1229,487,triage,succeeded,qwen3:14b,ollama-adapter-v2-no-thinking,taxonomy-v1-ollama-v9-saas-evidence-gate,feed_card,1,0,2026-08-25T05:49:05.858599Z,2026-08-25T05:49:07.581152Z,2365,107,1705974546,0
1230,488,triage,succeeded,qwen3:14b,ollama-adapter-v2-no-thinking,taxonomy-v1-ollama-v9-saas-evidence-gate,feed_card,1,0,2026-08-25T05:49:07.654385Z,2026-08-25T05:49:09.984743Z,2460,146,2296451450,0
1231,489,triage,succeeded,qwen3:14b,ollama-adapter-v2-no-thinking,taxonomy-v1-ollama-v9-saas-evidence-gate,feed_card,1,0,2026-08-25T05:49:10.016473Z,2026-08-25T05:49:11.857609Z,2381,114,1824345547,0
1232,490,triage,succeeded,qwen3:14b,ollama-adapter-v2-no-thinking,taxonomy-v1-ollama-v9-saas-evidence-gate,feed_card,1,0,2026-08-25T05:49:11.876289Z,2026-08-25T05:49:14.426492Z,2426,163,2532950318,0
1233,491,triage,succeeded,qwen3:14b,ollama-adapter-v2-no-thinking,taxonomy-v1-ollama-v9-saas-evidence-gate,feed_card,1,0,2026-08-25T05:49:14.446993Z,2026-08-25T05:49:16.333056Z,2414,117,1869147861,0
1234,492,triage,succeeded,qwen3:14b,ollama-adapter-v2-no-thinking,taxonomy-v1-ollama-v9-saas-evidence-gate,feed_card,1,0,2026-08-25T05:49:16.351786Z,2026-08-25T05:49:18.187215Z,2449,113,1818531254,0
1235,493,triage,succeeded,qwen3:14b,ollama-adapter-v2-no-thinking,taxonomy-v1-ollama-v9-saas-evidence-gate,feed_card,1,0,2026-08-25T05:49:18.208523Z,2026-08-25T05:49:20.566608Z,2433,149,2334361359,0
1236,494,triage,succeeded,qwen3:14b,ollama-adapter-v2-no-thinking,taxonomy-v1-ollama-v9-saas-evidence-gate,feed_card,1,0,2026-08-25T05:49:20.597811Z,2026-08-25T05:49:22.309798Z,2370,105,1695017449,0
1237,495,triage,succeeded,qwen3:14b,ollama-adapter-v2-no-thinking,taxonomy-v1-ollama-v9-saas-evidence-gate,feed_card,1,0,2026-08-25T05:49:22.332258Z,2026-08-25T05:49:24.189736Z,2366,115,1838087324,0
1238,496,triage,succeeded,qwen3:14b,ollama-adapter-v2-no-thinking,taxonomy-v1-ollama-v9-saas-evidence-gate,feed_card,1,0,2026-08-25T05:49:24.207962Z,2026-08-25T05:49:26.919048Z,2401,175,2694133879,0
1239,497,triage,succeeded,qwen3:14b,ollama-adapter-v2-no-thinking,taxonomy-v1-ollama-v9-saas-evidence-gate,feed_card,1,0,2026-08-25T05:49:26.940482Z,2026-08-25T05:49:28.811935Z,2381,117,1854361201,0
1240,498,triage,succeeded,qwen3:14b,ollama-adapter-v2-no-thinking,taxonomy-v1-ollama-v9-saas-evidence-gate,feed_card,1,0,2026-08-25T05:49:28.832072Z,2026-08-25T05:49:30.640949Z,2422,111,1789094870,0
1241,499,triage,succeeded,qwen3:14b,ollama-adapter-v2-no-thinking,taxonomy-v1-ollama-v9-saas-evidence-gate,feed_card,1,0,2026-08-25T05:49:30.662333Z,2026-08-25T05:49:33.143749Z,2408,159,2459941726,0
1242,500,triage,succeeded,qwen3:14b,ollama-adapter-v2-no-thinking,taxonomy-v1-ollama-v9-saas-evidence-gate,feed_card,1,0,2026-08-25T05:49:33.163949Z,2026-08-25T05:49:34.890543Z,2375,106,1708632872,0
1243,501,triage,succeeded,qwen3:14b,ollama-adapter-v2-no-thinking,taxonomy-v1-ollama-v9-saas-evidence-gate,feed_card,1,0,2026-08-25T05:49:34.914109Z,2026-08-25T05:49:36.958831Z,2403,128,2023808236,0
1244,502,triage,succeeded,qwen3:14b,ollama-adapter-v2-no-thinking,taxonomy-v1-ollama-v9-saas-evidence-gate,feed_card,1,0,2026-08-25T05:49:36.977971Z,2026-08-25T05:49:38.834483Z,2399,115,1839994597,0
1245,503,triage,succeeded,qwen3:14b,ollama-adapter-v2-no-thinking,taxonomy-v1-ollama-v9-saas-evidence-gate,feed_card,1,0,2026-08-25T05:49:38.856871Z,2026-08-25T05:49:40.942900Z,2411,131,2067907100,0
1246,504,triage,succeeded,qwen3:14b,ollama-adapter-v2-no-thinking,taxonomy-v1-ollama-v9-saas-evidence-gate,feed_card,1,0,2026-08-25T05:49:40.971260Z,2026-08-25T05:49:42.888365Z,2370,120,1900049976,0
1247,505,triage,succeeded,qwen3:14b,ollama-adapter-v2-no-thinking,taxonomy-v1-ollama-v9-saas-evidence-gate,feed_card,1,0,2026-08-25T05:49:42.909576Z,2026-08-25T05:49:45.414227Z,2439,160,2485868887,0
1248,506,triage,succeeded,qwen3:14b,ollama-adapter-v2-no-thinking,taxonomy-v1-ollama-v9-saas-evidence-gate,feed_card,1,0,2026-08-25T05:49:45.444192Z,2026-08-25T05:49:47.932985Z,2411,159,2471871713,0
1249,507,triage,succeeded,qwen3:14b,ollama-adapter-v2-no-thinking,taxonomy-v1-ollama-v9-saas-evidence-gate,feed_card,1,0,2026-08-25T05:49:47.953009Z,2026-08-25T05:49:49.899642Z,2419,121,1929229283,0
1250,508,triage,succeeded,qwen3:14b,ollama-adapter-v2-no-thinking,taxonomy-v1-ollama-v9-saas-evidence-gate,feed_card,1,0,2026-08-25T05:49:49.920742Z,2026-08-25T05:49:51.747729Z,2444,112,1809330289,0
1251,509,triage,succeeded,qwen3:14b,ollama-adapter-v2-no-thinking,taxonomy-v1-ollama-v9-saas-evidence-gate,feed_card,1,0,2026-08-25T05:49:51.767064Z,2026-08-25T05:49:53.675733Z,2434,118,1890503542,0
1252,510,triage,succeeded,qwen3:14b,ollama-adapter-v2-no-thinking,taxonomy-v1-ollama-v9-saas-evidence-gate,feed_card,1,0,2026-08-25T05:49:53.697351Z,2026-08-25T05:49:55.375526Z,2433,102,1661222963,0
1253,511,triage,succeeded,qwen3:14b,ollama-adapter-v2-no-thinking,taxonomy-v1-ollama-v9-saas-evidence-gate,feed_card,1,0,2026-08-25T05:49:55.396001Z,2026-08-25T05:49:57.146282Z,2372,108,1732855715,0
1254,512,triage,succeeded,qwen3:14b,ollama-adapter-v2-no-thinking,taxonomy-v1-ollama-v9-saas-evidence-gate,feed_card,1,0,2026-08-25T05:49:57.168212Z,2026-08-25T05:49:58.981857Z,2370,112,1795271590,0
1255,513,triage,succeeded,qwen3:14b,ollama-adapter-v2-no-thinking,taxonomy-v1-ollama-v9-saas-evidence-gate,feed_card,1,0,2026-08-25T05:49:59.002436Z,2026-08-25T05:50:00.990021Z,2367,125,1970040212,0
1256,514,triage,succeeded,qwen3:14b,ollama-adapter-v2-no-thinking,taxonomy-v1-ollama-v9-saas-evidence-gate,feed_card,1,0,2026-08-25T05:50:01.009788Z,2026-08-25T05:50:03.321361Z,2449,146,2292068014,0
1257,515,triage,succeeded,qwen3:14b,ollama-adapter-v2-no-thinking,taxonomy-v1-ollama-v9-saas-evidence-gate,feed_card,1,0,2026-08-25T05:50:03.342047Z,2026-08-25T05:50:05.011449Z,2363,103,1652828989,0
1258,516,triage,succeeded,qwen3:14b,ollama-adapter-v2-no-thinking,taxonomy-v1-ollama-v9-saas-evidence-gate,feed_card,1,0,2026-08-25T05:50:05.031358Z,2026-08-25T05:50:06.854509Z,2400,113,1800873165,0
1259,517,triage,succeeded,qwen3:14b,ollama-adapter-v2-no-thinking,taxonomy-v1-ollama-v9-saas-evidence-gate,feed_card,1,0,2026-08-25T05:50:06.879706Z,2026-08-25T05:50:08.945866Z,2391,130,2048752491,0
1260,518,triage,succeeded,qwen3:14b,ollama-adapter-v2-no-thinking,taxonomy-v1-ollama-v9-saas-evidence-gate,feed_card,1,0,2026-08-25T05:50:08.966447Z,2026-08-25T05:50:10.569876Z,2369,98,1584756761,0
1261,519,triage,succeeded,qwen3:14b,ollama-adapter-v2-no-thinking,taxonomy-v1-ollama-v9-saas-evidence-gate,feed_card,1,0,2026-08-25T05:50:10.590888Z,2026-08-25T05:50:12.687130Z,2457,130,2066923560,0
1262,520,triage,succeeded,qwen3:14b,ollama-adapter-v2-no-thinking,taxonomy-v1-ollama-v9-saas-evidence-gate,feed_card,1,0,2026-08-25T05:50:12.721319Z,2026-08-25T05:50:14.706579Z,2388,123,1955233798,0
1263,521,triage,succeeded,qwen3:14b,ollama-adapter-v2-no-thinking,taxonomy-v1-ollama-v9-saas-evidence-gate,feed_card,1,0,2026-08-25T05:50:14.755685Z,2026-08-25T05:50:16.771460Z,2418,126,1995900110,0
1264,522,triage,succeeded,qwen3:14b,ollama-adapter-v2-no-thinking,taxonomy-v1-ollama-v9-saas-evidence-gate,feed_card,1,0,2026-08-25T05:50:16.793130Z,2026-08-25T05:50:18.652358Z,2383,115,1840105540,0
1265,523,triage,succeeded,qwen3:14b,ollama-adapter-v2-no-thinking,taxonomy-v1-ollama-v9-saas-evidence-gate,feed_card,1,0,2026-08-25T05:50:18.672780Z,2026-08-25T05:50:21.156441Z,2415,158,2461791865,0
1266,524,triage,succeeded,qwen3:14b,ollama-adapter-v2-no-thinking,taxonomy-v1-ollama-v9-saas-evidence-gate,feed_card,1,0,2026-08-25T05:50:21.174123Z,2026-08-25T05:50:24.137028Z,2417,193,2943059469,0
1267,525,triage,succeeded,qwen3:14b,ollama-adapter-v2-no-thinking,taxonomy-v1-ollama-v9-saas-evidence-gate,feed_card,1,0,2026-08-25T05:50:24.157554Z,2026-08-25T05:50:26.500057Z,2420,148,2322024736,0
1268,526,triage,succeeded,qwen3:14b,ollama-adapter-v2-no-thinking,taxonomy-v1-ollama-v9-saas-evidence-gate,feed_card,1,0,2026-08-25T05:50:26.537646Z,2026-08-25T05:50:28.732196Z,2410,138,2172777743,0
1269,527,triage,succeeded,qwen3:14b,ollama-adapter-v2-no-thinking,taxonomy-v1-ollama-v9-saas-evidence-gate,feed_card,1,0,2026-08-25T05:50:28.753502Z,2026-08-25T05:50:31.327728Z,2381,164,2554059428,0
1270,528,triage,succeeded,qwen3:14b,ollama-adapter-v2-no-thinking,taxonomy-v1-ollama-v9-saas-evidence-gate,feed_card,1,0,2026-08-25T05:50:31.346121Z,2026-08-25T05:50:33.342344Z,2382,125,1979378131,0
1271,529,triage,succeeded,qwen3:14b,ollama-adapter-v2-no-thinking,taxonomy-v1-ollama-v9-saas-evidence-gate,feed_card,1,0,2026-08-25T05:50:33.362068Z,2026-08-25T05:50:35.859517Z,2435,158,2478199979,0
1272,530,triage,succeeded,qwen3:14b,ollama-adapter-v2-no-thinking,taxonomy-v1-ollama-v9-saas-evidence-gate,feed_card,1,0,2026-08-25T05:50:35.877687Z,2026-08-25T05:50:38.025820Z,2422,135,2128223789,0
1273,531,triage,succeeded,qwen3:14b,ollama-adapter-v2-no-thinking,taxonomy-v1-ollama-v9-saas-evidence-gate,feed_card,1,0,2026-08-25T05:50:38.047679Z,2026-08-25T05:50:39.914051Z,2384,116,1849152186,0
1274,532,triage,succeeded,qwen3:14b,ollama-adapter-v2-no-thinking,taxonomy-v1-ollama-v9-saas-evidence-gate,feed_card,1,0,2026-08-25T05:50:39.937868Z,2026-08-25T05:50:41.788496Z,2367,115,1834960267,0
1275,533,triage,succeeded,qwen3:14b,ollama-adapter-v2-no-thinking,taxonomy-v1-ollama-v9-saas-evidence-gate,feed_card,1,0,2026-08-25T05:50:41.807227Z,2026-08-25T05:50:43.349632Z,2386,93,1525045148,0
1276,534,triage,succeeded,qwen3:14b,ollama-adapter-v2-no-thinking,taxonomy-v1-ollama-v9-saas-evidence-gate,feed_card,1,0,2026-08-25T05:50:43.367679Z,2026-08-25T05:50:45.232131Z,2400,115,1847733141,0
1277,535,triage,succeeded,qwen3:14b,ollama-adapter-v2-no-thinking,taxonomy-v1-ollama-v9-saas-evidence-gate,feed_card,1,0,2026-08-25T05:50:45.253502Z,2026-08-25T05:50:47.847906Z,2404,166,2573747829,0
1278,536,triage,succeeded,qwen3:14b,ollama-adapter-v2-no-thinking,taxonomy-v1-ollama-v9-saas-evidence-gate,feed_card,1,0,2026-08-25T05:50:47.870293Z,2026-08-25T05:50:49.643838Z,2411,109,1756399369,0
1279,537,triage,succeeded,qwen3:14b,ollama-adapter-v2-no-thinking,taxonomy-v1-ollama-v9-saas-evidence-gate,feed_card,1,0,2026-08-25T05:50:49.661305Z,2026-08-25T05:50:51.455567Z,2367,112,1776878153,0
1280,538,triage,succeeded,qwen3:14b,ollama-adapter-v2-no-thinking,taxonomy-v1-ollama-v9-saas-evidence-gate,feed_card,1,0,2026-08-25T05:50:51.475403Z,2026-08-25T05:50:53.029784Z,2373,94,1533691851,0
1281,539,triage,succeeded,qwen3:14b,ollama-adapter-v2-no-thinking,taxonomy-v1-ollama-v9-saas-evidence-gate,feed_card,1,0,2026-08-25T05:50:53.051105Z,2026-08-25T05:50:55.082462Z,2416,126,2011615970,0
1282,540,triage,succeeded,qwen3:14b,ollama-adapter-v2-no-thinking,taxonomy-v1-ollama-v9-saas-evidence-gate,feed_card,1,0,2026-08-25T05:50:55.102336Z,2026-08-25T05:50:57.161633Z,2391,129,2039113121,0
1283,541,triage,succeeded,qwen3:14b,ollama-adapter-v2-no-thinking,taxonomy-v1-ollama-v9-saas-evidence-gate,feed_card,1,0,2026-08-25T05:50:57.182395Z,2026-08-25T05:50:59.238113Z,2433,128,2038614010,0
1284,542,triage,succeeded,qwen3:14b,ollama-adapter-v2-no-thinking,taxonomy-v1-ollama-v9-saas-evidence-gate,feed_card,1,0,2026-08-25T05:50:59.255531Z,2026-08-25T05:51:01.343708Z,2452,130,2071248497,0
1285,543,triage,succeeded,qwen3:14b,ollama-adapter-v2-no-thinking,taxonomy-v1-ollama-v9-saas-evidence-gate,feed_card,1,0,2026-08-25T05:51:01.361606Z,2026-08-25T05:51:03.167948Z,2372,111,1788816168,0
1286,544,triage,succeeded,qwen3:14b,ollama-adapter-v2-no-thinking,taxonomy-v1-ollama-v9-saas-evidence-gate,feed_card,1,0,2026-08-25T05:51:03.197993Z,2026-08-25T05:51:04.921001Z,2374,106,1706301676,0
1287,545,triage,succeeded,qwen3:14b,ollama-adapter-v2-no-thinking,taxonomy-v1-ollama-v9-saas-evidence-gate,feed_card,1,0,2026-08-25T05:51:04.945100Z,2026-08-25T05:51:07.703609Z,2420,178,2737016704,0
1288,546,triage,succeeded,qwen3:14b,ollama-adapter-v2-no-thinking,taxonomy-v1-ollama-v9-saas-evidence-gate,feed_card,1,0,2026-08-25T05:51:07.722565Z,2026-08-25T05:51:09.528404Z,2392,112,1785117765,0
1289,547,triage,succeeded,qwen3:14b,ollama-adapter-v2-no-thinking,taxonomy-v1-ollama-v9-saas-evidence-gate,feed_card,1,0,2026-08-25T05:51:09.564566Z,2026-08-25T05:51:11.355193Z,2371,109,1757051840,0
1290,548,triage,succeeded,qwen3:14b,ollama-adapter-v2-no-thinking,taxonomy-v1-ollama-v9-saas-evidence-gate,feed_card,1,0,2026-08-25T05:51:11.503774Z,2026-08-25T05:51:14.003490Z,2375,161,2481271947,0
1291,549,triage,succeeded,qwen3:14b,ollama-adapter-v2-no-thinking,taxonomy-v1-ollama-v9-saas-evidence-gate,feed_card,1,0,2026-08-25T05:51:14.084705Z,2026-08-25T05:51:16.928824Z,2411,183,2817060334,0
1292,550,triage,succeeded,qwen3:14b,ollama-adapter-v2-no-thinking,taxonomy-v1-ollama-v9-saas-evidence-gate,feed_card,1,0,2026-08-25T05:51:17.073416Z,2026-08-25T05:51:19.114709Z,2416,127,2006802496,0
1293,551,triage,succeeded,qwen3:14b,ollama-adapter-v2-no-thinking,taxonomy-v1-ollama-v9-saas-evidence-gate,feed_card,1,0,2026-08-25T05:51:19.186279Z,2026-08-25T05:51:21.270136Z,2374,130,2046948885,0
1294,552,triage,succeeded,qwen3:14b,ollama-adapter-v2-no-thinking,taxonomy-v1-ollama-v9-saas-evidence-gate,feed_card,1,0,2026-08-25T05:51:21.330883Z,2026-08-25T05:51:23.416276Z,2390,131,2068713266,0
1295,553,triage,succeeded,qwen3:14b,ollama-adapter-v2-no-thinking,taxonomy-v1-ollama-v9-saas-evidence-gate,feed_card,1,0,2026-08-25T05:51:23.436371Z,2026-08-25T05:51:25.705931Z,2440,143,2252811110,0
1296,554,triage,succeeded,qwen3:14b,ollama-adapter-v2-no-thinking,taxonomy-v1-ollama-v9-saas-evidence-gate,feed_card,1,0,2026-08-25T05:51:25.726097Z,2026-08-25T05:51:28.624178Z,2450,187,2877408821,0
1297,555,triage,succeeded,qwen3:14b,ollama-adapter-v2-no-thinking,taxonomy-v1-ollama-v9-saas-evidence-gate,feed_card,1,0,2026-08-25T05:51:28.645582Z,2026-08-25T05:51:30.575613Z,2430,120,1912684970,0
1298,556,triage,succeeded,qwen3:14b,ollama-adapter-v2-no-thinking,taxonomy-v1-ollama-v9-saas-evidence-gate,feed_card,1,0,2026-08-25T05:51:30.599204Z,2026-08-25T05:51:32.264906Z,2395,102,1647163940,0
1299,557,triage,succeeded,qwen3:14b,ollama-adapter-v2-no-thinking,taxonomy-v1-ollama-v9-saas-evidence-gate,feed_card,1,0,2026-08-25T05:51:32.294516Z,2026-08-25T05:51:34.509235Z,2393,141,2195228252,0
1300,558,triage,succeeded,qwen3:14b,ollama-adapter-v2-no-thinking,taxonomy-v1-ollama-v9-saas-evidence-gate,feed_card,1,0,2026-08-25T05:51:34.528111Z,2026-08-25T05:51:36.519027Z,2380,125,1971688152,0
1301,559,triage,succeeded,qwen3:14b,ollama-adapter-v2-no-thinking,taxonomy-v1-ollama-v9-saas-evidence-gate,feed_card,1,0,2026-08-25T05:51:36.539205Z,2026-08-25T05:51:38.954410Z,2426,154,2391877863,0
1302,560,triage,succeeded,qwen3:14b,ollama-adapter-v2-no-thinking,taxonomy-v1-ollama-v9-saas-evidence-gate,feed_card,1,0,2026-08-25T05:51:38.973897Z,2026-08-25T05:51:40.826673Z,2444,114,1835049441,0
1303,561,triage,succeeded,qwen3:14b,ollama-adapter-v2-no-thinking,taxonomy-v1-ollama-v9-saas-evidence-gate,feed_card,1,0,2026-08-25T05:51:40.846094Z,2026-08-25T05:51:43.224476Z,2398,152,2354897367,0
1304,562,triage,succeeded,qwen3:14b,ollama-adapter-v2-no-thinking,taxonomy-v1-ollama-v9-saas-evidence-gate,feed_card,1,0,2026-08-25T05:51:43.253355Z,2026-08-25T05:51:45.464175Z,2425,140,2189888574,0
1305,563,triage,succeeded,qwen3:14b,ollama-adapter-v2-no-thinking,taxonomy-v1-ollama-v9-saas-evidence-gate,feed_card,1,0,2026-08-25T05:51:45.485049Z,2026-08-25T05:51:47.590441Z,2394,133,2087366874,0
1306,564,triage,succeeded,qwen3:14b,ollama-adapter-v2-no-thinking,taxonomy-v1-ollama-v9-saas-evidence-gate,feed_card,1,0,2026-08-25T05:51:47.613166Z,2026-08-25T05:51:49.464940Z,2452,113,1831952278,0
1307,565,triage,succeeded,qwen3:14b,ollama-adapter-v2-no-thinking,taxonomy-v1-ollama-v9-saas-evidence-gate,feed_card,1,0,2026-08-25T05:51:49.496644Z,2026-08-25T05:51:51.346466Z,2409,114,1832295473,0
1308,566,triage,succeeded,qwen3:14b,ollama-adapter-v2-no-thinking,taxonomy-v1-ollama-v9-saas-evidence-gate,feed_card,1,0,2026-08-25T05:51:51.394709Z,2026-08-25T05:51:53.209193Z,2366,112,1790927716,0
1309,2,verification,succeeded,qwen3:8b,ollama-adapter-v2-no-thinking,taxonomy-v1-ollama-v9-saas-evidence-gate,feed_card,1,0,2026-08-25T05:51:53.299772Z,2026-08-25T05:51:58.141752Z,2417,124,4823156703,0
1310,17,verification,succeeded,qwen3:8b,ollama-adapter-v2-no-thinking,taxonomy-v1-ollama-v9-saas-evidence-gate,feed_card,1,0,2026-08-25T05:51:58.161293Z,2026-08-25T05:51:59.613633Z,2424,140,1430503295,0
1311,18,verification,succeeded,qwen3:8b,ollama-adapter-v2-no-thinking,taxonomy-v1-ollama-v9-saas-evidence-gate,feed_card,1,0,2026-08-25T05:51:59.633361Z,2026-08-25T05:52:01.144026Z,2417,146,1493666423,0
1312,20,verification,succeeded,qwen3:8b,ollama-adapter-v2-no-thinking,taxonomy-v1-ollama-v9-saas-evidence-gate,feed_card,1,0,2026-08-25T05:52:01.164594Z,2026-08-25T05:52:02.696052Z,2420,149,1503420610,0
1313,26,verification,succeeded,qwen3:8b,ollama-adapter-v2-no-thinking,taxonomy-v1-ollama-v9-saas-evidence-gate,feed_card,1,0,2026-08-25T05:52:02.720180Z,2026-08-25T05:52:03.961068Z,2397,118,1221319703,0
1314,27,verification,succeeded,qwen3:8b,ollama-adapter-v2-no-thinking,taxonomy-v1-ollama-v9-saas-evidence-gate,feed_card,1,0,2026-08-25T05:52:03.984848Z,2026-08-25T05:52:05.658548Z,2427,166,1655881636,0
1315,30,verification,succeeded,qwen3:8b,ollama-adapter-v2-no-thinking,taxonomy-v1-ollama-v9-saas-evidence-gate,feed_card,1,0,2026-08-25T05:52:05.679763Z,2026-08-25T05:52:06.940886Z,2406,119,1242680252,0
1316,78,verification,succeeded,qwen3:8b,ollama-adapter-v2-no-thinking,taxonomy-v1-ollama-v9-saas-evidence-gate,feed_card,1,0,2026-08-25T05:52:06.961650Z,2026-08-25T05:52:08.250597Z,2398,123,1271219709,0
1317,82,verification,succeeded,qwen3:8b,ollama-adapter-v2-no-thinking,taxonomy-v1-ollama-v9-saas-evidence-gate,feed_card,1,0,2026-08-25T05:52:08.271899Z,2026-08-25T05:52:09.742110Z,2429,141,1448146626,0
1318,85,verification,succeeded,qwen3:8b,ollama-adapter-v2-no-thinking,taxonomy-v1-ollama-v9-saas-evidence-gate,feed_card,1,0,2026-08-25T05:52:09.772544Z,2026-08-25T05:52:11.043668Z,2406,120,1251967065,0
1319,89,verification,succeeded,qwen3:8b,ollama-adapter-v2-no-thinking,taxonomy-v1-ollama-v9-saas-evidence-gate,feed_card,1,0,2026-08-25T05:52:11.067477Z,2026-08-25T05:52:12.760122Z,2425,166,1674854489,0
1320,93,verification,succeeded,qwen3:8b,ollama-adapter-v2-no-thinking,taxonomy-v1-ollama-v9-saas-evidence-gate,feed_card,1,0,2026-08-25T05:52:12.782458Z,2026-08-25T05:52:14.025081Z,2370,115,1223669640,0
1321,109,verification,succeeded,qwen3:8b,ollama-adapter-v2-no-thinking,taxonomy-v1-ollama-v9-saas-evidence-gate,feed_card,1,0,2026-08-25T05:52:14.045570Z,2026-08-25T05:52:15.365353Z,2428,123,1302667170,0
1322,110,verification,succeeded,qwen3:8b,ollama-adapter-v2-no-thinking,taxonomy-v1-ollama-v9-saas-evidence-gate,feed_card,1,0,2026-08-25T05:52:15.385976Z,2026-08-25T05:52:17.068908Z,2430,165,1662680444,0
1323,111,verification,failed,qwen3:8b,ollama-adapter-v2-no-thinking,taxonomy-v1-ollama-v9-saas-evidence-gate,feed_card,1,0,2026-08-25T05:52:17.088449Z,2026-08-25T05:52:19.126788Z,,,,
1324,115,verification,succeeded,qwen3:8b,ollama-adapter-v2-no-thinking,taxonomy-v1-ollama-v9-saas-evidence-gate,feed_card,1,0,2026-08-25T05:52:19.148160Z,2026-08-25T05:52:20.952403Z,2438,179,1783148370,0
1325,118,verification,succeeded,qwen3:8b,ollama-adapter-v2-no-thinking,taxonomy-v1-ollama-v9-saas-evidence-gate,feed_card,1,0,2026-08-25T05:52:20.971171Z,2026-08-25T05:52:22.625877Z,2411,162,1636182064,0
1326,131,verification,succeeded,qwen3:8b,ollama-adapter-v2-no-thinking,taxonomy-v1-ollama-v9-saas-evidence-gate,feed_card,1,0,2026-08-25T05:52:22.647042Z,2026-08-25T05:52:24.508839Z,2410,182,1826173523,0
1327,134,verification,succeeded,qwen3:8b,ollama-adapter-v2-no-thinking,taxonomy-v1-ollama-v9-saas-evidence-gate,feed_card,1,0,2026-08-25T05:52:24.530008Z,2026-08-25T05:52:25.939973Z,2401,136,1392583232,0
1328,138,verification,succeeded,qwen3:8b,ollama-adapter-v2-no-thinking,taxonomy-v1-ollama-v9-saas-evidence-gate,feed_card,1,0,2026-08-25T05:52:25.960588Z,2026-08-25T05:52:27.820634Z,2439,185,1838324566,0
1329,155,verification,succeeded,qwen3:8b,ollama-adapter-v2-no-thinking,taxonomy-v1-ollama-v9-saas-evidence-gate,feed_card,1,0,2026-08-25T05:52:27.839804Z,2026-08-25T05:52:29.720803Z,2399,188,1861192573,0
1330,156,verification,succeeded,qwen3:8b,ollama-adapter-v2-no-thinking,taxonomy-v1-ollama-v9-saas-evidence-gate,feed_card,1,0,2026-08-25T05:52:29.742161Z,2026-08-25T05:52:31.355274Z,2434,157,1596080783,0
1331,174,verification,succeeded,qwen3:8b,ollama-adapter-v2-no-thinking,taxonomy-v1-ollama-v9-saas-evidence-gate,feed_card,1,0,2026-08-25T05:52:31.377024Z,2026-08-25T05:52:32.997415Z,2392,160,1603112310,0
1332,177,verification,succeeded,qwen3:8b,ollama-adapter-v2-no-thinking,taxonomy-v1-ollama-v9-saas-evidence-gate,feed_card,1,0,2026-08-25T05:52:33.017849Z,2026-08-25T05:52:34.447633Z,2420,138,1404970497,0
1333,179,verification,succeeded,qwen3:8b,ollama-adapter-v2-no-thinking,taxonomy-v1-ollama-v9-saas-evidence-gate,feed_card,1,0,2026-08-25T05:52:34.470324Z,2026-08-25T05:52:36.402165Z,2435,193,1898590204,0
1334,180,verification,succeeded,qwen3:8b,ollama-adapter-v2-no-thinking,taxonomy-v1-ollama-v9-saas-evidence-gate,feed_card,1,0,2026-08-25T05:52:36.439309Z,2026-08-25T05:52:38.582569Z,2441,216,2110640875,0
1335,183,verification,succeeded,qwen3:8b,ollama-adapter-v2-no-thinking,taxonomy-v1-ollama-v9-saas-evidence-gate,feed_card,1,0,2026-08-25T05:52:38.623779Z,2026-08-25T05:52:40.205828Z,2399,153,1549812537,0
1336,184,verification,succeeded,qwen3:8b,ollama-adapter-v2-no-thinking,taxonomy-v1-ollama-v9-saas-evidence-gate,feed_card,1,0,2026-08-25T05:52:40.242779Z,2026-08-25T05:52:41.648714Z,2396,136,1388370487,0
1337,191,verification,succeeded,qwen3:8b,ollama-adapter-v2-no-thinking,taxonomy-v1-ollama-v9-saas-evidence-gate,feed_card,1,0,2026-08-25T05:52:41.667377Z,2026-08-25T05:52:43.874832Z,2417,224,2185456673,0
1338,196,verification,succeeded,qwen3:8b,ollama-adapter-v2-no-thinking,taxonomy-v1-ollama-v9-saas-evidence-gate,feed_card,1,0,2026-08-25T05:52:43.897057Z,2026-08-25T05:52:45.607061Z,2433,168,1687676970,0
1339,197,verification,succeeded,qwen3:8b,ollama-adapter-v2-no-thinking,taxonomy-v1-ollama-v9-saas-evidence-gate,feed_card,1,0,2026-08-25T05:52:45.633973Z,2026-08-25T05:52:47.304947Z,2391,165,1643534211,0
1340,203,verification,succeeded,qwen3:8b,ollama-adapter-v2-no-thinking,taxonomy-v1-ollama-v9-saas-evidence-gate,feed_card,1,0,2026-08-25T05:52:47.326056Z,2026-08-25T05:52:48.968249Z,2421,161,1624357758,0
1341,212,verification,succeeded,qwen3:8b,ollama-adapter-v2-no-thinking,taxonomy-v1-ollama-v9-saas-evidence-gate,feed_card,1,0,2026-08-25T05:52:48.988050Z,2026-08-25T05:52:50.398782Z,2438,135,1392253816,0
1342,219,verification,succeeded,qwen3:8b,ollama-adapter-v2-no-thinking,taxonomy-v1-ollama-v9-saas-evidence-gate,feed_card,1,0,2026-08-25T05:52:50.416988Z,2026-08-25T05:52:52.202407Z,2393,179,1764006870,0
1343,221,verification,succeeded,qwen3:8b,ollama-adapter-v2-no-thinking,taxonomy-v1-ollama-v9-saas-evidence-gate,feed_card,1,0,2026-08-25T05:52:52.224465Z,2026-08-25T05:52:54.042160Z,2433,182,1796291765,0
1344,224,verification,succeeded,qwen3:8b,ollama-adapter-v2-no-thinking,taxonomy-v1-ollama-v9-saas-evidence-gate,feed_card,1,0,2026-08-25T05:52:54.063348Z,2026-08-25T05:52:56.042998Z,2420,201,1958246813,0
1345,227,verification,succeeded,qwen3:8b,ollama-adapter-v2-no-thinking,taxonomy-v1-ollama-v9-saas-evidence-gate,feed_card,1,0,2026-08-25T05:52:56.063245Z,2026-08-25T05:52:57.653069Z,2437,153,1571702508,0
1346,247,verification,succeeded,qwen3:8b,ollama-adapter-v2-no-thinking,taxonomy-v1-ollama-v9-saas-evidence-gate,feed_card,1,0,2026-08-25T05:52:57.680927Z,2026-08-25T05:52:59.111965Z,2420,137,1401304404,0
1347,249,verification,succeeded,qwen3:8b,ollama-adapter-v2-no-thinking,taxonomy-v1-ollama-v9-saas-evidence-gate,feed_card,1,0,2026-08-25T05:52:59.133818Z,2026-08-25T05:53:00.371290Z,2384,117,1219301826,0
1348,253,verification,succeeded,qwen3:8b,ollama-adapter-v2-no-thinking,taxonomy-v1-ollama-v9-saas-evidence-gate,feed_card,1,0,2026-08-25T05:53:00.391931Z,2026-08-25T05:53:02.100636Z,2453,169,1691088141,0
1349,259,verification,succeeded,qwen3:8b,ollama-adapter-v2-no-thinking,taxonomy-v1-ollama-v9-saas-evidence-gate,feed_card,1,0,2026-08-25T05:53:02.120919Z,2026-08-25T05:53:03.430032Z,2417,124,1288670547,0
1350,264,verification,succeeded,qwen3:8b,ollama-adapter-v2-no-thinking,taxonomy-v1-ollama-v9-saas-evidence-gate,feed_card,1,0,2026-08-25T05:53:03.448474Z,2026-08-25T05:53:04.665321Z,2366,116,1199057214,0
1351,265,verification,succeeded,qwen3:8b,ollama-adapter-v2-no-thinking,taxonomy-v1-ollama-v9-saas-evidence-gate,feed_card,1,0,2026-08-25T05:53:04.684530Z,2026-08-25T05:53:06.199421Z,2431,148,1494820569,0
1352,268,verification,succeeded,qwen3:8b,ollama-adapter-v2-no-thinking,taxonomy-v1-ollama-v9-saas-evidence-gate,feed_card,1,0,2026-08-25T05:53:06.218701Z,2026-08-25T05:53:07.569661Z,2421,130,1334039971,0
1353,269,verification,succeeded,qwen3:8b,ollama-adapter-v2-no-thinking,taxonomy-v1-ollama-v9-saas-evidence-gate,feed_card,1,0,2026-08-25T05:53:07.597632Z,2026-08-25T05:53:08.666212Z,2442,95,1050840997,0
1354,271,verification,succeeded,qwen3:8b,ollama-adapter-v2-no-thinking,taxonomy-v1-ollama-v9-saas-evidence-gate,feed_card,1,0,2026-08-25T05:53:08.686883Z,2026-08-25T05:53:10.030683Z,2385,128,1325510199,0
1355,275,verification,succeeded,qwen3:8b,ollama-adapter-v2-no-thinking,taxonomy-v1-ollama-v9-saas-evidence-gate,feed_card,1,0,2026-08-25T05:53:10.061228Z,2026-08-25T05:53:11.674622Z,2438,152,1580723902,0
1356,279,verification,succeeded,qwen3:8b,ollama-adapter-v2-no-thinking,taxonomy-v1-ollama-v9-saas-evidence-gate,feed_card,1,0,2026-08-25T05:53:11.692383Z,2026-08-25T05:53:13.522302Z,2393,184,1807680837,0
1357,282,verification,succeeded,qwen3:8b,ollama-adapter-v2-no-thinking,taxonomy-v1-ollama-v9-saas-evidence-gate,feed_card,1,0,2026-08-25T05:53:13.542644Z,2026-08-25T05:53:15.108633Z,2426,150,1528283477,0
1358,287,verification,succeeded,qwen3:8b,ollama-adapter-v2-no-thinking,taxonomy-v1-ollama-v9-saas-evidence-gate,feed_card,1,0,2026-08-25T05:53:15.151370Z,2026-08-25T05:53:16.762668Z,2387,148,1481020668,0
1359,296,verification,succeeded,qwen3:8b,ollama-adapter-v2-no-thinking,taxonomy-v1-ollama-v9-saas-evidence-gate,feed_card,1,0,2026-08-25T05:53:16.870662Z,2026-08-25T05:53:18.055740Z,2379,110,1167536612,0
1360,309,verification,succeeded,qwen3:8b,ollama-adapter-v2-no-thinking,taxonomy-v1-ollama-v9-saas-evidence-gate,feed_card,1,0,2026-08-25T05:53:18.076166Z,2026-08-25T05:53:19.464451Z,2425,131,1371006397,0
1361,311,verification,succeeded,qwen3:8b,ollama-adapter-v2-no-thinking,taxonomy-v1-ollama-v9-saas-evidence-gate,feed_card,1,0,2026-08-25T05:53:19.485247Z,2026-08-25T05:53:20.779943Z,2429,123,1277581096,0
1362,313,verification,succeeded,qwen3:8b,ollama-adapter-v2-no-thinking,taxonomy-v1-ollama-v9-saas-evidence-gate,feed_card,1,0,2026-08-25T05:53:20.800125Z,2026-08-25T05:53:22.348947Z,2422,152,1527869927,0
1363,315,verification,succeeded,qwen3:8b,ollama-adapter-v2-no-thinking,taxonomy-v1-ollama-v9-saas-evidence-gate,feed_card,1,0,2026-08-25T05:53:22.370338Z,2026-08-25T05:53:23.562906Z,2442,109,1174539091,0
1364,319,verification,succeeded,qwen3:8b,ollama-adapter-v2-no-thinking,taxonomy-v1-ollama-v9-saas-evidence-gate,feed_card,1,0,2026-08-25T05:53:23.585747Z,2026-08-25T05:53:25.385405Z,2415,176,1781005204,0
1365,324,verification,succeeded,qwen3:8b,ollama-adapter-v2-no-thinking,taxonomy-v1-ollama-v9-saas-evidence-gate,feed_card,1,0,2026-08-25T05:53:25.407258Z,2026-08-25T05:53:26.809439Z,2425,136,1384182197,0
1366,330,verification,succeeded,qwen3:8b,ollama-adapter-v2-no-thinking,taxonomy-v1-ollama-v9-saas-evidence-gate,feed_card,1,0,2026-08-25T05:53:26.830626Z,2026-08-25T05:53:28.047898Z,2396,114,1199452935,0
1367,339,verification,succeeded,qwen3:8b,ollama-adapter-v2-no-thinking,taxonomy-v1-ollama-v9-saas-evidence-gate,feed_card,1,0,2026-08-25T05:53:28.067399Z,2026-08-25T05:53:29.353493Z,2419,122,1266347829,0
1368,340,verification,succeeded,qwen3:8b,ollama-adapter-v2-no-thinking,taxonomy-v1-ollama-v9-saas-evidence-gate,feed_card,1,0,2026-08-25T05:53:29.381715Z,2026-08-25T05:53:30.690639Z,2425,124,1287707675,0
1369,341,verification,succeeded,qwen3:8b,ollama-adapter-v2-no-thinking,taxonomy-v1-ollama-v9-saas-evidence-gate,feed_card,1,0,2026-08-25T05:53:30.713142Z,2026-08-25T05:53:32.032326Z,2369,125,1298492041,0
1370,343,verification,succeeded,qwen3:8b,ollama-adapter-v2-no-thinking,taxonomy-v1-ollama-v9-saas-evidence-gate,feed_card,1,0,2026-08-25T05:53:32.050478Z,2026-08-25T05:53:33.814140Z,2417,175,1744766350,0
1371,346,verification,succeeded,qwen3:8b,ollama-adapter-v2-no-thinking,taxonomy-v1-ollama-v9-saas-evidence-gate,feed_card,1,0,2026-08-25T05:53:33.834762Z,2026-08-25T05:53:35.440094Z,2420,158,1585491260,0
1372,347,verification,succeeded,qwen3:8b,ollama-adapter-v2-no-thinking,taxonomy-v1-ollama-v9-saas-evidence-gate,feed_card,1,0,2026-08-25T05:53:35.458987Z,2026-08-25T05:53:36.991472Z,2421,151,1515230590,0
1373,360,verification,succeeded,qwen3:8b,ollama-adapter-v2-no-thinking,taxonomy-v1-ollama-v9-saas-evidence-gate,feed_card,1,0,2026-08-25T05:53:37.012830Z,2026-08-25T05:53:38.304068Z,2427,120,1256469745,0
1374,364,verification,succeeded,qwen3:8b,ollama-adapter-v2-no-thinking,taxonomy-v1-ollama-v9-saas-evidence-gate,feed_card,1,0,2026-08-25T05:53:38.323414Z,2026-08-25T05:53:39.949559Z,2417,159,1595681230,0
1375,367,verification,succeeded,qwen3:8b,ollama-adapter-v2-no-thinking,taxonomy-v1-ollama-v9-saas-evidence-gate,feed_card,1,0,2026-08-25T05:53:39.990173Z,2026-08-25T05:53:41.532482Z,2422,147,1506992941,0
1376,372,verification,succeeded,qwen3:8b,ollama-adapter-v2-no-thinking,taxonomy-v1-ollama-v9-saas-evidence-gate,feed_card,1,0,2026-08-25T05:53:41.569570Z,2026-08-25T05:53:43.308678Z,2407,171,1710621478,0
1377,375,verification,succeeded,qwen3:8b,ollama-adapter-v2-no-thinking,taxonomy-v1-ollama-v9-saas-evidence-gate,feed_card,1,0,2026-08-25T05:53:43.358381Z,2026-08-25T05:53:44.843338Z,2421,145,1463046529,0
1378,379,verification,succeeded,qwen3:8b,ollama-adapter-v2-no-thinking,taxonomy-v1-ollama-v9-saas-evidence-gate,feed_card,1,0,2026-08-25T05:53:44.861410Z,2026-08-25T05:53:46.666911Z,2432,181,1785736781,0
1379,390,verification,succeeded,qwen3:8b,ollama-adapter-v2-no-thinking,taxonomy-v1-ollama-v9-saas-evidence-gate,feed_card,1,0,2026-08-25T05:53:46.687305Z,2026-08-25T05:53:47.914401Z,2396,117,1208341231,0
1380,391,verification,succeeded,qwen3:8b,ollama-adapter-v2-no-thinking,taxonomy-v1-ollama-v9-saas-evidence-gate,feed_card,1,0,2026-08-25T05:53:47.932613Z,2026-08-25T05:53:49.182399Z,2391,118,1231278224,0
1381,393,verification,succeeded,qwen3:8b,ollama-adapter-v2-no-thinking,taxonomy-v1-ollama-v9-saas-evidence-gate,feed_card,1,0,2026-08-25T05:53:49.202721Z,2026-08-25T05:53:50.673940Z,2425,142,1450460572,0
1382,398,verification,succeeded,qwen3:8b,ollama-adapter-v2-no-thinking,taxonomy-v1-ollama-v9-saas-evidence-gate,feed_card,1,0,2026-08-25T05:53:50.693288Z,2026-08-25T05:53:52.124883Z,2418,139,1412090886,0
1383,400,verification,succeeded,qwen3:8b,ollama-adapter-v2-no-thinking,taxonomy-v1-ollama-v9-saas-evidence-gate,feed_card,1,0,2026-08-25T05:53:52.146380Z,2026-08-25T05:53:53.564868Z,2427,138,1400109982,0
1384,402,verification,succeeded,qwen3:8b,ollama-adapter-v2-no-thinking,taxonomy-v1-ollama-v9-saas-evidence-gate,feed_card,1,0,2026-08-25T05:53:53.584715Z,2026-08-25T05:53:55.203745Z,2413,159,1597696317,0
1385,404,verification,succeeded,qwen3:8b,ollama-adapter-v2-no-thinking,taxonomy-v1-ollama-v9-saas-evidence-gate,feed_card,1,0,2026-08-25T05:53:55.224164Z,2026-08-25T05:53:56.558356Z,2389,127,1307750529,0
1386,409,verification,succeeded,qwen3:8b,ollama-adapter-v2-no-thinking,taxonomy-v1-ollama-v9-saas-evidence-gate,feed_card,1,0,2026-08-25T05:53:56.591050Z,2026-08-25T05:53:57.804111Z,2425,114,1195854125,0
1387,414,verification,succeeded,qwen3:8b,ollama-adapter-v2-no-thinking,taxonomy-v1-ollama-v9-saas-evidence-gate,feed_card,1,0,2026-08-25T05:53:57.826122Z,2026-08-25T05:53:59.128172Z,2402,124,1282323154,0
1388,423,verification,succeeded,qwen3:8b,ollama-adapter-v2-no-thinking,taxonomy-v1-ollama-v9-saas-evidence-gate,feed_card,1,0,2026-08-25T05:53:59.149172Z,2026-08-25T05:54:00.599092Z,2438,139,1431641942,0
1389,425,verification,succeeded,qwen3:8b,ollama-adapter-v2-no-thinking,taxonomy-v1-ollama-v9-saas-evidence-gate,feed_card,1,0,2026-08-25T05:54:00.618196Z,2026-08-25T05:54:02.053991Z,2429,139,1417275712,0
1390,426,verification,succeeded,qwen3:8b,ollama-adapter-v2-no-thinking,taxonomy-v1-ollama-v9-saas-evidence-gate,feed_card,1,0,2026-08-25T05:54:02.073681Z,2026-08-25T05:54:03.360381Z,2411,121,1267955334,0
1391,427,verification,succeeded,qwen3:8b,ollama-adapter-v2-no-thinking,taxonomy-v1-ollama-v9-saas-evidence-gate,feed_card,1,0,2026-08-25T05:54:03.381385Z,2026-08-25T05:54:05.166219Z,2419,179,1763645364,0
1392,434,verification,succeeded,qwen3:8b,ollama-adapter-v2-no-thinking,taxonomy-v1-ollama-v9-saas-evidence-gate,feed_card,1,0,2026-08-25T05:54:05.186207Z,2026-08-25T05:54:06.597463Z,2390,137,1393619821,0
1393,437,verification,succeeded,qwen3:8b,ollama-adapter-v2-no-thinking,taxonomy-v1-ollama-v9-saas-evidence-gate,feed_card,1,0,2026-08-25T05:54:06.619107Z,2026-08-25T05:54:07.947349Z,2378,127,1310070010,0
1394,442,verification,succeeded,qwen3:8b,ollama-adapter-v2-no-thinking,taxonomy-v1-ollama-v9-saas-evidence-gate,feed_card,1,0,2026-08-25T05:54:07.966781Z,2026-08-25T05:54:09.385148Z,2402,137,1399806471,0
1395,448,verification,succeeded,qwen3:8b,ollama-adapter-v2-no-thinking,taxonomy-v1-ollama-v9-saas-evidence-gate,feed_card,1,0,2026-08-25T05:54:09.404399Z,2026-08-25T05:54:11.345324Z,2418,195,1922845535,0
1396,455,verification,succeeded,qwen3:8b,ollama-adapter-v2-no-thinking,taxonomy-v1-ollama-v9-saas-evidence-gate,feed_card,1,0,2026-08-25T05:54:11.365772Z,2026-08-25T05:54:12.645142Z,2403,123,1260099314,0
1397,460,verification,succeeded,qwen3:8b,ollama-adapter-v2-no-thinking,taxonomy-v1-ollama-v9-saas-evidence-gate,feed_card,1,0,2026-08-25T05:54:12.668190Z,2026-08-25T05:54:14.430772Z,2424,173,1730517098,0
1398,466,verification,succeeded,qwen3:8b,ollama-adapter-v2-no-thinking,taxonomy-v1-ollama-v9-saas-evidence-gate,feed_card,1,0,2026-08-25T05:54:14.450299Z,2026-08-25T05:54:15.939995Z,2434,143,1469027651,0
1399,467,verification,succeeded,qwen3:8b,ollama-adapter-v2-no-thinking,taxonomy-v1-ollama-v9-saas-evidence-gate,feed_card,1,0,2026-08-25T05:54:15.960448Z,2026-08-25T05:54:17.671284Z,2440,167,1684464118,0
1400,468,verification,succeeded,qwen3:8b,ollama-adapter-v2-no-thinking,taxonomy-v1-ollama-v9-saas-evidence-gate,feed_card,1,0,2026-08-25T05:54:17.689569Z,2026-08-25T05:54:19.400489Z,2445,169,1688776366,0
1401,470,verification,succeeded,qwen3:8b,ollama-adapter-v2-no-thinking,taxonomy-v1-ollama-v9-saas-evidence-gate,feed_card,1,0,2026-08-25T05:54:19.420861Z,2026-08-25T05:54:21.462573Z,2417,208,2024023195,0
1402,472,verification,succeeded,qwen3:8b,ollama-adapter-v2-no-thinking,taxonomy-v1-ollama-v9-saas-evidence-gate,feed_card,1,0,2026-08-25T05:54:21.484753Z,2026-08-25T05:54:22.764803Z,2415,121,1260766275,0
1403,481,verification,succeeded,qwen3:8b,ollama-adapter-v2-no-thinking,taxonomy-v1-ollama-v9-saas-evidence-gate,feed_card,1,0,2026-08-25T05:54:22.786429Z,2026-08-25T05:54:24.343399Z,2411,152,1537111187,0
1404,493,verification,succeeded,qwen3:8b,ollama-adapter-v2-no-thinking,taxonomy-v1-ollama-v9-saas-evidence-gate,feed_card,1,0,2026-08-25T05:54:24.361773Z,2026-08-25T05:54:26.216351Z,2433,184,1836873992,0
1405,499,verification,succeeded,qwen3:8b,ollama-adapter-v2-no-thinking,taxonomy-v1-ollama-v9-saas-evidence-gate,feed_card,1,0,2026-08-25T05:54:26.235157Z,2026-08-25T05:54:28.452193Z,2408,227,2199081022,0
1406,501,verification,succeeded,qwen3:8b,ollama-adapter-v2-no-thinking,taxonomy-v1-ollama-v9-saas-evidence-gate,feed_card,1,0,2026-08-25T05:54:28.485525Z,2026-08-25T05:54:30.207568Z,2403,172,1700975535,0
1407,514,verification,succeeded,qwen3:8b,ollama-adapter-v2-no-thinking,taxonomy-v1-ollama-v9-saas-evidence-gate,feed_card,1,0,2026-08-25T05:54:30.229799Z,2026-08-25T05:54:31.494757Z,2449,118,1244990042,0
1408,523,verification,succeeded,qwen3:8b,ollama-adapter-v2-no-thinking,taxonomy-v1-ollama-v9-saas-evidence-gate,feed_card,1,0,2026-08-25T05:54:31.518307Z,2026-08-25T05:54:32.913754Z,2415,134,1373034943,0
1409,524,verification,succeeded,qwen3:8b,ollama-adapter-v2-no-thinking,taxonomy-v1-ollama-v9-saas-evidence-gate,feed_card,1,0,2026-08-25T05:54:32.944352Z,2026-08-25T05:54:34.187849Z,2417,116,1225640167,0
1410,525,verification,succeeded,qwen3:8b,ollama-adapter-v2-no-thinking,taxonomy-v1-ollama-v9-saas-evidence-gate,feed_card,1,0,2026-08-25T05:54:34.220476Z,2026-08-25T05:54:35.804630Z,2420,153,1536249208,0
1411,526,verification,succeeded,qwen3:8b,ollama-adapter-v2-no-thinking,taxonomy-v1-ollama-v9-saas-evidence-gate,feed_card,1,0,2026-08-25T05:54:35.855157Z,2026-08-25T05:54:37.006558Z,2410,106,1123153947,0
1412,527,verification,succeeded,qwen3:8b,ollama-adapter-v2-no-thinking,taxonomy-v1-ollama-v9-saas-evidence-gate,feed_card,1,0,2026-08-25T05:54:37.042568Z,2026-08-25T05:54:38.749300Z,2381,170,1687461271,0
1413,529,verification,succeeded,qwen3:8b,ollama-adapter-v2-no-thinking,taxonomy-v1-ollama-v9-saas-evidence-gate,feed_card,1,0,2026-08-25T05:54:38.777190Z,2026-08-25T05:54:40.594994Z,2435,182,1798510173,0
1414,530,verification,succeeded,qwen3:8b,ollama-adapter-v2-no-thinking,taxonomy-v1-ollama-v9-saas-evidence-gate,feed_card,1,0,2026-08-25T05:54:40.630534Z,2026-08-25T05:54:42.055815Z,2422,138,1405551273,0
1415,535,verification,succeeded,qwen3:8b,ollama-adapter-v2-no-thinking,taxonomy-v1-ollama-v9-saas-evidence-gate,feed_card,1,0,2026-08-25T05:54:42.074030Z,2026-08-25T05:54:43.426143Z,2404,130,1331472619,0
1416,540,verification,succeeded,qwen3:8b,ollama-adapter-v2-no-thinking,taxonomy-v1-ollama-v9-saas-evidence-gate,feed_card,1,0,2026-08-25T05:54:43.445940Z,2026-08-25T05:54:45.270374Z,2391,183,1807334319,0
1417,545,verification,succeeded,qwen3:8b,ollama-adapter-v2-no-thinking,taxonomy-v1-ollama-v9-saas-evidence-gate,feed_card,1,0,2026-08-25T05:54:45.292510Z,2026-08-25T05:54:46.996546Z,2420,168,1684586955,0
1418,550,verification,succeeded,qwen3:8b,ollama-adapter-v2-no-thinking,taxonomy-v1-ollama-v9-saas-evidence-gate,feed_card,1,0,2026-08-25T05:54:47.014501Z,2026-08-25T05:54:48.416947Z,2416,135,1381628494,0
1419,554,verification,succeeded,qwen3:8b,ollama-adapter-v2-no-thinking,taxonomy-v1-ollama-v9-saas-evidence-gate,feed_card,1,0,2026-08-25T05:54:48.437254Z,2026-08-25T05:54:49.948326Z,2450,144,1492943385,0
1420,557,verification,succeeded,qwen3:8b,ollama-adapter-v2-no-thinking,taxonomy-v1-ollama-v9-saas-evidence-gate,feed_card,1,0,2026-08-25T05:54:49.968848Z,2026-08-25T05:54:51.664383Z,2393,169,1677656488,0
1421,559,verification,succeeded,qwen3:8b,ollama-adapter-v2-no-thinking,taxonomy-v1-ollama-v9-saas-evidence-gate,feed_card,1,0,2026-08-25T05:54:51.682999Z,2026-08-25T05:54:53.293988Z,2426,158,1591101154,0
1422,562,verification,succeeded,qwen3:8b,ollama-adapter-v2-no-thinking,taxonomy-v1-ollama-v9-saas-evidence-gate,feed_card,1,0,2026-08-25T05:54:53.314786Z,2026-08-25T05:54:54.504833Z,2425,110,1170708277,0
1423,111,triage,failed,qwen3:14b,ollama-adapter-v2-no-thinking,taxonomy-v1-ollama-v9-saas-evidence-gate,feed_card,2,0,2026-08-25T05:54:56.284682Z,2026-08-25T05:55:04.453476Z,,,,
1424,108,triage,succeeded,qwen3:14b,ollama-adapter-v2-no-thinking,taxonomy-v1-ollama-v10-saas-evidence-gate,feed_card,1,0,2026-08-25T06:02:18.556205Z,2026-08-25T06:02:25.776522Z,2418,178,7195020013,0
1425,111,triage,succeeded,qwen3:14b,ollama-adapter-v2-no-thinking,taxonomy-v1-ollama-v10-saas-evidence-gate,feed_card,1,0,2026-08-25T06:02:25.796159Z,2026-08-25T06:02:28.918727Z,2417,205,3098708424,0
1426,541,triage,succeeded,qwen3:14b,ollama-adapter-v2-no-thinking,taxonomy-v1-ollama-v10-saas-evidence-gate,feed_card,1,0,2026-08-25T06:02:28.938649Z,2026-08-25T06:02:30.983245Z,2433,128,2019863967,0
1427,108,verification,succeeded,qwen3:8b,ollama-adapter-v2-no-thinking,taxonomy-v1-ollama-v10-saas-evidence-gate,feed_card,1,0,2026-08-25T06:02:31.018493Z,2026-08-25T06:02:36.169440Z,2418,165,5126367551,0
1428,111,verification,succeeded,qwen3:8b,ollama-adapter-v2-no-thinking,taxonomy-v1-ollama-v10-saas-evidence-gate,feed_card,1,0,2026-08-25T06:02:36.187897Z,2026-08-25T06:02:38.231125Z,2417,208,2017232849,0
1429,541,verification,succeeded,qwen3:8b,ollama-adapter-v2-no-thinking,taxonomy-v1-ollama-v10-saas-evidence-gate,feed_card,1,0,2026-08-25T06:02:38.249701Z,2026-08-25T06:02:39.833250Z,2433,156,1559001941,0
1430,47,triage,succeeded,qwen3:14b,ollama-adapter-v2-no-thinking,taxonomy-v1-ollama-v11-saas-evidence-gate,feed_card,1,0,2026-08-25T06:10:10.423347Z,2026-08-25T06:10:18.272605Z,2453,220,7822845548,0
1431,115,triage,succeeded,qwen3:14b,ollama-adapter-v2-no-thinking,taxonomy-v1-ollama-v11-saas-evidence-gate,feed_card,1,0,2026-08-25T06:10:18.291547Z,2026-08-25T06:10:21.126563Z,2438,182,2813113342,0
1432,121,triage,succeeded,qwen3:14b,ollama-adapter-v2-no-thinking,taxonomy-v1-ollama-v11-saas-evidence-gate,feed_card,1,0,2026-08-25T06:10:21.148289Z,2026-08-25T06:10:23.670338Z,2420,161,2497213637,0
1433,131,triage,succeeded,qwen3:14b,ollama-adapter-v2-no-thinking,taxonomy-v1-ollama-v11-saas-evidence-gate,feed_card,1,0,2026-08-25T06:10:23.690009Z,2026-08-25T06:10:26.053845Z,2410,151,2339459652,0
1434,138,triage,succeeded,qwen3:14b,ollama-adapter-v2-no-thinking,taxonomy-v1-ollama-v11-saas-evidence-gate,feed_card,1,0,2026-08-25T06:10:26.075694Z,2026-08-25T06:10:29.061430Z,2439,194,2960353398,0
1435,191,triage,succeeded,qwen3:14b,ollama-adapter-v2-no-thinking,taxonomy-v1-ollama-v11-saas-evidence-gate,feed_card,1,0,2026-08-25T06:10:29.082035Z,2026-08-25T06:10:31.712974Z,2417,170,2609327692,0
1436,199,triage,succeeded,qwen3:14b,ollama-adapter-v2-no-thinking,taxonomy-v1-ollama-v11-saas-evidence-gate,feed_card,1,0,2026-08-25T06:10:31.736268Z,2026-08-25T06:10:34.762669Z,2438,195,2965963428,0
1437,236,triage,succeeded,qwen3:14b,ollama-adapter-v2-no-thinking,taxonomy-v1-ollama-v11-saas-evidence-gate,feed_card,1,0,2026-08-25T06:10:34.786646Z,2026-08-25T06:10:37.494841Z,2432,175,2681930969,0
1438,275,triage,succeeded,qwen3:14b,ollama-adapter-v2-no-thinking,taxonomy-v1-ollama-v11-saas-evidence-gate,feed_card,1,0,2026-08-25T06:10:37.514431Z,2026-08-25T06:10:40.440473Z,2438,189,2900095994,0
1439,287,triage,succeeded,qwen3:14b,ollama-adapter-v2-no-thinking,taxonomy-v1-ollama-v11-saas-evidence-gate,feed_card,1,0,2026-08-25T06:10:40.458403Z,2026-08-25T06:10:42.798111Z,2387,150,2318315326,0
1440,315,triage,succeeded,qwen3:14b,ollama-adapter-v2-no-thinking,taxonomy-v1-ollama-v11-saas-evidence-gate,feed_card,1,0,2026-08-25T06:10:42.816052Z,2026-08-25T06:10:44.883413Z,2442,129,2040838490,0
1441,336,triage,succeeded,qwen3:14b,ollama-adapter-v2-no-thinking,taxonomy-v1-ollama-v11-saas-evidence-gate,feed_card,1,0,2026-08-25T06:10:44.902714Z,2026-08-25T06:10:47.559587Z,2402,171,2633172174,0
1442,540,triage,succeeded,qwen3:14b,ollama-adapter-v2-no-thinking,taxonomy-v1-ollama-v11-saas-evidence-gate,feed_card,1,0,2026-08-25T06:10:47.583361Z,2026-08-25T06:10:49.647707Z,2391,129,2042509285,0
1443,545,triage,succeeded,qwen3:14b,ollama-adapter-v2-no-thinking,taxonomy-v1-ollama-v11-saas-evidence-gate,feed_card,1,0,2026-08-25T06:10:49.670787Z,2026-08-25T06:10:52.420392Z,2420,178,2726033255,0
1444,47,verification,succeeded,qwen3:8b,ollama-adapter-v2-no-thinking,taxonomy-v1-ollama-v11-saas-evidence-gate,feed_card,1,0,2026-08-25T06:10:52.454703Z,2026-08-25T06:10:58.031977Z,2453,199,5551432080,0
1445,121,verification,succeeded,qwen3:8b,ollama-adapter-v2-no-thinking,taxonomy-v1-ollama-v11-saas-evidence-gate,feed_card,1,0,2026-08-25T06:10:58.052545Z,2026-08-25T06:10:59.761057Z,2420,167,1681813483,0
1446,131,verification,succeeded,qwen3:8b,ollama-adapter-v2-no-thinking,taxonomy-v1-ollama-v11-saas-evidence-gate,feed_card,1,0,2026-08-25T06:10:59.787308Z,2026-08-25T06:11:01.600533Z,2410,182,1787244728,0
1447,138,verification,succeeded,qwen3:8b,ollama-adapter-v2-no-thinking,taxonomy-v1-ollama-v11-saas-evidence-gate,feed_card,1,0,2026-08-25T06:11:01.631323Z,2026-08-25T06:11:03.483096Z,2439,185,1819323900,0
1448,199,verification,succeeded,qwen3:8b,ollama-adapter-v2-no-thinking,taxonomy-v1-ollama-v11-saas-evidence-gate,feed_card,1,0,2026-08-25T06:11:03.533432Z,2026-08-25T06:11:05.134643Z,2438,152,1540670273,0
1449,236,verification,succeeded,qwen3:8b,ollama-adapter-v2-no-thinking,taxonomy-v1-ollama-v11-saas-evidence-gate,feed_card,1,0,2026-08-25T06:11:05.221244Z,2026-08-25T06:11:06.896574Z,2432,164,1635892575,0
1450,275,verification,succeeded,qwen3:8b,ollama-adapter-v2-no-thinking,taxonomy-v1-ollama-v11-saas-evidence-gate,feed_card,1,0,2026-08-25T06:11:06.919979Z,2026-08-25T06:11:08.684513Z,2438,175,1737339690,0
1451,315,verification,succeeded,qwen3:8b,ollama-adapter-v2-no-thinking,taxonomy-v1-ollama-v11-saas-evidence-gate,feed_card,1,0,2026-08-25T06:11:08.704952Z,2026-08-25T06:11:09.900453Z,2442,110,1173230279,0
1452,336,verification,succeeded,qwen3:8b,ollama-adapter-v2-no-thinking,taxonomy-v1-ollama-v11-saas-evidence-gate,feed_card,1,0,2026-08-25T06:11:09.921964Z,2026-08-25T06:11:11.608075Z,2402,166,1660100126,0
1453,545,verification,succeeded,qwen3:8b,ollama-adapter-v2-no-thinking,taxonomy-v1-ollama-v11-saas-evidence-gate,feed_card,1,0,2026-08-25T06:11:11.629081Z,2026-08-25T06:11:13.058448Z,2420,136,1406517086,0
1454,287,triage,succeeded,qwen3:14b,ollama-adapter-v2-no-thinking,taxonomy-v1-ollama-v12-saas-evidence-gate,feed_card,1,0,2026-08-25T06:12:37.185684Z,2026-08-25T06:12:44.523996Z,2387,150,7308687920,0
1455,287,verification,succeeded,qwen3:8b,ollama-adapter-v2-no-thinking,taxonomy-v1-ollama-v12-saas-evidence-gate,feed_card,1,0,2026-08-25T06:12:44.557800Z,2026-08-25T06:12:49.595621Z,2387,148,5012234540,0
1456,567,triage,succeeded,qwen3:14b,ollama-adapter-v2-no-thinking,taxonomy-v1-ollama-v12-saas-evidence-gate,feed_card,1,0,2026-08-25T13:01:01.554440Z,2026-08-25T13:01:07.923989Z,2388,116,6345299637,0
1457,568,triage,succeeded,qwen3:14b,ollama-adapter-v2-no-thinking,taxonomy-v1-ollama-v12-saas-evidence-gate,feed_card,1,0,2026-08-25T13:01:07.943320Z,2026-08-25T13:01:09.825211Z,2410,116,1859228675,0
1458,569,triage,succeeded,qwen3:14b,ollama-adapter-v2-no-thinking,taxonomy-v1-ollama-v12-saas-evidence-gate,feed_card,1,0,2026-08-25T13:01:09.845043Z,2026-08-25T13:01:11.791143Z,2394,119,1920022177,0
1459,570,triage,succeeded,qwen3:14b,ollama-adapter-v2-no-thinking,taxonomy-v1-ollama-v12-saas-evidence-gate,feed_card,1,0,2026-08-25T13:01:11.810973Z,2026-08-25T13:01:13.768525Z,2421,121,1935658926,0
1460,571,triage,succeeded,qwen3:14b,ollama-adapter-v2-no-thinking,taxonomy-v1-ollama-v12-saas-evidence-gate,feed_card,1,0,2026-08-25T13:01:13.787493Z,2026-08-25T13:01:16.065184Z,2404,144,2251288777,0
1461,572,triage,succeeded,qwen3:14b,ollama-adapter-v2-no-thinking,taxonomy-v1-ollama-v12-saas-evidence-gate,feed_card,1,0,2026-08-25T13:01:16.084382Z,2026-08-25T13:01:18.073915Z,2421,124,1967800250,0
1462,569,verification,succeeded,qwen3:8b,ollama-adapter-v2-no-thinking,taxonomy-v1-ollama-v12-saas-evidence-gate,feed_card,1,0,2026-08-25T13:01:18.108845Z,2026-08-25T13:01:23.349675Z,2394,158,5217290225,0
1463,571,verification,succeeded,qwen3:8b,ollama-adapter-v2-no-thinking,taxonomy-v1-ollama-v12-saas-evidence-gate,feed_card,1,0,2026-08-25T13:01:23.373820Z,2026-08-25T13:01:24.817144Z,2404,136,1415202828,0
1464,573,triage,succeeded,qwen3:14b,ollama-adapter-v2-no-thinking,taxonomy-v1-ollama-v12-saas-evidence-gate,feed_card,1,0,2026-08-25T16:11:25.495234Z,2026-08-25T16:11:31.965106Z,2393,121,6446176168,0
1465,574,triage,succeeded,qwen3:14b,ollama-adapter-v2-no-thinking,taxonomy-v1-ollama-v12-saas-evidence-gate,feed_card,1,0,2026-08-25T16:11:31.985800Z,2026-08-25T16:11:34.049018Z,2440,126,2041218927,0
1466,575,triage,succeeded,qwen3:14b,ollama-adapter-v2-no-thinking,taxonomy-v1-ollama-v12-saas-evidence-gate,feed_card,1,0,2026-08-25T16:11:34.069257Z,2026-08-25T16:11:36.447391Z,2408,151,2353064047,0
1467,576,triage,succeeded,qwen3:14b,ollama-adapter-v2-no-thinking,taxonomy-v1-ollama-v12-saas-evidence-gate,feed_card,1,0,2026-08-25T16:11:36.468683Z,2026-08-25T16:11:38.299639Z,2374,112,1807543647,0
1468,577,triage,succeeded,qwen3:14b,ollama-adapter-v2-no-thinking,taxonomy-v1-ollama-v12-saas-evidence-gate,feed_card,1,0,2026-08-25T16:11:38.320220Z,2026-08-25T16:11:40.476818Z,2458,135,2133283004,0
1469,578,triage,succeeded,qwen3:14b,ollama-adapter-v2-no-thinking,taxonomy-v1-ollama-v12-saas-evidence-gate,feed_card,1,0,2026-08-25T16:11:40.496851Z,2026-08-25T16:11:42.381644Z,2363,119,1857116122,0
1470,579,triage,succeeded,qwen3:14b,ollama-adapter-v2-no-thinking,taxonomy-v1-ollama-v12-saas-evidence-gate,feed_card,1,0,2026-08-25T16:11:42.402486Z,2026-08-25T16:11:44.191022Z,2416,109,1766217213,0
1471,580,triage,succeeded,qwen3:14b,ollama-adapter-v2-no-thinking,taxonomy-v1-ollama-v12-saas-evidence-gate,feed_card,1,0,2026-08-25T16:11:44.218706Z,2026-08-25T16:11:46.385338Z,2432,135,2131500744,0
1472,575,verification,succeeded,qwen3:8b,ollama-adapter-v2-no-thinking,taxonomy-v1-ollama-v12-saas-evidence-gate,feed_card,1,0,2026-08-25T16:11:46.470703Z,2026-08-25T16:11:51.580485Z,2408,143,5052441318,0
1473,581,triage,succeeded,qwen3:14b,ollama-adapter-v2-no-thinking,taxonomy-v1-ollama-v12-saas-evidence-gate,feed_card,1,0,2026-08-25T17:14:25.475474Z,2026-08-25T17:14:31.871178Z,2376,118,6358689652,0
1474,582,triage,succeeded,qwen3:14b,ollama-adapter-v2-no-thinking,taxonomy-v1-ollama-v12-saas-evidence-gate,feed_card,1,0,2026-08-26T02:08:25.454289Z,2026-08-26T02:08:32.149920Z,2440,132,6666175688,0
1475,583,triage,succeeded,qwen3:14b,ollama-adapter-v2-no-thinking,taxonomy-v1-ollama-v12-saas-evidence-gate,feed_card,1,0,2026-08-26T02:08:32.168526Z,2026-08-26T02:08:34.122616Z,2408,118,1915848525,0
1476,584,triage,succeeded,qwen3:14b,ollama-adapter-v2-no-thinking,taxonomy-v1-ollama-v12-saas-evidence-gate,feed_card,1,0,2026-08-26T02:08:34.148991Z,2026-08-26T02:08:36.461087Z,2430,146,2283095651,0
1477,585,triage,succeeded,qwen3:14b,ollama-adapter-v2-no-thinking,taxonomy-v1-ollama-v12-saas-evidence-gate,feed_card,1,0,2026-08-26T02:08:36.489192Z,2026-08-26T02:08:38.267059Z,2367,109,1739534306,0
1479,586,triage,succeeded,qwen3:14b,ollama-adapter-v2-no-thinking,taxonomy-v1-ollama-v12-saas-evidence-gate,feed_card,1,0,2026-08-26T02:40:25.449997Z,2026-08-26T02:40:31.695775Z,2363,108,6217815246,0
1480,587,triage,succeeded,qwen3:14b,ollama-adapter-v2-no-thinking,taxonomy-v1-ollama-v12-saas-evidence-gate,feed_card,1,0,2026-08-26T02:40:31.717814Z,2026-08-26T02:40:33.714079Z,2450,123,1972289552,0
1481,588,triage,succeeded,qwen3:14b,ollama-adapter-v2-no-thinking,taxonomy-v1-ollama-v12-saas-evidence-gate,feed_card,1,0,2026-08-26T02:40:33.736422Z,2026-08-26T02:40:35.631776Z,2426,116,1870927703,0
1482,589,triage,succeeded,qwen3:14b,ollama-adapter-v2-no-thinking,taxonomy-v1-ollama-v12-saas-evidence-gate,feed_card,1,0,2026-08-26T02:40:35.653243Z,2026-08-26T02:40:37.530673Z,2418,116,1853428313,0
1483,590,triage,succeeded,qwen3:14b,ollama-adapter-v2-no-thinking,taxonomy-v1-ollama-v12-saas-evidence-gate,feed_card,1,0,2026-08-26T02:40:37.551024Z,2026-08-26T02:40:39.087820Z,2367,93,1514546646,0
1484,591,triage,succeeded,qwen3:14b,ollama-adapter-v2-no-thinking,taxonomy-v1-ollama-v12-saas-evidence-gate,feed_card,1,0,2026-08-26T02:40:39.109158Z,2026-08-26T02:40:40.838638Z,2433,104,1706580830,0
1485,592,triage,succeeded,qwen3:14b,ollama-adapter-v2-no-thinking,taxonomy-v1-ollama-v12-saas-evidence-gate,feed_card,1,0,2026-08-26T02:40:40.860999Z,2026-08-26T02:40:42.554591Z,2367,104,1670938577,0
1486,593,triage,succeeded,qwen3:14b,ollama-adapter-v2-no-thinking,taxonomy-v1-ollama-v12-saas-evidence-gate,feed_card,1,0,2026-08-26T02:40:42.578902Z,2026-08-26T02:40:44.424622Z,2363,115,1813280895,0
1487,594,triage,succeeded,qwen3:14b,ollama-adapter-v2-no-thinking,taxonomy-v1-ollama-v12-saas-evidence-gate,feed_card,1,0,2026-08-26T02:40:44.446603Z,2026-08-26T02:40:46.099904Z,2375,101,1631350395,0
1488,595,triage,succeeded,qwen3:14b,ollama-adapter-v2-no-thinking,taxonomy-v1-ollama-v12-saas-evidence-gate,feed_card,1,0,2026-08-26T17:56:25.443491Z,2026-08-26T17:56:32.128548Z,2375,134,6660519667,0
1489,596,triage,succeeded,qwen3:14b,ollama-adapter-v2-no-thinking,taxonomy-v1-ollama-v12-saas-evidence-gate,feed_card,1,0,2026-08-26T17:56:32.148717Z,2026-08-26T17:56:34.254328Z,2403,131,2082704929,0
1490,597,triage,succeeded,qwen3:14b,ollama-adapter-v2-no-thinking,taxonomy-v1-ollama-v12-saas-evidence-gate,feed_card,1,0,2026-08-26T17:56:34.284496Z,2026-08-26T17:56:35.933471Z,2366,99,1610945830,0
1491,598,triage,succeeded,qwen3:14b,ollama-adapter-v2-no-thinking,taxonomy-v1-ollama-v12-saas-evidence-gate,feed_card,1,0,2026-08-26T17:56:35.976177Z,2026-08-26T17:56:37.987802Z,2474,123,1980836166,0
1492,599,triage,succeeded,qwen3:14b,ollama-adapter-v2-no-thinking,taxonomy-v1-ollama-v12-saas-evidence-gate,feed_card,1,0,2026-08-26T17:56:38.034950Z,2026-08-26T17:56:40.101384Z,2415,129,2043274641,0
1493,600,triage,succeeded,qwen3:14b,ollama-adapter-v2-no-thinking,taxonomy-v1-ollama-v12-saas-evidence-gate,feed_card,1,0,2026-08-27T04:21:25.443708Z,2026-08-27T04:21:31.797217Z,2442,105,6321579011,0
1494,601,triage,succeeded,qwen3:14b,ollama-adapter-v2-no-thinking,taxonomy-v1-ollama-v12-saas-evidence-gate,feed_card,1,0,2026-08-27T04:21:31.817642Z,2026-08-27T04:21:34.399847Z,2403,161,2525615643,0
1495,602,triage,succeeded,qwen3:14b,ollama-adapter-v2-no-thinking,taxonomy-v1-ollama-v12-saas-evidence-gate,feed_card,1,0,2026-08-27T04:21:34.544937Z,2026-08-27T04:21:37.230681Z,2429,170,2652012675,0
1496,603,triage,succeeded,qwen3:14b,ollama-adapter-v2-no-thinking,taxonomy-v1-ollama-v12-saas-evidence-gate,feed_card,1,0,2026-08-27T04:21:37.250800Z,2026-08-27T04:21:39.249632Z,2431,122,1976437638,0
1497,604,triage,succeeded,qwen3:14b,ollama-adapter-v2-no-thinking,taxonomy-v1-ollama-v12-saas-evidence-gate,feed_card,1,0,2026-08-27T04:21:39.269402Z,2026-08-27T04:21:40.991628Z,2374,106,1698618769,0
1498,605,triage,succeeded,qwen3:14b,ollama-adapter-v2-no-thinking,taxonomy-v1-ollama-v12-saas-evidence-gate,feed_card,1,0,2026-08-27T04:21:41.012753Z,2026-08-27T04:21:42.795188Z,2438,108,1759856421,0
1499,606,triage,succeeded,qwen3:14b,ollama-adapter-v2-no-thinking,taxonomy-v1-ollama-v12-saas-evidence-gate,feed_card,1,0,2026-08-27T04:21:42.814977Z,2026-08-27T04:21:45.605207Z,2437,179,2764527097,0
1500,607,triage,succeeded,qwen3:14b,ollama-adapter-v2-no-thinking,taxonomy-v1-ollama-v12-saas-evidence-gate,feed_card,1,0,2026-08-27T04:21:45.623855Z,2026-08-27T04:21:47.809550Z,2452,136,2162875928,0
1501,608,triage,succeeded,qwen3:14b,ollama-adapter-v2-no-thinking,taxonomy-v1-ollama-v12-saas-evidence-gate,feed_card,1,0,2026-08-27T04:21:47.830675Z,2026-08-27T04:21:50.407641Z,2435,164,2550484166,0
1502,609,triage,succeeded,qwen3:14b,ollama-adapter-v2-no-thinking,taxonomy-v1-ollama-v12-saas-evidence-gate,feed_card,1,0,2026-08-27T04:21:50.427995Z,2026-08-27T04:21:52.473756Z,2388,128,2021412733,0
1503,610,triage,succeeded,qwen3:14b,ollama-adapter-v2-no-thinking,taxonomy-v1-ollama-v12-saas-evidence-gate,feed_card,1,0,2026-08-27T04:21:52.496510Z,2026-08-27T04:21:54.600795Z,2377,132,2082994144,0
1504,611,triage,succeeded,qwen3:14b,ollama-adapter-v2-no-thinking,taxonomy-v1-ollama-v12-saas-evidence-gate,feed_card,1,0,2026-08-27T04:21:54.631768Z,2026-08-27T04:21:56.613635Z,2498,121,1958924444,0
1505,612,triage,succeeded,qwen3:14b,ollama-adapter-v2-no-thinking,taxonomy-v1-ollama-v12-saas-evidence-gate,feed_card,1,0,2026-08-27T04:21:56.660860Z,2026-08-27T04:21:58.319869Z,2377,100,1626444856,0
1506,613,triage,succeeded,qwen3:14b,ollama-adapter-v2-no-thinking,taxonomy-v1-ollama-v12-saas-evidence-gate,feed_card,1,0,2026-08-27T04:21:58.358435Z,2026-08-27T04:21:59.845416Z,2363,88,1437657039,0
1507,614,triage,succeeded,qwen3:14b,ollama-adapter-v2-no-thinking,taxonomy-v1-ollama-v12-saas-evidence-gate,feed_card,1,0,2026-08-27T04:21:59.872804Z,2026-08-27T04:22:01.807820Z,2371,121,1910913796,0
1508,615,triage,succeeded,qwen3:14b,ollama-adapter-v2-no-thinking,taxonomy-v1-ollama-v12-saas-evidence-gate,feed_card,1,0,2026-08-27T04:22:01.827636Z,2026-08-27T04:22:03.986739Z,2426,135,2135963136,0
1509,616,triage,succeeded,qwen3:14b,ollama-adapter-v2-no-thinking,taxonomy-v1-ollama-v12-saas-evidence-gate,feed_card,1,0,2026-08-27T04:22:04.006798Z,2026-08-27T04:22:05.936629Z,2385,121,1903890505,0
1510,617,triage,succeeded,qwen3:14b,ollama-adapter-v2-no-thinking,taxonomy-v1-ollama-v12-saas-evidence-gate,feed_card,1,0,2026-08-27T04:22:05.958490Z,2026-08-27T04:22:08.856863Z,2415,189,2875106151,0
1511,618,triage,succeeded,qwen3:14b,ollama-adapter-v2-no-thinking,taxonomy-v1-ollama-v12-saas-evidence-gate,feed_card,1,0,2026-08-27T04:22:08.875596Z,2026-08-27T04:22:11.030682Z,2437,135,2132102693,0
1512,619,triage,succeeded,qwen3:14b,ollama-adapter-v2-no-thinking,taxonomy-v1-ollama-v12-saas-evidence-gate,feed_card,1,0,2026-08-27T04:22:11.048789Z,2026-08-27T04:22:13.037928Z,2399,124,1962926059,0
1513,620,triage,succeeded,qwen3:14b,ollama-adapter-v2-no-thinking,taxonomy-v1-ollama-v12-saas-evidence-gate,feed_card,1,0,2026-08-27T04:22:13.056364Z,2026-08-27T04:22:14.829460Z,2387,110,1749490799,0
1514,621,triage,succeeded,qwen3:14b,ollama-adapter-v2-no-thinking,taxonomy-v1-ollama-v12-saas-evidence-gate,feed_card,1,0,2026-08-27T04:22:14.848700Z,2026-08-27T04:22:16.955767Z,2398,133,2082764627,0
1515,622,triage,succeeded,qwen3:14b,ollama-adapter-v2-no-thinking,taxonomy-v1-ollama-v12-saas-evidence-gate,feed_card,1,0,2026-08-27T04:22:16.974884Z,2026-08-27T04:22:18.815760Z,2379,114,1818905998,0
1516,623,triage,succeeded,qwen3:14b,ollama-adapter-v2-no-thinking,taxonomy-v1-ollama-v12-saas-evidence-gate,feed_card,1,0,2026-08-27T04:22:18.836090Z,2026-08-27T04:22:20.409133Z,2364,96,1550223349,0
1517,601,verification,succeeded,qwen3:8b,ollama-adapter-v2-no-thinking,taxonomy-v1-ollama-v12-saas-evidence-gate,feed_card,1,0,2026-08-27T04:22:20.445533Z,2026-08-27T04:22:25.337253Z,2403,120,4867968608,0
1518,606,verification,succeeded,qwen3:8b,ollama-adapter-v2-no-thinking,taxonomy-v1-ollama-v12-saas-evidence-gate,feed_card,1,0,2026-08-27T04:22:25.357551Z,2026-08-27T04:22:27.239825Z,2437,185,1856208258,0
1519,608,verification,succeeded,qwen3:8b,ollama-adapter-v2-no-thinking,taxonomy-v1-ollama-v12-saas-evidence-gate,feed_card,1,0,2026-08-27T04:22:27.260960Z,2026-08-27T04:22:29.075250Z,2435,179,1787800097,0
1520,616,verification,succeeded,qwen3:8b,ollama-adapter-v2-no-thinking,taxonomy-v1-ollama-v12-saas-evidence-gate,feed_card,1,0,2026-08-27T04:22:29.094499Z,2026-08-27T04:22:30.253900Z,2385,107,1130685981,0
1521,619,verification,succeeded,qwen3:8b,ollama-adapter-v2-no-thinking,taxonomy-v1-ollama-v12-saas-evidence-gate,feed_card,1,0,2026-08-27T04:22:30.278738Z,2026-08-27T04:22:31.497759Z,2399,115,1196045719,0
1523,624,triage,succeeded,qwen3:14b,ollama-adapter-v2-no-thinking,taxonomy-v1-ollama-v12-saas-evidence-gate,feed_card,1,0,2026-08-27T08:31:01.558714Z,2026-08-27T08:31:04.383281Z,2385,115,2799876136,0
1524,625,triage,succeeded,qwen3:14b,ollama-adapter-v2-no-thinking,taxonomy-v1-ollama-v12-saas-evidence-gate,feed_card,1,0,2026-08-27T08:31:04.404298Z,2026-08-27T08:31:06.946599Z,2419,162,2505448266,0
1525,626,triage,succeeded,qwen3:14b,ollama-adapter-v2-no-thinking,taxonomy-v1-ollama-v12-saas-evidence-gate,feed_card,1,0,2026-08-27T08:31:06.967796Z,2026-08-27T08:31:08.939710Z,2372,123,1938543550,0
1526,627,triage,succeeded,qwen3:14b,ollama-adapter-v2-no-thinking,taxonomy-v1-ollama-v12-saas-evidence-gate,feed_card,1,0,2026-08-27T08:31:08.959810Z,2026-08-27T08:31:11.942485Z,2414,193,2940957737,0
1527,628,triage,succeeded,qwen3:14b,ollama-adapter-v2-no-thinking,taxonomy-v1-ollama-v12-saas-evidence-gate,feed_card,1,0,2026-08-27T08:31:11.965064Z,2026-08-27T08:31:14.047741Z,2448,131,2056466270,0
1528,629,triage,succeeded,qwen3:14b,ollama-adapter-v2-no-thinking,taxonomy-v1-ollama-v12-saas-evidence-gate,feed_card,1,0,2026-08-27T08:31:14.067166Z,2026-08-27T08:31:17.098201Z,2430,197,3000406225,0
1529,630,triage,succeeded,qwen3:14b,ollama-adapter-v2-no-thinking,taxonomy-v1-ollama-v12-saas-evidence-gate,feed_card,1,0,2026-08-27T08:31:17.131531Z,2026-08-27T08:31:19.381237Z,2409,141,2221785728,0
1530,631,triage,succeeded,qwen3:14b,ollama-adapter-v2-no-thinking,taxonomy-v1-ollama-v12-saas-evidence-gate,feed_card,1,0,2026-08-27T08:31:19.443550Z,2026-08-27T08:31:21.522266Z,2418,130,2042472729,0
1531,632,triage,succeeded,qwen3:14b,ollama-adapter-v2-no-thinking,taxonomy-v1-ollama-v12-saas-evidence-gate,feed_card,1,0,2026-08-27T08:31:21.572074Z,2026-08-27T08:31:23.400553Z,2386,112,1806495943,0
1532,633,triage,succeeded,qwen3:14b,ollama-adapter-v2-no-thinking,taxonomy-v1-ollama-v12-saas-evidence-gate,feed_card,1,0,2026-08-27T08:31:23.449551Z,2026-08-27T08:31:25.422807Z,2455,120,1940242200,0
1533,634,triage,succeeded,qwen3:14b,ollama-adapter-v2-no-thinking,taxonomy-v1-ollama-v12-saas-evidence-gate,feed_card,1,0,2026-08-27T08:31:25.470613Z,2026-08-27T08:31:26.978973Z,2366,92,1485155728,0
1534,635,triage,succeeded,qwen3:14b,ollama-adapter-v2-no-thinking,taxonomy-v1-ollama-v12-saas-evidence-gate,feed_card,1,0,2026-08-27T08:31:27.012470Z,2026-08-27T08:31:28.832985Z,2423,111,1778747098,0
1535,636,triage,succeeded,qwen3:14b,ollama-adapter-v2-no-thinking,taxonomy-v1-ollama-v12-saas-evidence-gate,feed_card,1,0,2026-08-27T08:31:28.854269Z,2026-08-27T08:31:30.836529Z,2368,123,1957316270,0
1536,637,triage,succeeded,qwen3:14b,ollama-adapter-v2-no-thinking,taxonomy-v1-ollama-v12-saas-evidence-gate,feed_card,1,0,2026-08-27T08:31:30.856963Z,2026-08-27T08:31:32.595637Z,2365,105,1687058904,0
1537,638,triage,succeeded,qwen3:14b,ollama-adapter-v2-no-thinking,taxonomy-v1-ollama-v12-saas-evidence-gate,feed_card,1,0,2026-08-27T08:31:32.619348Z,2026-08-27T08:31:34.543894Z,2371,119,1881725635,0
1538,639,triage,succeeded,qwen3:14b,ollama-adapter-v2-no-thinking,taxonomy-v1-ollama-v12-saas-evidence-gate,feed_card,1,0,2026-08-27T08:31:34.564533Z,2026-08-27T08:31:36.379732Z,2402,104,1703071963,0
1522,287,opportunity_probe,succeeded,qwen3:14b,ollama-investigator-v1,opportunity-report-v1-ollama-v1,feed_card,1,2,2026-08-27T08:31:35.936628Z,2026-08-27T08:31:49.728123Z,1703,910,13738822054,
1539,640,triage,succeeded,qwen3:14b,ollama-adapter-v2-no-thinking,taxonomy-v1-ollama-v12-saas-evidence-gate,feed_card,1,0,2026-08-27T08:31:36.430645Z,2026-08-27T08:31:52.248417Z,2423,115,15768924131,0
1540,641,triage,succeeded,qwen3:14b,ollama-adapter-v2-no-thinking,taxonomy-v1-ollama-v12-saas-evidence-gate,feed_card,1,0,2026-08-27T08:31:53.241529Z,2026-08-27T08:31:54.712850Z,2377,87,1445588021,0
1541,642,triage,succeeded,qwen3:14b,ollama-adapter-v2-no-thinking,taxonomy-v1-ollama-v12-saas-evidence-gate,feed_card,1,0,2026-08-27T08:31:54.736790Z,2026-08-27T08:31:56.446486Z,2409,103,1670233778,0
1542,643,triage,succeeded,qwen3:14b,ollama-adapter-v2-no-thinking,taxonomy-v1-ollama-v12-saas-evidence-gate,feed_card,1,0,2026-08-27T08:31:56.474508Z,2026-08-27T08:31:58.616487Z,2423,132,2075408108,0
1543,644,triage,succeeded,qwen3:14b,ollama-adapter-v2-no-thinking,taxonomy-v1-ollama-v12-saas-evidence-gate,feed_card,1,0,2026-08-27T08:31:58.652047Z,2026-08-27T08:32:00.464653Z,2399,110,1779065947,0
1544,645,triage,succeeded,qwen3:14b,ollama-adapter-v2-no-thinking,taxonomy-v1-ollama-v12-saas-evidence-gate,feed_card,1,0,2026-08-27T08:32:00.498968Z,2026-08-27T08:32:02.354767Z,2401,114,1830027426,0
1545,646,triage,succeeded,qwen3:14b,ollama-adapter-v2-no-thinking,taxonomy-v1-ollama-v12-saas-evidence-gate,feed_card,1,0,2026-08-27T08:32:02.376484Z,2026-08-27T08:32:04.327971Z,2414,120,1910580230,0
1546,647,triage,succeeded,qwen3:14b,ollama-adapter-v2-no-thinking,taxonomy-v1-ollama-v12-saas-evidence-gate,feed_card,1,0,2026-08-27T08:32:04.351015Z,2026-08-27T08:32:07.121266Z,2389,179,2737054050,0
1547,648,triage,succeeded,qwen3:14b,ollama-adapter-v2-no-thinking,taxonomy-v1-ollama-v12-saas-evidence-gate,feed_card,1,0,2026-08-27T08:32:07.143076Z,2026-08-27T08:32:08.902528Z,2428,107,1731158413,0
1548,649,triage,succeeded,qwen3:14b,ollama-adapter-v2-no-thinking,taxonomy-v1-ollama-v12-saas-evidence-gate,feed_card,1,0,2026-08-27T08:32:08.931051Z,2026-08-27T08:32:10.576077Z,2445,98,1603505397,0
1549,650,triage,succeeded,qwen3:14b,ollama-adapter-v2-no-thinking,taxonomy-v1-ollama-v12-saas-evidence-gate,feed_card,1,0,2026-08-27T08:32:10.598613Z,2026-08-27T08:32:12.770334Z,2423,136,2126578608,0
1550,625,verification,succeeded,qwen3:8b,ollama-adapter-v2-no-thinking,taxonomy-v1-ollama-v12-saas-evidence-gate,feed_card,1,0,2026-08-27T08:32:12.834578Z,2026-08-27T08:32:18.117866Z,2419,155,5239639075,0
1551,627,verification,succeeded,qwen3:8b,ollama-adapter-v2-no-thinking,taxonomy-v1-ollama-v12-saas-evidence-gate,feed_card,1,0,2026-08-27T08:32:18.158810Z,2026-08-27T08:32:19.778512Z,2414,157,1572827143,0
1552,630,verification,succeeded,qwen3:8b,ollama-adapter-v2-no-thinking,taxonomy-v1-ollama-v12-saas-evidence-gate,feed_card,1,0,2026-08-27T08:32:19.800051Z,2026-08-27T08:32:20.995248Z,2409,108,1156404859,0
1553,650,verification,succeeded,qwen3:8b,ollama-adapter-v2-no-thinking,taxonomy-v1-ollama-v12-saas-evidence-gate,feed_card,1,0,2026-08-27T08:32:21.017250Z,2026-08-27T08:32:22.380350Z,2423,128,1321110481,0
1554,651,triage,succeeded,qwen3:14b,ollama-adapter-v2-no-thinking,taxonomy-v1-ollama-v12-saas-evidence-gate,feed_card,1,0,2026-08-27T17:58:25.447449Z,2026-08-27T17:58:32.951515Z,2430,170,7465206974,0
1555,652,triage,succeeded,qwen3:14b,ollama-adapter-v2-no-thinking,taxonomy-v1-ollama-v12-saas-evidence-gate,feed_card,1,0,2026-08-27T17:58:32.979404Z,2026-08-27T17:58:35.704447Z,2432,174,2697792783,0
1556,653,triage,succeeded,qwen3:14b,ollama-adapter-v2-no-thinking,taxonomy-v1-ollama-v12-saas-evidence-gate,feed_card,1,0,2026-08-27T17:58:35.735756Z,2026-08-27T17:58:38.490420Z,2440,176,2722579540,0
1557,654,triage,succeeded,qwen3:14b,ollama-adapter-v2-no-thinking,taxonomy-v1-ollama-v12-saas-evidence-gate,feed_card,1,0,2026-08-27T17:58:38.510518Z,2026-08-27T17:58:40.419240Z,2412,118,1884946747,0
1558,655,triage,succeeded,qwen3:14b,ollama-adapter-v2-no-thinking,taxonomy-v1-ollama-v12-saas-evidence-gate,feed_card,1,0,2026-08-27T17:58:40.438216Z,2026-08-27T17:58:42.396352Z,2425,119,1899728343,0
1559,656,triage,succeeded,qwen3:14b,ollama-adapter-v2-no-thinking,taxonomy-v1-ollama-v12-saas-evidence-gate,feed_card,1,0,2026-08-27T17:58:42.418064Z,2026-08-27T17:58:45.555361Z,2443,204,3097442283,0
1560,657,triage,succeeded,qwen3:14b,ollama-adapter-v2-no-thinking,taxonomy-v1-ollama-v12-saas-evidence-gate,feed_card,1,0,2026-08-27T17:58:45.603873Z,2026-08-27T17:58:47.420480Z,2366,113,1793935115,0
1561,658,triage,succeeded,qwen3:14b,ollama-adapter-v2-no-thinking,taxonomy-v1-ollama-v12-saas-evidence-gate,feed_card,1,0,2026-08-27T17:58:47.442689Z,2026-08-27T17:58:49.734180Z,2471,144,2266049105,0
1562,659,triage,succeeded,qwen3:14b,ollama-adapter-v2-no-thinking,taxonomy-v1-ollama-v12-saas-evidence-gate,feed_card,1,0,2026-08-27T17:58:49.755386Z,2026-08-27T17:58:51.674009Z,2464,117,1893153609,0
1563,660,triage,succeeded,qwen3:14b,ollama-adapter-v2-no-thinking,taxonomy-v1-ollama-v12-saas-evidence-gate,feed_card,1,0,2026-08-27T17:58:51.693364Z,2026-08-27T17:58:54.050119Z,2426,149,2333458943,0
1564,661,triage,succeeded,qwen3:14b,ollama-adapter-v2-no-thinking,taxonomy-v1-ollama-v12-saas-evidence-gate,feed_card,1,0,2026-08-27T17:58:54.069280Z,2026-08-27T17:58:55.831598Z,2383,108,1738335416,0
1565,662,triage,succeeded,qwen3:14b,ollama-adapter-v2-no-thinking,taxonomy-v1-ollama-v12-saas-evidence-gate,feed_card,1,0,2026-08-27T17:58:55.851983Z,2026-08-27T17:58:57.735776Z,2418,117,1860481883,0
1566,663,triage,succeeded,qwen3:14b,ollama-adapter-v2-no-thinking,taxonomy-v1-ollama-v12-saas-evidence-gate,feed_card,1,0,2026-08-27T17:58:57.765570Z,2026-08-27T17:58:59.624688Z,2376,115,1835999059,0
1567,664,triage,succeeded,qwen3:14b,ollama-adapter-v2-no-thinking,taxonomy-v1-ollama-v12-saas-evidence-gate,feed_card,1,0,2026-08-27T17:58:59.684309Z,2026-08-27T17:59:01.709891Z,2428,126,1999401037,0
1568,665,triage,succeeded,qwen3:14b,ollama-adapter-v2-no-thinking,taxonomy-v1-ollama-v12-saas-evidence-gate,feed_card,1,0,2026-08-27T17:59:01.758632Z,2026-08-27T17:59:03.735070Z,2388,123,1950126272,0
1569,666,triage,succeeded,qwen3:14b,ollama-adapter-v2-no-thinking,taxonomy-v1-ollama-v12-saas-evidence-gate,feed_card,1,0,2026-08-27T17:59:03.763196Z,2026-08-27T17:59:05.881384Z,2419,132,2093442765,0
1570,667,triage,succeeded,qwen3:14b,ollama-adapter-v2-no-thinking,taxonomy-v1-ollama-v12-saas-evidence-gate,feed_card,1,0,2026-08-27T17:59:05.903902Z,2026-08-27T17:59:07.875580Z,2396,122,1946900842,0
1571,668,triage,succeeded,qwen3:14b,ollama-adapter-v2-no-thinking,taxonomy-v1-ollama-v12-saas-evidence-gate,feed_card,1,0,2026-08-27T17:59:07.894898Z,2026-08-27T17:59:10.185031Z,2403,145,2263722518,0
1572,669,triage,succeeded,qwen3:14b,ollama-adapter-v2-no-thinking,taxonomy-v1-ollama-v12-saas-evidence-gate,feed_card,1,0,2026-08-27T17:59:10.208512Z,2026-08-27T17:59:11.963960Z,2380,108,1732006138,0
1573,670,triage,succeeded,qwen3:14b,ollama-adapter-v2-no-thinking,taxonomy-v1-ollama-v12-saas-evidence-gate,feed_card,1,0,2026-08-27T17:59:11.985782Z,2026-08-27T17:59:13.972420Z,2423,123,1962145044,0
1574,671,triage,succeeded,qwen3:14b,ollama-adapter-v2-no-thinking,taxonomy-v1-ollama-v12-saas-evidence-gate,feed_card,1,0,2026-08-27T17:59:13.992062Z,2026-08-27T17:59:15.943993Z,2371,121,1927272706,0
1575,672,triage,succeeded,qwen3:14b,ollama-adapter-v2-no-thinking,taxonomy-v1-ollama-v12-saas-evidence-gate,feed_card,1,0,2026-08-27T17:59:15.964109Z,2026-08-27T17:59:17.706394Z,2381,106,1719245459,0
1576,673,triage,succeeded,qwen3:14b,ollama-adapter-v2-no-thinking,taxonomy-v1-ollama-v12-saas-evidence-gate,feed_card,1,0,2026-08-27T17:59:17.739766Z,2026-08-27T17:59:19.387908Z,2381,101,1624596309,0
1577,674,triage,succeeded,qwen3:14b,ollama-adapter-v2-no-thinking,taxonomy-v1-ollama-v12-saas-evidence-gate,feed_card,1,0,2026-08-27T17:59:19.412673Z,2026-08-27T17:59:21.285955Z,2372,116,1847892255,0
1578,675,triage,succeeded,qwen3:14b,ollama-adapter-v2-no-thinking,taxonomy-v1-ollama-v12-saas-evidence-gate,feed_card,1,0,2026-08-27T17:59:21.305541Z,2026-08-27T17:59:23.117120Z,2385,112,1788873633,0
1579,676,triage,succeeded,qwen3:14b,ollama-adapter-v2-no-thinking,taxonomy-v1-ollama-v12-saas-evidence-gate,feed_card,1,0,2026-08-27T17:59:23.138964Z,2026-08-27T17:59:24.710286Z,2365,95,1547626917,0
1580,677,triage,succeeded,qwen3:14b,ollama-adapter-v2-no-thinking,taxonomy-v1-ollama-v12-saas-evidence-gate,feed_card,1,0,2026-08-27T17:59:24.743505Z,2026-08-27T17:59:26.560760Z,2370,112,1795225680,0
1581,678,triage,succeeded,qwen3:14b,ollama-adapter-v2-no-thinking,taxonomy-v1-ollama-v12-saas-evidence-gate,feed_card,1,0,2026-08-27T17:59:26.581101Z,2026-08-27T17:59:29.067209Z,2427,160,2461527958,0
1582,679,triage,succeeded,qwen3:14b,ollama-adapter-v2-no-thinking,taxonomy-v1-ollama-v12-saas-evidence-gate,feed_card,1,0,2026-08-27T17:59:29.087998Z,2026-08-27T17:59:31.784150Z,2420,173,2668361207,0
1583,680,triage,succeeded,qwen3:14b,ollama-adapter-v2-no-thinking,taxonomy-v1-ollama-v12-saas-evidence-gate,feed_card,1,0,2026-08-27T17:59:31.803707Z,2026-08-27T17:59:34.901168Z,2438,201,3073994256,0
1584,681,triage,succeeded,qwen3:14b,ollama-adapter-v2-no-thinking,taxonomy-v1-ollama-v12-saas-evidence-gate,feed_card,1,0,2026-08-27T17:59:34.921783Z,2026-08-27T17:59:36.657967Z,2435,106,1712161119,0
1585,682,triage,succeeded,qwen3:14b,ollama-adapter-v2-no-thinking,taxonomy-v1-ollama-v12-saas-evidence-gate,feed_card,1,0,2026-08-27T17:59:36.679430Z,2026-08-27T17:59:38.467473Z,2425,110,1763442973,0
1586,683,triage,succeeded,qwen3:14b,ollama-adapter-v2-no-thinking,taxonomy-v1-ollama-v12-saas-evidence-gate,feed_card,1,0,2026-08-27T17:59:38.492607Z,2026-08-27T17:59:40.536499Z,2367,130,2020508384,0
1587,684,triage,succeeded,qwen3:14b,ollama-adapter-v2-no-thinking,taxonomy-v1-ollama-v12-saas-evidence-gate,feed_card,1,0,2026-08-27T17:59:40.557066Z,2026-08-27T17:59:42.404333Z,2376,114,1823316930,0
1588,685,triage,succeeded,qwen3:14b,ollama-adapter-v2-no-thinking,taxonomy-v1-ollama-v12-saas-evidence-gate,feed_card,1,0,2026-08-27T17:59:42.425151Z,2026-08-27T17:59:43.912904Z,2437,88,1462565978,0
1589,686,triage,succeeded,qwen3:14b,ollama-adapter-v2-no-thinking,taxonomy-v1-ollama-v12-saas-evidence-gate,feed_card,1,0,2026-08-27T17:59:43.935076Z,2026-08-27T17:59:46.089103Z,2448,134,2126729608,0
1590,687,triage,succeeded,qwen3:14b,ollama-adapter-v2-no-thinking,taxonomy-v1-ollama-v12-saas-evidence-gate,feed_card,1,0,2026-08-27T17:59:46.108674Z,2026-08-27T17:59:47.978816Z,2423,114,1830436001,0
1591,688,triage,succeeded,qwen3:14b,ollama-adapter-v2-no-thinking,taxonomy-v1-ollama-v12-saas-evidence-gate,feed_card,1,0,2026-08-27T17:59:48.045435Z,2026-08-27T17:59:49.955218Z,2391,119,1876741294,0
1592,689,triage,succeeded,qwen3:14b,ollama-adapter-v2-no-thinking,taxonomy-v1-ollama-v12-saas-evidence-gate,feed_card,1,0,2026-08-27T17:59:49.995199Z,2026-08-27T17:59:52.130814Z,2422,133,2102640488,0
1593,690,triage,succeeded,qwen3:14b,ollama-adapter-v2-no-thinking,taxonomy-v1-ollama-v12-saas-evidence-gate,feed_card,1,0,2026-08-27T17:59:52.165961Z,2026-08-27T17:59:53.988907Z,2369,111,1797031340,0
1594,691,triage,succeeded,qwen3:14b,ollama-adapter-v2-no-thinking,taxonomy-v1-ollama-v12-saas-evidence-gate,feed_card,1,0,2026-08-27T17:59:54.008481Z,2026-08-27T17:59:55.675043Z,2367,102,1641981366,0
1595,692,triage,succeeded,qwen3:14b,ollama-adapter-v2-no-thinking,taxonomy-v1-ollama-v12-saas-evidence-gate,feed_card,1,0,2026-08-27T17:59:55.699303Z,2026-08-27T17:59:57.794232Z,2430,131,2071633206,0
1596,693,triage,succeeded,qwen3:14b,ollama-adapter-v2-no-thinking,taxonomy-v1-ollama-v12-saas-evidence-gate,feed_card,1,0,2026-08-27T17:59:57.817466Z,2026-08-27T17:59:59.572805Z,2365,108,1731666170,0
1597,694,triage,succeeded,qwen3:14b,ollama-adapter-v2-no-thinking,taxonomy-v1-ollama-v12-saas-evidence-gate,feed_card,1,0,2026-08-27T17:59:59.593945Z,2026-08-27T18:00:02.092686Z,2433,158,2465362200,0
1598,695,triage,succeeded,qwen3:14b,ollama-adapter-v2-no-thinking,taxonomy-v1-ollama-v12-saas-evidence-gate,feed_card,1,0,2026-08-27T18:00:02.124308Z,2026-08-27T18:00:04.293084Z,2431,135,2143189700,0
1599,696,triage,succeeded,qwen3:14b,ollama-adapter-v2-no-thinking,taxonomy-v1-ollama-v12-saas-evidence-gate,feed_card,1,0,2026-08-27T18:00:04.312899Z,2026-08-27T18:00:05.926062Z,2364,96,1558212045,0
1600,697,triage,succeeded,qwen3:14b,ollama-adapter-v2-no-thinking,taxonomy-v1-ollama-v12-saas-evidence-gate,feed_card,1,0,2026-08-27T18:00:05.950655Z,2026-08-27T18:00:07.604168Z,2363,99,1604065858,0
1601,698,triage,succeeded,qwen3:14b,ollama-adapter-v2-no-thinking,taxonomy-v1-ollama-v12-saas-evidence-gate,feed_card,1,0,2026-08-27T18:00:07.761649Z,2026-08-27T18:00:09.912607Z,2421,133,2114739939,0
1602,699,triage,succeeded,qwen3:14b,ollama-adapter-v2-no-thinking,taxonomy-v1-ollama-v12-saas-evidence-gate,feed_card,1,0,2026-08-27T18:00:09.939011Z,2026-08-27T18:00:12.390109Z,2423,156,2423257014,0
1603,700,triage,succeeded,qwen3:14b,ollama-adapter-v2-no-thinking,taxonomy-v1-ollama-v12-saas-evidence-gate,feed_card,1,0,2026-08-27T18:00:12.407696Z,2026-08-27T18:00:13.827007Z,2364,85,1396395320,0
1604,701,triage,succeeded,qwen3:14b,ollama-adapter-v2-no-thinking,taxonomy-v1-ollama-v12-saas-evidence-gate,feed_card,1,0,2026-08-27T18:00:13.848097Z,2026-08-27T18:00:16.085504Z,2389,142,2212362210,0
1605,702,triage,succeeded,qwen3:14b,ollama-adapter-v2-no-thinking,taxonomy-v1-ollama-v12-saas-evidence-gate,feed_card,1,0,2026-08-27T18:00:16.103969Z,2026-08-27T18:00:18.857554Z,2470,175,2722335808,0
1606,703,triage,succeeded,qwen3:14b,ollama-adapter-v2-no-thinking,taxonomy-v1-ollama-v12-saas-evidence-gate,feed_card,1,0,2026-08-27T18:00:18.877459Z,2026-08-27T18:00:21.186686Z,2424,146,2285923011,0
1607,651,verification,succeeded,qwen3:8b,ollama-adapter-v2-no-thinking,taxonomy-v1-ollama-v12-saas-evidence-gate,feed_card,1,0,2026-08-27T18:00:21.224205Z,2026-08-27T18:00:26.488424Z,2430,163,5240493126,0
1608,652,verification,succeeded,qwen3:8b,ollama-adapter-v2-no-thinking,taxonomy-v1-ollama-v12-saas-evidence-gate,feed_card,1,0,2026-08-27T18:00:26.507580Z,2026-08-27T18:00:28.433109Z,2432,192,1898935632,0
1609,653,verification,succeeded,qwen3:8b,ollama-adapter-v2-no-thinking,taxonomy-v1-ollama-v12-saas-evidence-gate,feed_card,1,0,2026-08-27T18:00:28.453449Z,2026-08-27T18:00:30.240178Z,2440,176,1763560630,0
1610,656,verification,succeeded,qwen3:8b,ollama-adapter-v2-no-thinking,taxonomy-v1-ollama-v12-saas-evidence-gate,feed_card,1,0,2026-08-27T18:00:30.259943Z,2026-08-27T18:00:31.995973Z,2443,166,1690416134,0
1611,665,verification,succeeded,qwen3:8b,ollama-adapter-v2-no-thinking,taxonomy-v1-ollama-v12-saas-evidence-gate,feed_card,1,0,2026-08-27T18:00:32.017300Z,2026-08-27T18:00:33.494738Z,2388,142,1443952468,0
1612,668,verification,succeeded,qwen3:8b,ollama-adapter-v2-no-thinking,taxonomy-v1-ollama-v12-saas-evidence-gate,feed_card,1,0,2026-08-27T18:00:33.514964Z,2026-08-27T18:00:35.000549Z,2403,143,1459219152,0
1613,679,verification,succeeded,qwen3:8b,ollama-adapter-v2-no-thinking,taxonomy-v1-ollama-v12-saas-evidence-gate,feed_card,1,0,2026-08-27T18:00:35.020049Z,2026-08-27T18:00:36.617283Z,2420,156,1568446431,0
1614,686,verification,succeeded,qwen3:8b,ollama-adapter-v2-no-thinking,taxonomy-v1-ollama-v12-saas-evidence-gate,feed_card,1,0,2026-08-27T18:00:36.636727Z,2026-08-27T18:00:38.297510Z,2448,162,1636719234,0
1615,695,verification,succeeded,qwen3:8b,ollama-adapter-v2-no-thinking,taxonomy-v1-ollama-v12-saas-evidence-gate,feed_card,1,0,2026-08-27T18:00:38.318103Z,2026-08-27T18:00:39.559823Z,2431,116,1217255544,0
1616,699,verification,succeeded,qwen3:8b,ollama-adapter-v2-no-thinking,taxonomy-v1-ollama-v12-saas-evidence-gate,feed_card,1,0,2026-08-27T18:00:39.582905Z,2026-08-27T18:00:41.304544Z,2423,167,1680809386,0
1617,701,verification,succeeded,qwen3:8b,ollama-adapter-v2-no-thinking,taxonomy-v1-ollama-v12-saas-evidence-gate,feed_card,1,0,2026-08-27T18:00:41.328924Z,2026-08-27T18:00:42.952744Z,2389,158,1588790818,0
1618,702,verification,succeeded,qwen3:8b,ollama-adapter-v2-no-thinking,taxonomy-v1-ollama-v12-saas-evidence-gate,feed_card,1,0,2026-08-27T18:00:42.998570Z,2026-08-27T18:00:44.765721Z,2470,174,1734034443,0
1619,656,opportunity_probe,succeeded,qwen3:14b,ollama-investigator-v1,opportunity-report-v1-ollama-v1,feed_card,1,0,2026-08-27T19:22:58.320521Z,2026-08-27T19:23:17.592191Z,1728,1045,19242664301,
1620,575,opportunity_probe,succeeded,qwen3:14b,ollama-investigator-v1,opportunity-report-v1-ollama-v1,feed_card,1,0,2026-08-27T19:23:22.604682Z,2026-08-27T19:23:38.003074Z,1678,955,15370256805,
1621,571,opportunity_probe,succeeded,qwen3:14b,ollama-investigator-v1,opportunity-report-v1-ollama-v1,feed_card,1,0,2026-08-27T19:23:43.012485Z,2026-08-27T19:23:57.688673Z,1674,992,14648435446,
1622,569,opportunity_probe,failed,qwen3:14b,ollama-investigator-v1,opportunity-report-v1-ollama-v1,feed_card,1,3,2026-08-27T19:31:42.622065Z,2026-08-27T19:31:55.789506Z,,,,
1623,47,triage,succeeded,qwen3:14b,ollama-adapter-v2-no-thinking,taxonomy-v1-ollama-v12-saas-evidence-gate,thread,1,0,2026-08-27T20:37:25.444020Z,2026-08-27T20:37:36.808931Z,4096,349,11318118317,20
1624,704,triage,succeeded,qwen3:14b,ollama-adapter-v2-no-thinking,taxonomy-v1-ollama-v12-saas-evidence-gate,feed_card,1,0,2026-08-27T20:37:36.830407Z,2026-08-27T20:37:39.562614Z,2372,125,2705608081,0
1625,705,triage,succeeded,qwen3:14b,ollama-adapter-v2-no-thinking,taxonomy-v1-ollama-v12-saas-evidence-gate,feed_card,1,0,2026-08-27T20:37:39.586308Z,2026-08-27T20:37:42.040007Z,2388,154,2403465278,0
1626,706,triage,succeeded,qwen3:14b,ollama-adapter-v2-no-thinking,taxonomy-v1-ollama-v12-saas-evidence-gate,feed_card,1,0,2026-08-27T20:37:42.063378Z,2026-08-27T20:37:43.649891Z,2369,96,1562139182,0
1627,707,triage,succeeded,qwen3:14b,ollama-adapter-v2-no-thinking,taxonomy-v1-ollama-v12-saas-evidence-gate,feed_card,1,0,2026-08-27T20:37:43.669552Z,2026-08-27T20:37:45.595588Z,2382,119,1897072382,0
1628,708,triage,succeeded,qwen3:14b,ollama-adapter-v2-no-thinking,taxonomy-v1-ollama-v12-saas-evidence-gate,feed_card,1,0,2026-08-27T20:37:45.622496Z,2026-08-27T20:37:47.238209Z,2369,98,1591620324,0
1629,709,triage,succeeded,qwen3:14b,ollama-adapter-v2-no-thinking,taxonomy-v1-ollama-v12-saas-evidence-gate,feed_card,1,0,2026-08-27T20:37:47.261965Z,2026-08-27T20:37:50.090641Z,2402,183,2798974916,0
1630,710,triage,succeeded,qwen3:14b,ollama-adapter-v2-no-thinking,taxonomy-v1-ollama-v12-saas-evidence-gate,feed_card,1,0,2026-08-27T20:37:50.112541Z,2026-08-27T20:37:51.940744Z,2367,115,1803454192,0
1631,711,triage,succeeded,qwen3:14b,ollama-adapter-v2-no-thinking,taxonomy-v1-ollama-v12-saas-evidence-gate,feed_card,1,0,2026-08-27T20:37:51.967298Z,2026-08-27T20:37:53.696998Z,2376,106,1705612771,0
1632,712,triage,succeeded,qwen3:14b,ollama-adapter-v2-no-thinking,taxonomy-v1-ollama-v12-saas-evidence-gate,feed_card,1,0,2026-08-27T20:37:53.718268Z,2026-08-27T20:37:56.220553Z,2417,161,2476756459,0
1633,713,triage,succeeded,qwen3:14b,ollama-adapter-v2-no-thinking,taxonomy-v1-ollama-v12-saas-evidence-gate,feed_card,1,0,2026-08-27T20:37:56.245086Z,2026-08-27T20:37:57.977940Z,2423,105,1704724573,0
1634,714,triage,succeeded,qwen3:14b,ollama-adapter-v2-no-thinking,taxonomy-v1-ollama-v12-saas-evidence-gate,feed_card,1,0,2026-08-27T20:37:57.999487Z,2026-08-27T20:38:00.321834Z,2416,148,2293733727,0
1635,715,triage,succeeded,qwen3:14b,ollama-adapter-v2-no-thinking,taxonomy-v1-ollama-v12-saas-evidence-gate,feed_card,1,0,2026-08-27T20:38:00.344090Z,2026-08-27T20:38:02.493912Z,2411,136,2122726655,0
1636,716,triage,succeeded,qwen3:14b,ollama-adapter-v2-no-thinking,taxonomy-v1-ollama-v12-saas-evidence-gate,feed_card,1,0,2026-08-27T20:38:02.523639Z,2026-08-27T20:38:04.640429Z,2386,134,2089334609,0
1637,717,triage,succeeded,qwen3:14b,ollama-adapter-v2-no-thinking,taxonomy-v1-ollama-v12-saas-evidence-gate,feed_card,1,0,2026-08-27T20:38:04.663880Z,2026-08-27T20:38:06.806323Z,2422,136,2114564994,0
1638,718,triage,succeeded,qwen3:14b,ollama-adapter-v2-no-thinking,taxonomy-v1-ollama-v12-saas-evidence-gate,feed_card,1,0,2026-08-27T20:38:06.829504Z,2026-08-27T20:38:09.170390Z,2390,149,2313750603,0
1639,719,triage,succeeded,qwen3:14b,ollama-adapter-v2-no-thinking,taxonomy-v1-ollama-v12-saas-evidence-gate,feed_card,1,0,2026-08-27T20:38:09.193170Z,2026-08-27T20:38:11.741271Z,2399,162,2518554829,0
1640,720,triage,succeeded,qwen3:14b,ollama-adapter-v2-no-thinking,taxonomy-v1-ollama-v12-saas-evidence-gate,feed_card,1,0,2026-08-27T20:38:11.763317Z,2026-08-27T20:38:13.348722Z,2374,97,1559585790,0
1641,721,triage,succeeded,qwen3:14b,ollama-adapter-v2-no-thinking,taxonomy-v1-ollama-v12-saas-evidence-gate,feed_card,1,0,2026-08-27T20:38:13.369016Z,2026-08-27T20:38:15.457160Z,2552,128,2060907285,0
1642,722,triage,succeeded,qwen3:14b,ollama-adapter-v2-no-thinking,taxonomy-v1-ollama-v12-saas-evidence-gate,feed_card,1,0,2026-08-27T20:38:15.481739Z,2026-08-27T20:38:17.941973Z,2433,158,2434284284,0
1643,47,verification,failed,qwen3:8b,ollama-adapter-v2-no-thinking,taxonomy-v1-ollama-v12-saas-evidence-gate,thread,1,0,2026-08-27T20:38:17.986051Z,2026-08-27T20:38:25.618664Z,,,,
1644,707,verification,succeeded,qwen3:8b,ollama-adapter-v2-no-thinking,taxonomy-v1-ollama-v12-saas-evidence-gate,feed_card,1,0,2026-08-27T20:38:25.638829Z,2026-08-27T20:38:27.393466Z,2382,127,1726757198,0
1645,709,verification,succeeded,qwen3:8b,ollama-adapter-v2-no-thinking,taxonomy-v1-ollama-v12-saas-evidence-gate,feed_card,1,0,2026-08-27T20:38:27.415680Z,2026-08-27T20:38:28.971882Z,2402,151,1516549049,0
1646,717,verification,succeeded,qwen3:8b,ollama-adapter-v2-no-thinking,taxonomy-v1-ollama-v12-saas-evidence-gate,feed_card,1,0,2026-08-27T20:38:28.991832Z,2026-08-27T20:38:30.684427Z,2422,165,1653348286,0
1647,719,verification,succeeded,qwen3:8b,ollama-adapter-v2-no-thinking,taxonomy-v1-ollama-v12-saas-evidence-gate,feed_card,1,0,2026-08-27T20:38:30.708056Z,2026-08-27T20:38:32.566560Z,2399,187,1830659260,0
1648,47,opportunity_probe,abandoned,qwen3:14b,ollama-investigator-v1,opportunity-report-v1-ollama-v1,thread,1,3,2026-08-27T20:57:18.179086Z,2026-08-27T21:02:07.880828Z,,,,
1649,236,opportunity_probe,abandoned,qwen3:14b,ollama-investigator-v1,opportunity-report-v1-ollama-v1,thread,1,3,2026-08-27T20:57:46.173667Z,2026-08-27T21:02:07.880828Z,,,,
1650,287,opportunity_probe,abandoned,qwen3:14b,ollama-investigator-v1,opportunity-report-v1-ollama-v1,thread,1,2,2026-08-27T20:58:14.655877Z,2026-08-27T21:02:07.880828Z,,,,
1651,493,opportunity_probe,abandoned,qwen3:14b,ollama-investigator-v1,opportunity-report-v1-ollama-v1,thread,1,1,2026-08-27T20:58:19.669110Z,2026-08-27T21:02:07.880828Z,,,,
1652,656,opportunity_probe,abandoned,qwen3:14b,ollama-investigator-v1,opportunity-report-v1-ollama-v1,thread,1,1,2026-08-27T20:58:24.682833Z,2026-08-27T21:02:07.880828Z,,,,
1658,236,triage,succeeded,qwen3:14b,ollama-adapter-v2-no-thinking,taxonomy-v1-ollama-v12-saas-evidence-gate,thread,1,0,2026-08-27T21:07:37.840987Z,2026-08-27T21:07:44.295540Z,4096,243,6413419105,20
1659,287,triage,succeeded,qwen3:14b,ollama-adapter-v2-no-thinking,taxonomy-v1-ollama-v12-saas-evidence-gate,thread,1,0,2026-08-27T21:07:44.325321Z,2026-08-27T21:07:49.432892Z,3145,234,5078716003,7
1660,493,triage,succeeded,qwen3:14b,ollama-adapter-v2-no-thinking,taxonomy-v1-ollama-v12-saas-evidence-gate,thread,1,0,2026-08-27T21:07:49.450844Z,2026-08-27T21:07:54.309573Z,3663,237,4676096455,8
1661,656,triage,succeeded,qwen3:14b,ollama-adapter-v2-no-thinking,taxonomy-v1-ollama-v12-saas-evidence-gate,thread,1,0,2026-08-27T21:07:54.331902Z,2026-08-27T21:08:01.959071Z,4096,331,7593902578,17
1662,47,verification,succeeded,qwen3:8b,ollama-adapter-v2-no-thinking,taxonomy-v1-ollama-v12-saas-evidence-gate,thread,2,0,2026-08-27T21:08:02.014367Z,2026-08-27T21:08:09.673641Z,4096,257,7612024833,20
1663,236,verification,failed,qwen3:8b,ollama-adapter-v2-no-thinking,taxonomy-v1-ollama-v12-saas-evidence-gate,thread,1,0,2026-08-27T21:08:09.710453Z,2026-08-27T21:08:13.891854Z,,,,
1664,287,verification,succeeded,qwen3:8b,ollama-adapter-v2-no-thinking,taxonomy-v1-ollama-v12-saas-evidence-gate,thread,1,0,2026-08-27T21:08:13.925530Z,2026-08-27T21:08:16.015824Z,3145,142,2053358201,7
1665,493,verification,succeeded,qwen3:8b,ollama-adapter-v2-no-thinking,taxonomy-v1-ollama-v12-saas-evidence-gate,thread,1,0,2026-08-27T21:08:16.033176Z,2026-08-27T21:08:18.551592Z,3663,227,2482517021,8
1666,656,verification,failed,qwen3:8b,ollama-adapter-v2-no-thinking,taxonomy-v1-ollama-v12-saas-evidence-gate,thread,1,0,2026-08-27T21:08:18.569432Z,2026-08-27T21:08:22.691944Z,,,,
1653,47,opportunity_probe,succeeded,qwen3:14b,ollama-investigator-v2-structured-schema,opportunity-report-v1-ollama-v1,thread,2,1,2026-08-27T21:08:23.132931Z,2026-08-27T21:08:55.391290Z,4096,1644,32209398271,
1654,236,opportunity_probe,succeeded,qwen3:14b,ollama-investigator-v2-structured-schema,opportunity-report-v1-ollama-v1,thread,2,1,2026-08-27T21:08:23.132931Z,2026-08-27T21:09:29.057782Z,4096,2028,33637284339,
1655,287,opportunity_probe,succeeded,qwen3:14b,ollama-investigator-v2-structured-schema,opportunity-report-v1-ollama-v1,thread,2,1,2026-08-27T21:08:23.132931Z,2026-08-27T21:09:49.770356Z,3894,1072,20673577051,
1656,493,opportunity_probe,succeeded,qwen3:14b,ollama-investigator-v2-structured-schema,opportunity-report-v1-ollama-v1,thread,2,1,2026-08-27T21:08:23.132931Z,2026-08-27T21:10:19.373194Z,4096,1538,29570218447,
1657,656,opportunity_probe,succeeded,qwen3:14b,ollama-investigator-v2-structured-schema,opportunity-report-v1-ollama-v1,thread,2,1,2026-08-27T21:08:23.132931Z,2026-08-27T21:10:43.294611Z,4096,1196,23893496681,
1667,236,verification,failed,qwen3:8b,ollama-adapter-v2-no-thinking,taxonomy-v1-ollama-v12-saas-evidence-gate,thread,2,0,2026-08-27T21:38:25.642433Z,2026-08-27T21:38:44.851456Z,,,,
1668,656,verification,failed,qwen3:8b,ollama-adapter-v2-no-thinking,taxonomy-v1-ollama-v12-saas-evidence-gate,thread,2,0,2026-08-27T21:38:44.870366Z,2026-08-27T21:38:49.020546Z,,,,
1669,723,triage,succeeded,qwen3:14b,ollama-adapter-v2-no-thinking,taxonomy-v1-ollama-v12-saas-evidence-gate,feed_card,1,0,2026-08-27T22:10:25.461883Z,2026-08-27T22:10:51.019858Z,2417,106,25522390785,0
1670,724,triage,succeeded,qwen3:14b,ollama-adapter-v2-no-thinking,taxonomy-v1-ollama-v12-saas-evidence-gate,feed_card,1,0,2026-08-27T22:10:51.040417Z,2026-08-27T22:10:53.455013Z,2376,153,2388045825,0
1671,725,triage,succeeded,qwen3:14b,ollama-adapter-v2-no-thinking,taxonomy-v1-ollama-v12-saas-evidence-gate,feed_card,1,0,2026-08-27T22:10:53.475164Z,2026-08-27T22:10:55.341449Z,2430,110,1798252670,0
1672,726,triage,succeeded,qwen3:14b,ollama-adapter-v2-no-thinking,taxonomy-v1-ollama-v12-saas-evidence-gate,feed_card,1,0,2026-08-27T22:10:55.382578Z,2026-08-27T22:10:57.480823Z,2413,130,2060880385,0
1673,727,triage,succeeded,qwen3:14b,ollama-adapter-v2-no-thinking,taxonomy-v1-ollama-v12-saas-evidence-gate,feed_card,1,0,2026-08-27T22:10:57.501096Z,2026-08-27T22:10:59.406370Z,2389,118,1878812898,0
1674,728,triage,succeeded,qwen3:14b,ollama-adapter-v2-no-thinking,taxonomy-v1-ollama-v12-saas-evidence-gate,feed_card,1,0,2026-08-27T22:10:59.446746Z,2026-08-27T22:11:02.438649Z,2436,190,2962730000,0
1675,729,triage,succeeded,qwen3:14b,ollama-adapter-v2-no-thinking,taxonomy-v1-ollama-v12-saas-evidence-gate,feed_card,1,0,2026-08-27T22:11:02.490059Z,2026-08-27T22:11:04.692345Z,2426,137,2167688123,0
1676,730,triage,succeeded,qwen3:14b,ollama-adapter-v2-no-thinking,taxonomy-v1-ollama-v12-saas-evidence-gate,feed_card,1,0,2026-08-27T22:11:04.711673Z,2026-08-27T22:11:06.804563Z,2419,130,2068105683,0
1677,731,triage,succeeded,qwen3:14b,ollama-adapter-v2-no-thinking,taxonomy-v1-ollama-v12-saas-evidence-gate,feed_card,1,0,2026-08-27T22:11:06.833346Z,2026-08-27T22:11:08.902133Z,2409,127,2041902435,0
1678,732,triage,succeeded,qwen3:14b,ollama-adapter-v2-no-thinking,taxonomy-v1-ollama-v12-saas-evidence-gate,feed_card,1,0,2026-08-27T22:11:08.921295Z,2026-08-27T22:11:11.753847Z,2425,181,2802835717,0
1679,733,triage,succeeded,qwen3:14b,ollama-adapter-v2-no-thinking,taxonomy-v1-ollama-v12-saas-evidence-gate,feed_card,1,0,2026-08-27T22:11:11.776030Z,2026-08-27T22:11:14.098729Z,2384,147,2297447545,0
1680,734,triage,succeeded,qwen3:14b,ollama-adapter-v2-no-thinking,taxonomy-v1-ollama-v12-saas-evidence-gate,feed_card,1,0,2026-08-27T22:11:14.120838Z,2026-08-27T22:11:16.547321Z,2418,152,2397922316,0
1681,735,triage,succeeded,qwen3:14b,ollama-adapter-v2-no-thinking,taxonomy-v1-ollama-v12-saas-evidence-gate,feed_card,1,0,2026-08-27T22:11:16.566407Z,2026-08-27T22:11:18.594516Z,2427,126,2000144995,0
1682,736,triage,succeeded,qwen3:14b,ollama-adapter-v2-no-thinking,taxonomy-v1-ollama-v12-saas-evidence-gate,feed_card,1,0,2026-08-27T22:11:18.616463Z,2026-08-27T22:11:20.291989Z,2369,101,1650345137,0
1683,737,triage,succeeded,qwen3:14b,ollama-adapter-v2-no-thinking,taxonomy-v1-ollama-v12-saas-evidence-gate,feed_card,1,0,2026-08-27T22:11:20.311763Z,2026-08-27T22:11:22.013403Z,2375,104,1673825977,0
1684,738,triage,succeeded,qwen3:14b,ollama-adapter-v2-no-thinking,taxonomy-v1-ollama-v12-saas-evidence-gate,feed_card,1,0,2026-08-27T22:11:22.034530Z,2026-08-27T22:11:24.736200Z,2435,170,2671417433,0
1685,739,triage,succeeded,qwen3:14b,ollama-adapter-v2-no-thinking,taxonomy-v1-ollama-v12-saas-evidence-gate,feed_card,1,0,2026-08-27T22:11:24.754497Z,2026-08-27T22:11:26.339986Z,2366,95,1560219999,0
1686,740,triage,succeeded,qwen3:14b,ollama-adapter-v2-no-thinking,taxonomy-v1-ollama-v12-saas-evidence-gate,feed_card,1,0,2026-08-27T22:11:26.360852Z,2026-08-27T22:11:28.765280Z,2385,151,2376368689,0
1687,741,triage,succeeded,qwen3:14b,ollama-adapter-v2-no-thinking,taxonomy-v1-ollama-v12-saas-evidence-gate,feed_card,1,0,2026-08-27T22:11:28.785031Z,2026-08-27T22:11:30.558107Z,2406,108,1746127145,0
1688,742,triage,succeeded,qwen3:14b,ollama-adapter-v2-no-thinking,taxonomy-v1-ollama-v12-saas-evidence-gate,feed_card,1,0,2026-08-27T22:11:30.579512Z,2026-08-27T22:11:32.463423Z,2439,115,1858687387,0
1689,743,triage,succeeded,qwen3:14b,ollama-adapter-v2-no-thinking,taxonomy-v1-ollama-v12-saas-evidence-gate,feed_card,1,0,2026-08-27T22:11:32.490315Z,2026-08-27T22:11:34.206644Z,2373,103,1693101094,0
1690,744,triage,succeeded,qwen3:14b,ollama-adapter-v2-no-thinking,taxonomy-v1-ollama-v12-saas-evidence-gate,feed_card,1,0,2026-08-27T22:11:34.226931Z,2026-08-27T22:11:36.783757Z,2436,162,2529347376,0
1691,745,triage,succeeded,qwen3:14b,ollama-adapter-v2-no-thinking,taxonomy-v1-ollama-v12-saas-evidence-gate,feed_card,1,0,2026-08-27T22:11:36.802824Z,2026-08-27T22:11:39.094152Z,2420,143,2262858447,0
1692,746,triage,succeeded,qwen3:14b,ollama-adapter-v2-no-thinking,taxonomy-v1-ollama-v12-saas-evidence-gate,feed_card,1,0,2026-08-27T22:11:39.111497Z,2026-08-27T22:11:41.290395Z,2381,137,2154612470,0
1693,236,verification,failed,qwen3:8b,ollama-adapter-v2-no-thinking,taxonomy-v1-ollama-v12-saas-evidence-gate,thread,3,0,2026-08-27T22:11:41.329214Z,2026-08-27T22:11:48.652108Z,,,,
1694,656,verification,failed,qwen3:8b,ollama-adapter-v2-no-thinking,taxonomy-v1-ollama-v12-saas-evidence-gate,thread,3,0,2026-08-27T22:11:48.671848Z,2026-08-27T22:11:52.919955Z,,,,
1695,724,verification,succeeded,qwen3:8b,ollama-adapter-v2-no-thinking,taxonomy-v1-ollama-v12-saas-evidence-gate,feed_card,1,0,2026-08-27T22:11:52.939297Z,2026-08-27T22:11:54.602818Z,2376,113,1630682963,0
1696,728,verification,succeeded,qwen3:8b,ollama-adapter-v2-no-thinking,taxonomy-v1-ollama-v12-saas-evidence-gate,feed_card,1,0,2026-08-27T22:11:54.625063Z,2026-08-27T22:11:56.167031Z,2436,148,1513878040,0
1697,729,verification,succeeded,qwen3:8b,ollama-adapter-v2-no-thinking,taxonomy-v1-ollama-v12-saas-evidence-gate,feed_card,1,0,2026-08-27T22:11:56.199554Z,2026-08-27T22:11:57.697019Z,2426,140,1462825465,0
1698,731,verification,succeeded,qwen3:8b,ollama-adapter-v2-no-thinking,taxonomy-v1-ollama-v12-saas-evidence-gate,feed_card,1,0,2026-08-27T22:11:57.738579Z,2026-08-27T22:11:59.285374Z,2409,148,1503104339,0
1699,732,verification,succeeded,qwen3:8b,ollama-adapter-v2-no-thinking,taxonomy-v1-ollama-v12-saas-evidence-gate,feed_card,1,0,2026-08-27T22:11:59.322457Z,2026-08-27T22:12:01.253771Z,2425,190,1905825836,0
1700,734,verification,succeeded,qwen3:8b,ollama-adapter-v2-no-thinking,taxonomy-v1-ollama-v12-saas-evidence-gate,feed_card,1,0,2026-08-27T22:12:01.302966Z,2026-08-27T22:12:03.251527Z,2418,191,1913271362,0
1701,735,verification,succeeded,qwen3:8b,ollama-adapter-v2-no-thinking,taxonomy-v1-ollama-v12-saas-evidence-gate,feed_card,1,0,2026-08-27T22:12:03.278186Z,2026-08-27T22:12:04.590160Z,2427,124,1286071740,0
1702,738,verification,succeeded,qwen3:8b,ollama-adapter-v2-no-thinking,taxonomy-v1-ollama-v12-saas-evidence-gate,feed_card,1,0,2026-08-27T22:12:04.611507Z,2026-08-27T22:12:06.385108Z,2435,173,1744492740,0
1703,740,verification,succeeded,qwen3:8b,ollama-adapter-v2-no-thinking,taxonomy-v1-ollama-v12-saas-evidence-gate,feed_card,1,0,2026-08-27T22:12:06.417950Z,2026-08-27T22:12:07.500996Z,2385,98,1049107773,0
1704,745,verification,succeeded,qwen3:8b,ollama-adapter-v2-no-thinking,taxonomy-v1-ollama-v12-saas-evidence-gate,feed_card,1,0,2026-08-27T22:12:07.521261Z,2026-08-27T22:12:09.408600Z,2420,189,1862365250,0
1705,336,opportunity_probe,succeeded,qwen3:14b,ollama-investigator-v2-structured-schema,opportunity-report-v1-ollama-v1,feed_card,1,0,2026-08-28T03:28:03.268496Z,2026-08-28T03:28:20.596757Z,2150,871,17287614690,
1707,315,opportunity_probe,succeeded,qwen3:14b,ollama-investigator-v2-structured-schema,opportunity-report-v1-ollama-v1,feed_card,1,0,2026-08-28T16:04:59.141363Z,2026-08-28T16:05:19.188449Z,2203,1005,19998927437,
1708,747,triage,failed,qwen3:14b,ollama-adapter-v2-no-thinking,taxonomy-v1-ollama-v12-saas-evidence-gate,feed_card,1,0,2026-08-29T02:23:25.448513Z,2026-08-29T02:23:25.809195Z,,,,
1709,748,triage,failed,qwen3:14b,ollama-adapter-v2-no-thinking,taxonomy-v1-ollama-v12-saas-evidence-gate,feed_card,1,0,2026-08-29T02:23:25.831428Z,2026-08-29T02:23:26.158699Z,,,,
1710,749,triage,failed,qwen3:14b,ollama-adapter-v2-no-thinking,taxonomy-v1-ollama-v12-saas-evidence-gate,feed_card,1,0,2026-08-29T02:23:26.179066Z,2026-08-29T02:23:26.509519Z,,,,
1711,750,triage,failed,qwen3:14b,ollama-adapter-v2-no-thinking,taxonomy-v1-ollama-v12-saas-evidence-gate,feed_card,1,0,2026-08-29T02:23:26.530681Z,2026-08-29T02:23:26.872519Z,,,,
1712,751,triage,failed,qwen3:14b,ollama-adapter-v2-no-thinking,taxonomy-v1-ollama-v12-saas-evidence-gate,feed_card,1,0,2026-08-29T02:23:26.893004Z,2026-08-29T02:23:27.228705Z,,,,
1713,752,triage,failed,qwen3:14b,ollama-adapter-v2-no-thinking,taxonomy-v1-ollama-v12-saas-evidence-gate,feed_card,1,0,2026-08-29T02:23:27.247091Z,2026-08-29T02:23:27.581584Z,,,,
1714,753,triage,failed,qwen3:14b,ollama-adapter-v2-no-thinking,taxonomy-v1-ollama-v12-saas-evidence-gate,feed_card,1,0,2026-08-29T02:23:27.603055Z,2026-08-29T02:23:27.932579Z,,,,
1715,754,triage,failed,qwen3:14b,ollama-adapter-v2-no-thinking,taxonomy-v1-ollama-v12-saas-evidence-gate,feed_card,1,0,2026-08-29T02:23:27.952450Z,2026-08-29T02:23:28.276536Z,,,,
1716,755,triage,failed,qwen3:14b,ollama-adapter-v2-no-thinking,taxonomy-v1-ollama-v12-saas-evidence-gate,feed_card,1,0,2026-08-29T02:23:28.298002Z,2026-08-29T02:23:28.647292Z,,,,
1717,756,triage,failed,qwen3:14b,ollama-adapter-v2-no-thinking,taxonomy-v1-ollama-v12-saas-evidence-gate,feed_card,1,0,2026-08-29T02:23:28.668601Z,2026-08-29T02:23:28.993681Z,,,,
1718,757,triage,failed,qwen3:14b,ollama-adapter-v2-no-thinking,taxonomy-v1-ollama-v12-saas-evidence-gate,feed_card,1,0,2026-08-29T02:23:29.013154Z,2026-08-29T02:23:29.337982Z,,,,
1719,758,triage,failed,qwen3:14b,ollama-adapter-v2-no-thinking,taxonomy-v1-ollama-v12-saas-evidence-gate,feed_card,1,0,2026-08-29T02:23:29.358587Z,2026-08-29T02:23:29.684371Z,,,,
1720,759,triage,failed,qwen3:14b,ollama-adapter-v2-no-thinking,taxonomy-v1-ollama-v12-saas-evidence-gate,feed_card,1,0,2026-08-29T02:23:29.703182Z,2026-08-29T02:23:30.052308Z,,,,
1721,760,triage,failed,qwen3:14b,ollama-adapter-v2-no-thinking,taxonomy-v1-ollama-v12-saas-evidence-gate,feed_card,1,0,2026-08-29T02:23:30.074095Z,2026-08-29T02:23:30.401611Z,,,,
1722,761,triage,failed,qwen3:14b,ollama-adapter-v2-no-thinking,taxonomy-v1-ollama-v12-saas-evidence-gate,feed_card,1,0,2026-08-29T02:23:30.423111Z,2026-08-29T02:23:30.753314Z,,,,
1723,762,triage,failed,qwen3:14b,ollama-adapter-v2-no-thinking,taxonomy-v1-ollama-v12-saas-evidence-gate,feed_card,1,0,2026-08-29T02:23:30.773044Z,2026-08-29T02:23:31.120579Z,,,,
1724,763,triage,failed,qwen3:14b,ollama-adapter-v2-no-thinking,taxonomy-v1-ollama-v12-saas-evidence-gate,feed_card,1,0,2026-08-29T02:23:31.144728Z,2026-08-29T02:23:31.475772Z,,,,
1725,764,triage,failed,qwen3:14b,ollama-adapter-v2-no-thinking,taxonomy-v1-ollama-v12-saas-evidence-gate,feed_card,1,0,2026-08-29T02:23:31.504129Z,2026-08-29T02:23:31.839607Z,,,,
1726,765,triage,failed,qwen3:14b,ollama-adapter-v2-no-thinking,taxonomy-v1-ollama-v12-saas-evidence-gate,feed_card,1,0,2026-08-29T02:23:31.859299Z,2026-08-29T02:23:32.189691Z,,,,
1727,766,triage,failed,qwen3:14b,ollama-adapter-v2-no-thinking,taxonomy-v1-ollama-v12-saas-evidence-gate,feed_card,1,0,2026-08-29T02:23:32.207352Z,2026-08-29T02:23:32.535903Z,,,,
1728,767,triage,failed,qwen3:14b,ollama-adapter-v2-no-thinking,taxonomy-v1-ollama-v12-saas-evidence-gate,feed_card,1,0,2026-08-29T02:23:32.555758Z,2026-08-29T02:23:32.867920Z,,,,
1729,768,triage,failed,qwen3:14b,ollama-adapter-v2-no-thinking,taxonomy-v1-ollama-v12-saas-evidence-gate,feed_card,1,0,2026-08-29T02:23:32.887800Z,2026-08-29T02:23:33.226908Z,,,,
1730,769,triage,failed,qwen3:14b,ollama-adapter-v2-no-thinking,taxonomy-v1-ollama-v12-saas-evidence-gate,feed_card,1,0,2026-08-29T02:23:33.246113Z,2026-08-29T02:23:33.570089Z,,,,
1731,770,triage,failed,qwen3:14b,ollama-adapter-v2-no-thinking,taxonomy-v1-ollama-v12-saas-evidence-gate,feed_card,1,0,2026-08-29T02:23:33.590137Z,2026-08-29T02:23:33.933146Z,,,,
1732,771,triage,failed,qwen3:14b,ollama-adapter-v2-no-thinking,taxonomy-v1-ollama-v12-saas-evidence-gate,feed_card,1,0,2026-08-29T02:23:33.953887Z,2026-08-29T02:23:34.293119Z,,,,
1733,772,triage,failed,qwen3:14b,ollama-adapter-v2-no-thinking,taxonomy-v1-ollama-v12-saas-evidence-gate,feed_card,1,0,2026-08-29T02:23:34.311903Z,2026-08-29T02:23:34.666303Z,,,,
1734,773,triage,failed,qwen3:14b,ollama-adapter-v2-no-thinking,taxonomy-v1-ollama-v12-saas-evidence-gate,feed_card,1,0,2026-08-29T02:23:34.684997Z,2026-08-29T02:23:35.030070Z,,,,
1735,747,triage,failed,qwen3:14b,ollama-adapter-v2-no-thinking,taxonomy-v1-ollama-v12-saas-evidence-gate,feed_card,2,0,2026-08-29T02:55:25.442374Z,2026-08-29T02:55:25.795319Z,,,,
1736,748,triage,failed,qwen3:14b,ollama-adapter-v2-no-thinking,taxonomy-v1-ollama-v12-saas-evidence-gate,feed_card,2,0,2026-08-29T02:55:25.811820Z,2026-08-29T02:55:26.137418Z,,,,
1737,749,triage,failed,qwen3:14b,ollama-adapter-v2-no-thinking,taxonomy-v1-ollama-v12-saas-evidence-gate,feed_card,2,0,2026-08-29T02:55:26.165383Z,2026-08-29T02:55:26.483154Z,,,,
1738,750,triage,failed,qwen3:14b,ollama-adapter-v2-no-thinking,taxonomy-v1-ollama-v12-saas-evidence-gate,feed_card,2,0,2026-08-29T02:55:26.501355Z,2026-08-29T02:55:26.833623Z,,,,
1739,751,triage,failed,qwen3:14b,ollama-adapter-v2-no-thinking,taxonomy-v1-ollama-v12-saas-evidence-gate,feed_card,2,0,2026-08-29T02:55:26.852740Z,2026-08-29T02:55:27.178761Z,,,,
1740,752,triage,failed,qwen3:14b,ollama-adapter-v2-no-thinking,taxonomy-v1-ollama-v12-saas-evidence-gate,feed_card,2,0,2026-08-29T02:55:27.199166Z,2026-08-29T02:55:27.532420Z,,,,
1741,753,triage,failed,qwen3:14b,ollama-adapter-v2-no-thinking,taxonomy-v1-ollama-v12-saas-evidence-gate,feed_card,2,0,2026-08-29T02:55:27.549735Z,2026-08-29T02:55:27.884754Z,,,,
1742,754,triage,failed,qwen3:14b,ollama-adapter-v2-no-thinking,taxonomy-v1-ollama-v12-saas-evidence-gate,feed_card,2,0,2026-08-29T02:55:27.902620Z,2026-08-29T02:55:28.228597Z,,,,
1743,755,triage,failed,qwen3:14b,ollama-adapter-v2-no-thinking,taxonomy-v1-ollama-v12-saas-evidence-gate,feed_card,2,0,2026-08-29T02:55:28.247334Z,2026-08-29T02:55:28.569787Z,,,,
1744,756,triage,failed,qwen3:14b,ollama-adapter-v2-no-thinking,taxonomy-v1-ollama-v12-saas-evidence-gate,feed_card,2,0,2026-08-29T02:55:28.589067Z,2026-08-29T02:55:28.919381Z,,,,
1745,757,triage,failed,qwen3:14b,ollama-adapter-v2-no-thinking,taxonomy-v1-ollama-v12-saas-evidence-gate,feed_card,2,0,2026-08-29T02:55:28.938736Z,2026-08-29T02:55:29.261215Z,,,,
1746,758,triage,failed,qwen3:14b,ollama-adapter-v2-no-thinking,taxonomy-v1-ollama-v12-saas-evidence-gate,feed_card,2,0,2026-08-29T02:55:29.279465Z,2026-08-29T02:55:29.602466Z,,,,
1747,759,triage,failed,qwen3:14b,ollama-adapter-v2-no-thinking,taxonomy-v1-ollama-v12-saas-evidence-gate,feed_card,2,0,2026-08-29T02:55:29.627270Z,2026-08-29T02:55:29.951751Z,,,,
1748,760,triage,failed,qwen3:14b,ollama-adapter-v2-no-thinking,taxonomy-v1-ollama-v12-saas-evidence-gate,feed_card,2,0,2026-08-29T02:55:29.969970Z,2026-08-29T02:55:30.305766Z,,,,
1749,761,triage,failed,qwen3:14b,ollama-adapter-v2-no-thinking,taxonomy-v1-ollama-v12-saas-evidence-gate,feed_card,2,0,2026-08-29T02:55:30.323872Z,2026-08-29T02:55:30.633284Z,,,,
1750,762,triage,failed,qwen3:14b,ollama-adapter-v2-no-thinking,taxonomy-v1-ollama-v12-saas-evidence-gate,feed_card,2,0,2026-08-29T02:55:30.652989Z,2026-08-29T02:55:30.978107Z,,,,
1751,763,triage,failed,qwen3:14b,ollama-adapter-v2-no-thinking,taxonomy-v1-ollama-v12-saas-evidence-gate,feed_card,2,0,2026-08-29T02:55:31.007654Z,2026-08-29T02:55:31.342246Z,,,,
1752,764,triage,failed,qwen3:14b,ollama-adapter-v2-no-thinking,taxonomy-v1-ollama-v12-saas-evidence-gate,feed_card,2,0,2026-08-29T02:55:31.362291Z,2026-08-29T02:55:31.680400Z,,,,
1753,765,triage,failed,qwen3:14b,ollama-adapter-v2-no-thinking,taxonomy-v1-ollama-v12-saas-evidence-gate,feed_card,2,0,2026-08-29T02:55:31.697524Z,2026-08-29T02:55:32.026488Z,,,,
1754,766,triage,failed,qwen3:14b,ollama-adapter-v2-no-thinking,taxonomy-v1-ollama-v12-saas-evidence-gate,feed_card,2,0,2026-08-29T02:55:32.045360Z,2026-08-29T02:55:32.362998Z,,,,
1755,767,triage,failed,qwen3:14b,ollama-adapter-v2-no-thinking,taxonomy-v1-ollama-v12-saas-evidence-gate,feed_card,2,0,2026-08-29T02:55:32.387021Z,2026-08-29T02:55:32.713286Z,,,,
1756,768,triage,failed,qwen3:14b,ollama-adapter-v2-no-thinking,taxonomy-v1-ollama-v12-saas-evidence-gate,feed_card,2,0,2026-08-29T02:55:32.733121Z,2026-08-29T02:55:33.078894Z,,,,
1757,769,triage,failed,qwen3:14b,ollama-adapter-v2-no-thinking,taxonomy-v1-ollama-v12-saas-evidence-gate,feed_card,2,0,2026-08-29T02:55:33.096677Z,2026-08-29T02:55:33.425747Z,,,,
1758,770,triage,failed,qwen3:14b,ollama-adapter-v2-no-thinking,taxonomy-v1-ollama-v12-saas-evidence-gate,feed_card,2,0,2026-08-29T02:55:33.444859Z,2026-08-29T02:55:33.765368Z,,,,
1759,771,triage,failed,qwen3:14b,ollama-adapter-v2-no-thinking,taxonomy-v1-ollama-v12-saas-evidence-gate,feed_card,2,0,2026-08-29T02:55:33.782266Z,2026-08-29T02:55:34.110612Z,,,,
1760,772,triage,failed,qwen3:14b,ollama-adapter-v2-no-thinking,taxonomy-v1-ollama-v12-saas-evidence-gate,feed_card,2,0,2026-08-29T02:55:34.127937Z,2026-08-29T02:55:34.448021Z,,,,
1761,773,triage,failed,qwen3:14b,ollama-adapter-v2-no-thinking,taxonomy-v1-ollama-v12-saas-evidence-gate,feed_card,2,0,2026-08-29T02:55:34.467469Z,2026-08-29T02:55:34.808786Z,,,,
1762,341,triage,failed,qwen3:14b,ollama-adapter-v2-no-thinking,taxonomy-v1-ollama-v12-saas-evidence-gate,feed_card,1,0,2026-08-29T03:26:25.465442Z,2026-08-29T03:26:25.802578Z,,,,
1763,747,triage,failed,qwen3:14b,ollama-adapter-v2-no-thinking,taxonomy-v1-ollama-v12-saas-evidence-gate,feed_card,3,0,2026-08-29T03:26:25.833056Z,2026-08-29T03:26:26.150487Z,,,,
1764,748,triage,failed,qwen3:14b,ollama-adapter-v2-no-thinking,taxonomy-v1-ollama-v12-saas-evidence-gate,feed_card,3,0,2026-08-29T03:26:26.168611Z,2026-08-29T03:26:26.498211Z,,,,
1765,749,triage,failed,qwen3:14b,ollama-adapter-v2-no-thinking,taxonomy-v1-ollama-v12-saas-evidence-gate,feed_card,3,0,2026-08-29T03:26:26.516155Z,2026-08-29T03:26:26.830855Z,,,,
1766,750,triage,failed,qwen3:14b,ollama-adapter-v2-no-thinking,taxonomy-v1-ollama-v12-saas-evidence-gate,feed_card,3,0,2026-08-29T03:26:26.851732Z,2026-08-29T03:26:27.182373Z,,,,
1767,751,triage,failed,qwen3:14b,ollama-adapter-v2-no-thinking,taxonomy-v1-ollama-v12-saas-evidence-gate,feed_card,3,0,2026-08-29T03:26:27.201854Z,2026-08-29T03:26:27.530327Z,,,,
1768,752,triage,failed,qwen3:14b,ollama-adapter-v2-no-thinking,taxonomy-v1-ollama-v12-saas-evidence-gate,feed_card,3,0,2026-08-29T03:26:27.548837Z,2026-08-29T03:26:27.860925Z,,,,
1769,753,triage,failed,qwen3:14b,ollama-adapter-v2-no-thinking,taxonomy-v1-ollama-v12-saas-evidence-gate,feed_card,3,0,2026-08-29T03:26:27.879512Z,2026-08-29T03:26:28.214136Z,,,,
1770,754,triage,failed,qwen3:14b,ollama-adapter-v2-no-thinking,taxonomy-v1-ollama-v12-saas-evidence-gate,feed_card,3,0,2026-08-29T03:26:28.234257Z,2026-08-29T03:26:28.556283Z,,,,
1771,755,triage,failed,qwen3:14b,ollama-adapter-v2-no-thinking,taxonomy-v1-ollama-v12-saas-evidence-gate,feed_card,3,0,2026-08-29T03:26:28.580466Z,2026-08-29T03:26:28.896576Z,,,,
1772,756,triage,failed,qwen3:14b,ollama-adapter-v2-no-thinking,taxonomy-v1-ollama-v12-saas-evidence-gate,feed_card,3,0,2026-08-29T03:26:28.916911Z,2026-08-29T03:26:29.252303Z,,,,
1773,757,triage,failed,qwen3:14b,ollama-adapter-v2-no-thinking,taxonomy-v1-ollama-v12-saas-evidence-gate,feed_card,3,0,2026-08-29T03:26:29.277589Z,2026-08-29T03:26:29.605626Z,,,,
1774,758,triage,failed,qwen3:14b,ollama-adapter-v2-no-thinking,taxonomy-v1-ollama-v12-saas-evidence-gate,feed_card,3,0,2026-08-29T03:26:29.631049Z,2026-08-29T03:26:29.959209Z,,,,
1775,759,triage,failed,qwen3:14b,ollama-adapter-v2-no-thinking,taxonomy-v1-ollama-v12-saas-evidence-gate,feed_card,3,0,2026-08-29T03:26:29.979258Z,2026-08-29T03:26:30.323506Z,,,,
1776,760,triage,failed,qwen3:14b,ollama-adapter-v2-no-thinking,taxonomy-v1-ollama-v12-saas-evidence-gate,feed_card,3,0,2026-08-29T03:26:30.347811Z,2026-08-29T03:26:30.679330Z,,,,
1777,761,triage,failed,qwen3:14b,ollama-adapter-v2-no-thinking,taxonomy-v1-ollama-v12-saas-evidence-gate,feed_card,3,0,2026-08-29T03:26:30.707642Z,2026-08-29T03:26:31.027882Z,,,,
1778,762,triage,failed,qwen3:14b,ollama-adapter-v2-no-thinking,taxonomy-v1-ollama-v12-saas-evidence-gate,feed_card,3,0,2026-08-29T03:26:31.049694Z,2026-08-29T03:26:31.377918Z,,,,
1779,763,triage,failed,qwen3:14b,ollama-adapter-v2-no-thinking,taxonomy-v1-ollama-v12-saas-evidence-gate,feed_card,3,0,2026-08-29T03:26:31.400056Z,2026-08-29T03:26:31.727932Z,,,,
1780,764,triage,failed,qwen3:14b,ollama-adapter-v2-no-thinking,taxonomy-v1-ollama-v12-saas-evidence-gate,feed_card,3,0,2026-08-29T03:26:31.746813Z,2026-08-29T03:26:32.088741Z,,,,
1781,765,triage,failed,qwen3:14b,ollama-adapter-v2-no-thinking,taxonomy-v1-ollama-v12-saas-evidence-gate,feed_card,3,0,2026-08-29T03:26:32.106595Z,2026-08-29T03:26:32.435736Z,,,,
1782,766,triage,failed,qwen3:14b,ollama-adapter-v2-no-thinking,taxonomy-v1-ollama-v12-saas-evidence-gate,feed_card,3,0,2026-08-29T03:26:32.457640Z,2026-08-29T03:26:32.789123Z,,,,
1783,767,triage,failed,qwen3:14b,ollama-adapter-v2-no-thinking,taxonomy-v1-ollama-v12-saas-evidence-gate,feed_card,3,0,2026-08-29T03:26:32.807721Z,2026-08-29T03:26:33.124713Z,,,,
1784,768,triage,failed,qwen3:14b,ollama-adapter-v2-no-thinking,taxonomy-v1-ollama-v12-saas-evidence-gate,feed_card,3,0,2026-08-29T03:26:33.154647Z,2026-08-29T03:26:33.482610Z,,,,
1785,769,triage,failed,qwen3:14b,ollama-adapter-v2-no-thinking,taxonomy-v1-ollama-v12-saas-evidence-gate,feed_card,3,0,2026-08-29T03:26:33.504064Z,2026-08-29T03:26:33.844230Z,,,,
1786,770,triage,failed,qwen3:14b,ollama-adapter-v2-no-thinking,taxonomy-v1-ollama-v12-saas-evidence-gate,feed_card,3,0,2026-08-29T03:26:33.871546Z,2026-08-29T03:26:34.204616Z,,,,
1787,771,triage,failed,qwen3:14b,ollama-adapter-v2-no-thinking,taxonomy-v1-ollama-v12-saas-evidence-gate,feed_card,3,0,2026-08-29T03:26:34.236404Z,2026-08-29T03:26:34.555253Z,,,,
1788,772,triage,failed,qwen3:14b,ollama-adapter-v2-no-thinking,taxonomy-v1-ollama-v12-saas-evidence-gate,feed_card,3,0,2026-08-29T03:26:34.577505Z,2026-08-29T03:26:34.917287Z,,,,
1789,773,triage,failed,qwen3:14b,ollama-adapter-v2-no-thinking,taxonomy-v1-ollama-v12-saas-evidence-gate,feed_card,3,0,2026-08-29T03:26:34.937837Z,2026-08-29T03:26:35.278590Z,,,,
1790,774,triage,failed,qwen3:14b,ollama-adapter-v2-no-thinking,taxonomy-v1-ollama-v12-saas-evidence-gate,feed_card,1,0,2026-08-29T03:26:35.328951Z,2026-08-29T03:26:35.669166Z,,,,
1791,775,triage,failed,qwen3:14b,ollama-adapter-v2-no-thinking,taxonomy-v1-ollama-v12-saas-evidence-gate,feed_card,1,0,2026-08-29T03:26:35.695300Z,2026-08-29T03:26:36.020251Z,,,,
1792,776,triage,failed,qwen3:14b,ollama-adapter-v2-no-thinking,taxonomy-v1-ollama-v12-saas-evidence-gate,feed_card,1,0,2026-08-29T03:26:36.038583Z,2026-08-29T03:26:36.357582Z,,,,
1793,777,triage,failed,qwen3:14b,ollama-adapter-v2-no-thinking,taxonomy-v1-ollama-v12-saas-evidence-gate,feed_card,1,0,2026-08-29T03:26:36.396320Z,2026-08-29T03:26:36.742304Z,,,,
1794,778,triage,failed,qwen3:14b,ollama-adapter-v2-no-thinking,taxonomy-v1-ollama-v12-saas-evidence-gate,feed_card,1,0,2026-08-29T03:26:36.776969Z,2026-08-29T03:26:37.100621Z,,,,
1795,779,triage,failed,qwen3:14b,ollama-adapter-v2-no-thinking,taxonomy-v1-ollama-v12-saas-evidence-gate,feed_card,1,0,2026-08-29T03:26:37.136272Z,2026-08-29T03:26:37.455901Z,,,,
1796,780,triage,failed,qwen3:14b,ollama-adapter-v2-no-thinking,taxonomy-v1-ollama-v12-saas-evidence-gate,feed_card,1,0,2026-08-29T03:26:37.495616Z,2026-08-29T03:26:37.821430Z,,,,
1797,781,triage,failed,qwen3:14b,ollama-adapter-v2-no-thinking,taxonomy-v1-ollama-v12-saas-evidence-gate,feed_card,1,0,2026-08-29T03:26:37.843875Z,2026-08-29T03:26:38.168982Z,,,,
1798,782,triage,failed,qwen3:14b,ollama-adapter-v2-no-thinking,taxonomy-v1-ollama-v12-saas-evidence-gate,feed_card,1,0,2026-08-29T03:26:38.187274Z,2026-08-29T03:26:38.505681Z,,,,
1799,783,triage,failed,qwen3:14b,ollama-adapter-v2-no-thinking,taxonomy-v1-ollama-v12-saas-evidence-gate,feed_card,1,0,2026-08-29T03:26:38.521912Z,2026-08-29T03:26:38.848003Z,,,,
1800,784,triage,failed,qwen3:14b,ollama-adapter-v2-no-thinking,taxonomy-v1-ollama-v12-saas-evidence-gate,feed_card,1,0,2026-08-29T03:26:38.873301Z,2026-08-29T03:26:39.195314Z,,,,
1801,785,triage,failed,qwen3:14b,ollama-adapter-v2-no-thinking,taxonomy-v1-ollama-v12-saas-evidence-gate,feed_card,1,0,2026-08-29T03:26:39.226566Z,2026-08-29T03:26:39.557247Z,,,,
1802,786,triage,failed,qwen3:14b,ollama-adapter-v2-no-thinking,taxonomy-v1-ollama-v12-saas-evidence-gate,feed_card,1,0,2026-08-29T03:26:39.575782Z,2026-08-29T03:26:39.900397Z,,,,
1803,787,triage,failed,qwen3:14b,ollama-adapter-v2-no-thinking,taxonomy-v1-ollama-v12-saas-evidence-gate,feed_card,1,0,2026-08-29T03:26:39.928463Z,2026-08-29T03:26:40.253284Z,,,,
1804,788,triage,failed,qwen3:14b,ollama-adapter-v2-no-thinking,taxonomy-v1-ollama-v12-saas-evidence-gate,feed_card,1,0,2026-08-29T03:26:40.288089Z,2026-08-29T03:26:40.635044Z,,,,
1805,789,triage,failed,qwen3:14b,ollama-adapter-v2-no-thinking,taxonomy-v1-ollama-v12-saas-evidence-gate,feed_card,1,0,2026-08-29T03:26:40.652412Z,2026-08-29T03:26:40.981028Z,,,,
1806,790,triage,failed,qwen3:14b,ollama-adapter-v2-no-thinking,taxonomy-v1-ollama-v12-saas-evidence-gate,feed_card,1,0,2026-08-29T03:26:41.012899Z,2026-08-29T03:26:41.341643Z,,,,
1807,791,triage,failed,qwen3:14b,ollama-adapter-v2-no-thinking,taxonomy-v1-ollama-v12-saas-evidence-gate,feed_card,1,0,2026-08-29T03:26:41.376757Z,2026-08-29T03:26:41.703654Z,,,,
1808,792,triage,failed,qwen3:14b,ollama-adapter-v2-no-thinking,taxonomy-v1-ollama-v12-saas-evidence-gate,feed_card,1,0,2026-08-29T03:26:41.737326Z,2026-08-29T03:26:42.063749Z,,,,
1809,793,triage,failed,qwen3:14b,ollama-adapter-v2-no-thinking,taxonomy-v1-ollama-v12-saas-evidence-gate,feed_card,1,0,2026-08-29T03:26:42.084192Z,2026-08-29T03:26:42.417875Z,,,,
1810,794,triage,failed,qwen3:14b,ollama-adapter-v2-no-thinking,taxonomy-v1-ollama-v12-saas-evidence-gate,feed_card,1,0,2026-08-29T03:26:42.601544Z,2026-08-29T03:26:42.950821Z,,,,
1811,795,triage,failed,qwen3:14b,ollama-adapter-v2-no-thinking,taxonomy-v1-ollama-v12-saas-evidence-gate,feed_card,1,0,2026-08-29T03:26:43.020645Z,2026-08-29T03:26:43.350678Z,,,,
1812,796,triage,failed,qwen3:14b,ollama-adapter-v2-no-thinking,taxonomy-v1-ollama-v12-saas-evidence-gate,feed_card,1,0,2026-08-29T03:26:43.379698Z,2026-08-29T03:26:43.701456Z,,,,
1813,797,triage,failed,qwen3:14b,ollama-adapter-v2-no-thinking,taxonomy-v1-ollama-v12-saas-evidence-gate,feed_card,1,0,2026-08-29T03:26:43.721668Z,2026-08-29T03:26:44.048386Z,,,,
1814,798,triage,failed,qwen3:14b,ollama-adapter-v2-no-thinking,taxonomy-v1-ollama-v12-saas-evidence-gate,feed_card,1,0,2026-08-29T03:26:44.067090Z,2026-08-29T03:26:44.388590Z,,,,
1815,799,triage,failed,qwen3:14b,ollama-adapter-v2-no-thinking,taxonomy-v1-ollama-v12-saas-evidence-gate,feed_card,1,0,2026-08-29T03:26:44.411616Z,2026-08-29T03:26:44.735011Z,,,,
1816,800,triage,failed,qwen3:14b,ollama-adapter-v2-no-thinking,taxonomy-v1-ollama-v12-saas-evidence-gate,feed_card,1,0,2026-08-29T03:26:44.755335Z,2026-08-29T03:26:45.118151Z,,,,
1817,801,triage,failed,qwen3:14b,ollama-adapter-v2-no-thinking,taxonomy-v1-ollama-v12-saas-evidence-gate,feed_card,1,0,2026-08-29T03:26:45.156068Z,2026-08-29T03:26:45.491876Z,,,,
1818,802,triage,failed,qwen3:14b,ollama-adapter-v2-no-thinking,taxonomy-v1-ollama-v12-saas-evidence-gate,feed_card,1,0,2026-08-29T03:26:45.562196Z,2026-08-29T03:26:45.908203Z,,,,
1819,803,triage,failed,qwen3:14b,ollama-adapter-v2-no-thinking,taxonomy-v1-ollama-v12-saas-evidence-gate,feed_card,1,0,2026-08-29T03:26:45.947571Z,2026-08-29T03:26:46.271145Z,,,,
1820,804,triage,failed,qwen3:14b,ollama-adapter-v2-no-thinking,taxonomy-v1-ollama-v12-saas-evidence-gate,feed_card,1,0,2026-08-29T03:26:46.327140Z,2026-08-29T03:26:46.652292Z,,,,
1821,805,triage,failed,qwen3:14b,ollama-adapter-v2-no-thinking,taxonomy-v1-ollama-v12-saas-evidence-gate,feed_card,1,0,2026-08-29T03:26:46.707702Z,2026-08-29T03:26:47.045505Z,,,,
1822,806,triage,failed,qwen3:14b,ollama-adapter-v2-no-thinking,taxonomy-v1-ollama-v12-saas-evidence-gate,feed_card,1,0,2026-08-29T03:26:47.499923Z,2026-08-29T03:26:47.850871Z,,,,
1823,807,triage,failed,qwen3:14b,ollama-adapter-v2-no-thinking,taxonomy-v1-ollama-v12-saas-evidence-gate,feed_card,1,0,2026-08-29T03:26:47.909880Z,2026-08-29T03:26:48.238696Z,,,,
1824,808,triage,failed,qwen3:14b,ollama-adapter-v2-no-thinking,taxonomy-v1-ollama-v12-saas-evidence-gate,feed_card,1,0,2026-08-29T03:26:48.280388Z,2026-08-29T03:26:48.594051Z,,,,
1825,809,triage,failed,qwen3:14b,ollama-adapter-v2-no-thinking,taxonomy-v1-ollama-v12-saas-evidence-gate,feed_card,1,0,2026-08-29T03:26:48.631309Z,2026-08-29T03:26:48.972260Z,,,,
1826,810,triage,failed,qwen3:14b,ollama-adapter-v2-no-thinking,taxonomy-v1-ollama-v12-saas-evidence-gate,feed_card,1,0,2026-08-29T03:26:49.024397Z,2026-08-29T03:26:49.388355Z,,,,
1827,811,triage,failed,qwen3:14b,ollama-adapter-v2-no-thinking,taxonomy-v1-ollama-v12-saas-evidence-gate,feed_card,1,0,2026-08-29T03:26:49.429266Z,2026-08-29T03:26:49.769983Z,,,,
1828,812,triage,failed,qwen3:14b,ollama-adapter-v2-no-thinking,taxonomy-v1-ollama-v12-saas-evidence-gate,feed_card,1,0,2026-08-29T03:26:49.842529Z,2026-08-29T03:26:50.201668Z,,,,
1829,813,triage,failed,qwen3:14b,ollama-adapter-v2-no-thinking,taxonomy-v1-ollama-v12-saas-evidence-gate,feed_card,1,0,2026-08-29T03:26:50.240726Z,2026-08-29T03:26:50.585509Z,,,,
1830,341,triage,failed,qwen3:14b,ollama-adapter-v2-no-thinking,taxonomy-v1-ollama-v12-saas-evidence-gate,feed_card,2,0,2026-08-29T03:57:40.823059Z,2026-08-29T03:57:41.167542Z,,,,
1831,774,triage,failed,qwen3:14b,ollama-adapter-v2-no-thinking,taxonomy-v1-ollama-v12-saas-evidence-gate,feed_card,2,0,2026-08-29T03:57:41.184989Z,2026-08-29T03:57:41.512550Z,,,,
1832,775,triage,failed,qwen3:14b,ollama-adapter-v2-no-thinking,taxonomy-v1-ollama-v12-saas-evidence-gate,feed_card,2,0,2026-08-29T03:57:41.533377Z,2026-08-29T03:57:41.856500Z,,,,
1833,776,triage,failed,qwen3:14b,ollama-adapter-v2-no-thinking,taxonomy-v1-ollama-v12-saas-evidence-gate,feed_card,2,0,2026-08-29T03:57:41.886310Z,2026-08-29T03:57:42.248482Z,,,,
1834,777,triage,failed,qwen3:14b,ollama-adapter-v2-no-thinking,taxonomy-v1-ollama-v12-saas-evidence-gate,feed_card,2,0,2026-08-29T03:57:42.280376Z,2026-08-29T03:57:42.608281Z,,,,
1835,778,triage,failed,qwen3:14b,ollama-adapter-v2-no-thinking,taxonomy-v1-ollama-v12-saas-evidence-gate,feed_card,2,0,2026-08-29T03:57:42.625238Z,2026-08-29T03:57:42.959073Z,,,,
1836,779,triage,failed,qwen3:14b,ollama-adapter-v2-no-thinking,taxonomy-v1-ollama-v12-saas-evidence-gate,feed_card,2,0,2026-08-29T03:57:43.008632Z,2026-08-29T03:57:43.324590Z,,,,
1837,780,triage,failed,qwen3:14b,ollama-adapter-v2-no-thinking,taxonomy-v1-ollama-v12-saas-evidence-gate,feed_card,2,0,2026-08-29T03:57:43.359429Z,2026-08-29T03:57:43.695686Z,,,,
1838,781,triage,failed,qwen3:14b,ollama-adapter-v2-no-thinking,taxonomy-v1-ollama-v12-saas-evidence-gate,feed_card,2,0,2026-08-29T03:57:43.727800Z,2026-08-29T03:57:44.050146Z,,,,
1839,782,triage,failed,qwen3:14b,ollama-adapter-v2-no-thinking,taxonomy-v1-ollama-v12-saas-evidence-gate,feed_card,2,0,2026-08-29T03:57:44.095089Z,2026-08-29T03:57:44.418344Z,,,,
1840,783,triage,failed,qwen3:14b,ollama-adapter-v2-no-thinking,taxonomy-v1-ollama-v12-saas-evidence-gate,feed_card,2,0,2026-08-29T03:57:44.449132Z,2026-08-29T03:57:44.769565Z,,,,
1841,784,triage,failed,qwen3:14b,ollama-adapter-v2-no-thinking,taxonomy-v1-ollama-v12-saas-evidence-gate,feed_card,2,0,2026-08-29T03:57:44.797944Z,2026-08-29T03:57:45.143071Z,,,,
1842,785,triage,failed,qwen3:14b,ollama-adapter-v2-no-thinking,taxonomy-v1-ollama-v12-saas-evidence-gate,feed_card,2,0,2026-08-29T03:57:45.180306Z,2026-08-29T03:57:45.502190Z,,,,
1843,786,triage,failed,qwen3:14b,ollama-adapter-v2-no-thinking,taxonomy-v1-ollama-v12-saas-evidence-gate,feed_card,2,0,2026-08-29T03:57:45.520696Z,2026-08-29T03:57:45.857010Z,,,,
1844,787,triage,failed,qwen3:14b,ollama-adapter-v2-no-thinking,taxonomy-v1-ollama-v12-saas-evidence-gate,feed_card,2,0,2026-08-29T03:57:45.897066Z,2026-08-29T03:57:46.222033Z,,,,
1845,788,triage,failed,qwen3:14b,ollama-adapter-v2-no-thinking,taxonomy-v1-ollama-v12-saas-evidence-gate,feed_card,2,0,2026-08-29T03:57:46.272935Z,2026-08-29T03:57:46.601523Z,,,,
1846,789,triage,failed,qwen3:14b,ollama-adapter-v2-no-thinking,taxonomy-v1-ollama-v12-saas-evidence-gate,feed_card,2,0,2026-08-29T03:57:46.632198Z,2026-08-29T03:57:46.961026Z,,,,
1847,790,triage,failed,qwen3:14b,ollama-adapter-v2-no-thinking,taxonomy-v1-ollama-v12-saas-evidence-gate,feed_card,2,0,2026-08-29T03:57:46.998098Z,2026-08-29T03:57:47.328517Z,,,,
1848,791,triage,failed,qwen3:14b,ollama-adapter-v2-no-thinking,taxonomy-v1-ollama-v12-saas-evidence-gate,feed_card,2,0,2026-08-29T03:57:47.369104Z,2026-08-29T03:57:47.700693Z,,,,
1849,792,triage,failed,qwen3:14b,ollama-adapter-v2-no-thinking,taxonomy-v1-ollama-v12-saas-evidence-gate,feed_card,2,0,2026-08-29T03:57:47.803684Z,2026-08-29T03:57:48.135802Z,,,,
1850,793,triage,failed,qwen3:14b,ollama-adapter-v2-no-thinking,taxonomy-v1-ollama-v12-saas-evidence-gate,feed_card,2,0,2026-08-29T03:57:48.160989Z,2026-08-29T03:57:48.491529Z,,,,
1851,794,triage,failed,qwen3:14b,ollama-adapter-v2-no-thinking,taxonomy-v1-ollama-v12-saas-evidence-gate,feed_card,2,0,2026-08-29T03:57:48.635667Z,2026-08-29T03:57:48.951059Z,,,,
1852,795,triage,failed,qwen3:14b,ollama-adapter-v2-no-thinking,taxonomy-v1-ollama-v12-saas-evidence-gate,feed_card,2,0,2026-08-29T03:57:48.991380Z,2026-08-29T03:57:49.318519Z,,,,
1853,796,triage,failed,qwen3:14b,ollama-adapter-v2-no-thinking,taxonomy-v1-ollama-v12-saas-evidence-gate,feed_card,2,0,2026-08-29T03:57:49.349240Z,2026-08-29T03:57:49.674022Z,,,,
1854,797,triage,failed,qwen3:14b,ollama-adapter-v2-no-thinking,taxonomy-v1-ollama-v12-saas-evidence-gate,feed_card,2,0,2026-08-29T03:57:49.755083Z,2026-08-29T03:57:50.094886Z,,,,
1855,798,triage,failed,qwen3:14b,ollama-adapter-v2-no-thinking,taxonomy-v1-ollama-v12-saas-evidence-gate,feed_card,2,0,2026-08-29T03:57:50.130288Z,2026-08-29T03:57:50.479668Z,,,,
1856,799,triage,failed,qwen3:14b,ollama-adapter-v2-no-thinking,taxonomy-v1-ollama-v12-saas-evidence-gate,feed_card,2,0,2026-08-29T03:57:50.497837Z,2026-08-29T03:57:50.830103Z,,,,
1857,800,triage,failed,qwen3:14b,ollama-adapter-v2-no-thinking,taxonomy-v1-ollama-v12-saas-evidence-gate,feed_card,2,0,2026-08-29T03:57:50.867061Z,2026-08-29T03:57:51.191893Z,,,,
1858,801,triage,failed,qwen3:14b,ollama-adapter-v2-no-thinking,taxonomy-v1-ollama-v12-saas-evidence-gate,feed_card,2,0,2026-08-29T03:57:51.211817Z,2026-08-29T03:57:51.568307Z,,,,
1859,802,triage,failed,qwen3:14b,ollama-adapter-v2-no-thinking,taxonomy-v1-ollama-v12-saas-evidence-gate,feed_card,2,0,2026-08-29T03:57:51.600155Z,2026-08-29T03:57:51.948845Z,,,,
1860,803,triage,failed,qwen3:14b,ollama-adapter-v2-no-thinking,taxonomy-v1-ollama-v12-saas-evidence-gate,feed_card,2,0,2026-08-29T03:57:51.977832Z,2026-08-29T03:57:52.307777Z,,,,
1861,804,triage,failed,qwen3:14b,ollama-adapter-v2-no-thinking,taxonomy-v1-ollama-v12-saas-evidence-gate,feed_card,2,0,2026-08-29T03:57:52.339208Z,2026-08-29T03:57:52.668083Z,,,,
1862,805,triage,failed,qwen3:14b,ollama-adapter-v2-no-thinking,taxonomy-v1-ollama-v12-saas-evidence-gate,feed_card,2,0,2026-08-29T03:57:52.687257Z,2026-08-29T03:57:53.012873Z,,,,
1863,806,triage,failed,qwen3:14b,ollama-adapter-v2-no-thinking,taxonomy-v1-ollama-v12-saas-evidence-gate,feed_card,2,0,2026-08-29T03:57:53.041822Z,2026-08-29T03:57:53.372988Z,,,,
1864,807,triage,failed,qwen3:14b,ollama-adapter-v2-no-thinking,taxonomy-v1-ollama-v12-saas-evidence-gate,feed_card,2,0,2026-08-29T03:57:53.405658Z,2026-08-29T03:57:53.734047Z,,,,
1865,808,triage,failed,qwen3:14b,ollama-adapter-v2-no-thinking,taxonomy-v1-ollama-v12-saas-evidence-gate,feed_card,2,0,2026-08-29T03:57:53.750120Z,2026-08-29T03:57:54.068911Z,,,,
1866,809,triage,failed,qwen3:14b,ollama-adapter-v2-no-thinking,taxonomy-v1-ollama-v12-saas-evidence-gate,feed_card,2,0,2026-08-29T03:57:54.100225Z,2026-08-29T03:57:54.428061Z,,,,
1867,810,triage,failed,qwen3:14b,ollama-adapter-v2-no-thinking,taxonomy-v1-ollama-v12-saas-evidence-gate,feed_card,2,0,2026-08-29T03:57:54.460668Z,2026-08-29T03:57:54.778360Z,,,,
1868,811,triage,failed,qwen3:14b,ollama-adapter-v2-no-thinking,taxonomy-v1-ollama-v12-saas-evidence-gate,feed_card,2,0,2026-08-29T03:57:54.805408Z,2026-08-29T03:57:55.134353Z,,,,
1869,812,triage,failed,qwen3:14b,ollama-adapter-v2-no-thinking,taxonomy-v1-ollama-v12-saas-evidence-gate,feed_card,2,0,2026-08-29T03:57:55.166399Z,2026-08-29T03:57:55.523652Z,,,,
1870,813,triage,failed,qwen3:14b,ollama-adapter-v2-no-thinking,taxonomy-v1-ollama-v12-saas-evidence-gate,feed_card,2,0,2026-08-29T03:57:55.553952Z,2026-08-29T03:57:55.891035Z,,,,
1871,341,triage,failed,qwen3:14b,ollama-adapter-v2-no-thinking,taxonomy-v1-ollama-v12-saas-evidence-gate,feed_card,3,0,2026-08-29T04:28:25.452841Z,2026-08-29T04:28:25.786825Z,,,,
1872,774,triage,failed,qwen3:14b,ollama-adapter-v2-no-thinking,taxonomy-v1-ollama-v12-saas-evidence-gate,feed_card,3,0,2026-08-29T04:28:25.818643Z,2026-08-29T04:28:26.152120Z,,,,
1873,775,triage,failed,qwen3:14b,ollama-adapter-v2-no-thinking,taxonomy-v1-ollama-v12-saas-evidence-gate,feed_card,3,0,2026-08-29T04:28:26.179328Z,2026-08-29T04:28:26.502395Z,,,,
1874,776,triage,failed,qwen3:14b,ollama-adapter-v2-no-thinking,taxonomy-v1-ollama-v12-saas-evidence-gate,feed_card,3,0,2026-08-29T04:28:26.521548Z,2026-08-29T04:28:26.849398Z,,,,
1875,777,triage,failed,qwen3:14b,ollama-adapter-v2-no-thinking,taxonomy-v1-ollama-v12-saas-evidence-gate,feed_card,3,0,2026-08-29T04:28:26.866809Z,2026-08-29T04:28:27.193415Z,,,,
1876,778,triage,failed,qwen3:14b,ollama-adapter-v2-no-thinking,taxonomy-v1-ollama-v12-saas-evidence-gate,feed_card,3,0,2026-08-29T04:28:27.231498Z,2026-08-29T04:28:27.560972Z,,,,
1877,779,triage,failed,qwen3:14b,ollama-adapter-v2-no-thinking,taxonomy-v1-ollama-v12-saas-evidence-gate,feed_card,3,0,2026-08-29T04:28:27.579605Z,2026-08-29T04:28:27.903128Z,,,,
1878,780,triage,failed,qwen3:14b,ollama-adapter-v2-no-thinking,taxonomy-v1-ollama-v12-saas-evidence-gate,feed_card,3,0,2026-08-29T04:28:27.919740Z,2026-08-29T04:28:28.251016Z,,,,
1879,781,triage,failed,qwen3:14b,ollama-adapter-v2-no-thinking,taxonomy-v1-ollama-v12-saas-evidence-gate,feed_card,3,0,2026-08-29T04:28:28.266273Z,2026-08-29T04:28:28.578805Z,,,,
1880,782,triage,failed,qwen3:14b,ollama-adapter-v2-no-thinking,taxonomy-v1-ollama-v12-saas-evidence-gate,feed_card,3,0,2026-08-29T04:28:28.595570Z,2026-08-29T04:28:28.941243Z,,,,
1881,783,triage,failed,qwen3:14b,ollama-adapter-v2-no-thinking,taxonomy-v1-ollama-v12-saas-evidence-gate,feed_card,3,0,2026-08-29T04:28:28.970759Z,2026-08-29T04:28:29.305382Z,,,,
1882,784,triage,failed,qwen3:14b,ollama-adapter-v2-no-thinking,taxonomy-v1-ollama-v12-saas-evidence-gate,feed_card,3,0,2026-08-29T04:28:29.323784Z,2026-08-29T04:28:29.647592Z,,,,
1883,785,triage,failed,qwen3:14b,ollama-adapter-v2-no-thinking,taxonomy-v1-ollama-v12-saas-evidence-gate,feed_card,3,0,2026-08-29T04:28:29.665096Z,2026-08-29T04:28:29.999148Z,,,,
1884,786,triage,failed,qwen3:14b,ollama-adapter-v2-no-thinking,taxonomy-v1-ollama-v12-saas-evidence-gate,feed_card,3,0,2026-08-29T04:28:30.017362Z,2026-08-29T04:28:30.356317Z,,,,
1885,787,triage,failed,qwen3:14b,ollama-adapter-v2-no-thinking,taxonomy-v1-ollama-v12-saas-evidence-gate,feed_card,3,0,2026-08-29T04:28:30.372979Z,2026-08-29T04:28:30.703289Z,,,,
1886,788,triage,failed,qwen3:14b,ollama-adapter-v2-no-thinking,taxonomy-v1-ollama-v12-saas-evidence-gate,feed_card,3,0,2026-08-29T04:28:30.741211Z,2026-08-29T04:28:31.068079Z,,,,
1887,789,triage,failed,qwen3:14b,ollama-adapter-v2-no-thinking,taxonomy-v1-ollama-v12-saas-evidence-gate,feed_card,3,0,2026-08-29T04:28:31.102516Z,2026-08-29T04:28:31.435503Z,,,,
1888,790,triage,failed,qwen3:14b,ollama-adapter-v2-no-thinking,taxonomy-v1-ollama-v12-saas-evidence-gate,feed_card,3,0,2026-08-29T04:28:31.523203Z,2026-08-29T04:28:31.846541Z,,,,
1889,791,triage,failed,qwen3:14b,ollama-adapter-v2-no-thinking,taxonomy-v1-ollama-v12-saas-evidence-gate,feed_card,3,0,2026-08-29T04:28:31.915244Z,2026-08-29T04:28:32.240831Z,,,,
1890,792,triage,failed,qwen3:14b,ollama-adapter-v2-no-thinking,taxonomy-v1-ollama-v12-saas-evidence-gate,feed_card,3,0,2026-08-29T04:28:32.260872Z,2026-08-29T04:28:32.591190Z,,,,
1891,793,triage,failed,qwen3:14b,ollama-adapter-v2-no-thinking,taxonomy-v1-ollama-v12-saas-evidence-gate,feed_card,3,0,2026-08-29T04:28:32.612330Z,2026-08-29T04:28:32.938594Z,,,,
1892,794,triage,failed,qwen3:14b,ollama-adapter-v2-no-thinking,taxonomy-v1-ollama-v12-saas-evidence-gate,feed_card,3,0,2026-08-29T04:28:32.981770Z,2026-08-29T04:28:33.307797Z,,,,
1893,795,triage,failed,qwen3:14b,ollama-adapter-v2-no-thinking,taxonomy-v1-ollama-v12-saas-evidence-gate,feed_card,3,0,2026-08-29T04:28:33.330419Z,2026-08-29T04:28:33.659736Z,,,,
1894,796,triage,failed,qwen3:14b,ollama-adapter-v2-no-thinking,taxonomy-v1-ollama-v12-saas-evidence-gate,feed_card,3,0,2026-08-29T04:28:33.678717Z,2026-08-29T04:28:34.015297Z,,,,
1895,797,triage,failed,qwen3:14b,ollama-adapter-v2-no-thinking,taxonomy-v1-ollama-v12-saas-evidence-gate,feed_card,3,0,2026-08-29T04:28:34.034319Z,2026-08-29T04:28:34.385198Z,,,,
1896,798,triage,failed,qwen3:14b,ollama-adapter-v2-no-thinking,taxonomy-v1-ollama-v12-saas-evidence-gate,feed_card,3,0,2026-08-29T04:28:34.402111Z,2026-08-29T04:28:34.744576Z,,,,
1897,799,triage,failed,qwen3:14b,ollama-adapter-v2-no-thinking,taxonomy-v1-ollama-v12-saas-evidence-gate,feed_card,3,0,2026-08-29T04:28:34.760906Z,2026-08-29T04:28:35.088298Z,,,,
1898,800,triage,failed,qwen3:14b,ollama-adapter-v2-no-thinking,taxonomy-v1-ollama-v12-saas-evidence-gate,feed_card,3,0,2026-08-29T04:28:35.123439Z,2026-08-29T04:28:35.458036Z,,,,
1899,801,triage,failed,qwen3:14b,ollama-adapter-v2-no-thinking,taxonomy-v1-ollama-v12-saas-evidence-gate,feed_card,3,0,2026-08-29T04:28:35.506595Z,2026-08-29T04:28:35.848312Z,,,,
1900,802,triage,failed,qwen3:14b,ollama-adapter-v2-no-thinking,taxonomy-v1-ollama-v12-saas-evidence-gate,feed_card,3,0,2026-08-29T04:28:35.882151Z,2026-08-29T04:28:36.201340Z,,,,
1901,803,triage,failed,qwen3:14b,ollama-adapter-v2-no-thinking,taxonomy-v1-ollama-v12-saas-evidence-gate,feed_card,3,0,2026-08-29T04:28:36.256665Z,2026-08-29T04:28:36.586505Z,,,,
1902,804,triage,failed,qwen3:14b,ollama-adapter-v2-no-thinking,taxonomy-v1-ollama-v12-saas-evidence-gate,feed_card,3,0,2026-08-29T04:28:36.611958Z,2026-08-29T04:28:36.929495Z,,,,
1903,805,triage,failed,qwen3:14b,ollama-adapter-v2-no-thinking,taxonomy-v1-ollama-v12-saas-evidence-gate,feed_card,3,0,2026-08-29T04:28:36.968085Z,2026-08-29T04:28:37.294549Z,,,,
1904,806,triage,failed,qwen3:14b,ollama-adapter-v2-no-thinking,taxonomy-v1-ollama-v12-saas-evidence-gate,feed_card,3,0,2026-08-29T04:28:37.314414Z,2026-08-29T04:28:37.640658Z,,,,
1905,807,triage,failed,qwen3:14b,ollama-adapter-v2-no-thinking,taxonomy-v1-ollama-v12-saas-evidence-gate,feed_card,3,0,2026-08-29T04:28:37.687683Z,2026-08-29T04:28:38.031793Z,,,,
1906,808,triage,failed,qwen3:14b,ollama-adapter-v2-no-thinking,taxonomy-v1-ollama-v12-saas-evidence-gate,feed_card,3,0,2026-08-29T04:28:38.049061Z,2026-08-29T04:28:38.381427Z,,,,
1907,809,triage,failed,qwen3:14b,ollama-adapter-v2-no-thinking,taxonomy-v1-ollama-v12-saas-evidence-gate,feed_card,3,0,2026-08-29T04:28:38.399237Z,2026-08-29T04:28:38.733137Z,,,,
1908,810,triage,failed,qwen3:14b,ollama-adapter-v2-no-thinking,taxonomy-v1-ollama-v12-saas-evidence-gate,feed_card,3,0,2026-08-29T04:28:38.750325Z,2026-08-29T04:28:39.078249Z,,,,
1909,811,triage,failed,qwen3:14b,ollama-adapter-v2-no-thinking,taxonomy-v1-ollama-v12-saas-evidence-gate,feed_card,3,0,2026-08-29T04:28:39.097807Z,2026-08-29T04:28:39.413912Z,,,,
1910,812,triage,failed,qwen3:14b,ollama-adapter-v2-no-thinking,taxonomy-v1-ollama-v12-saas-evidence-gate,feed_card,3,0,2026-08-29T04:28:39.430752Z,2026-08-29T04:28:39.761120Z,,,,
1911,813,triage,failed,qwen3:14b,ollama-adapter-v2-no-thinking,taxonomy-v1-ollama-v12-saas-evidence-gate,feed_card,3,0,2026-08-29T04:28:39.778619Z,2026-08-29T04:28:40.114268Z,,,,
1913,814,triage,failed,qwen3:14b,ollama-adapter-v2-no-thinking,taxonomy-v1-ollama-v12-saas-evidence-gate,feed_card,1,0,2026-08-29T06:20:04.257059Z,2026-08-29T06:20:04.594774Z,,,,
1914,815,triage,failed,qwen3:14b,ollama-adapter-v2-no-thinking,taxonomy-v1-ollama-v12-saas-evidence-gate,feed_card,1,0,2026-08-29T06:20:04.613898Z,2026-08-29T06:20:04.966230Z,,,,
1915,816,triage,failed,qwen3:14b,ollama-adapter-v2-no-thinking,taxonomy-v1-ollama-v12-saas-evidence-gate,feed_card,1,0,2026-08-29T06:20:04.985394Z,2026-08-29T06:20:05.303620Z,,,,
1916,817,triage,failed,qwen3:14b,ollama-adapter-v2-no-thinking,taxonomy-v1-ollama-v12-saas-evidence-gate,feed_card,1,0,2026-08-29T06:20:05.322072Z,2026-08-29T06:20:05.673967Z,,,,
1917,818,triage,failed,qwen3:14b,ollama-adapter-v2-no-thinking,taxonomy-v1-ollama-v12-saas-evidence-gate,feed_card,1,0,2026-08-29T06:20:05.691311Z,2026-08-29T06:20:06.029289Z,,,,
1918,819,triage,failed,qwen3:14b,ollama-adapter-v2-no-thinking,taxonomy-v1-ollama-v12-saas-evidence-gate,feed_card,1,0,2026-08-29T06:20:06.049369Z,2026-08-29T06:20:06.386715Z,,,,
1919,820,triage,failed,qwen3:14b,ollama-adapter-v2-no-thinking,taxonomy-v1-ollama-v12-saas-evidence-gate,feed_card,1,0,2026-08-29T06:20:06.403285Z,2026-08-29T06:20:06.747810Z,,,,
1920,821,triage,failed,qwen3:14b,ollama-adapter-v2-no-thinking,taxonomy-v1-ollama-v12-saas-evidence-gate,feed_card,1,0,2026-08-29T06:20:06.764939Z,2026-08-29T06:20:07.096793Z,,,,
1921,822,triage,failed,qwen3:14b,ollama-adapter-v2-no-thinking,taxonomy-v1-ollama-v12-saas-evidence-gate,feed_card,1,0,2026-08-29T06:20:07.116892Z,2026-08-29T06:20:07.438466Z,,,,
1922,823,triage,failed,qwen3:14b,ollama-adapter-v2-no-thinking,taxonomy-v1-ollama-v12-saas-evidence-gate,feed_card,1,0,2026-08-29T06:20:07.457203Z,2026-08-29T06:20:07.791717Z,,,,
1923,824,triage,failed,qwen3:14b,ollama-adapter-v2-no-thinking,taxonomy-v1-ollama-v12-saas-evidence-gate,feed_card,1,0,2026-08-29T06:20:07.810093Z,2026-08-29T06:20:08.141778Z,,,,
1924,825,triage,failed,qwen3:14b,ollama-adapter-v2-no-thinking,taxonomy-v1-ollama-v12-saas-evidence-gate,feed_card,1,0,2026-08-29T06:20:08.167919Z,2026-08-29T06:20:08.514304Z,,,,
1925,826,triage,failed,qwen3:14b,ollama-adapter-v2-no-thinking,taxonomy-v1-ollama-v12-saas-evidence-gate,feed_card,1,0,2026-08-29T06:20:08.538874Z,2026-08-29T06:20:08.887893Z,,,,
1926,827,triage,failed,qwen3:14b,ollama-adapter-v2-no-thinking,taxonomy-v1-ollama-v12-saas-evidence-gate,feed_card,1,0,2026-08-29T06:20:08.914780Z,2026-08-29T06:20:09.249457Z,,,,
1927,828,triage,failed,qwen3:14b,ollama-adapter-v2-no-thinking,taxonomy-v1-ollama-v12-saas-evidence-gate,feed_card,1,0,2026-08-29T06:20:09.274519Z,2026-08-29T06:20:09.608695Z,,,,
1928,829,triage,failed,qwen3:14b,ollama-adapter-v2-no-thinking,taxonomy-v1-ollama-v12-saas-evidence-gate,feed_card,1,0,2026-08-29T06:20:09.630937Z,2026-08-29T06:20:09.967567Z,,,,
1929,830,triage,failed,qwen3:14b,ollama-adapter-v2-no-thinking,taxonomy-v1-ollama-v12-saas-evidence-gate,feed_card,1,0,2026-08-29T06:20:09.988213Z,2026-08-29T06:20:10.339074Z,,,,
1930,831,triage,failed,qwen3:14b,ollama-adapter-v2-no-thinking,taxonomy-v1-ollama-v12-saas-evidence-gate,feed_card,1,0,2026-08-29T06:20:10.396007Z,2026-08-29T06:20:10.739319Z,,,,
1931,832,triage,failed,qwen3:14b,ollama-adapter-v2-no-thinking,taxonomy-v1-ollama-v12-saas-evidence-gate,feed_card,1,0,2026-08-29T06:20:10.769472Z,2026-08-29T06:20:11.120319Z,,,,
1932,833,triage,failed,qwen3:14b,ollama-adapter-v2-no-thinking,taxonomy-v1-ollama-v12-saas-evidence-gate,feed_card,1,0,2026-08-29T06:20:11.161492Z,2026-08-29T06:20:11.492892Z,,,,
1933,834,triage,failed,qwen3:14b,ollama-adapter-v2-no-thinking,taxonomy-v1-ollama-v12-saas-evidence-gate,feed_card,1,0,2026-08-29T06:20:11.526037Z,2026-08-29T06:20:11.873584Z,,,,
1934,835,triage,failed,qwen3:14b,ollama-adapter-v2-no-thinking,taxonomy-v1-ollama-v12-saas-evidence-gate,feed_card,1,0,2026-08-29T06:20:11.905396Z,2026-08-29T06:20:12.243799Z,,,,
1935,836,triage,failed,qwen3:14b,ollama-adapter-v2-no-thinking,taxonomy-v1-ollama-v12-saas-evidence-gate,feed_card,1,0,2026-08-29T06:20:12.315709Z,2026-08-29T06:20:12.653078Z,,,,
1936,837,triage,failed,qwen3:14b,ollama-adapter-v2-no-thinking,taxonomy-v1-ollama-v12-saas-evidence-gate,feed_card,1,0,2026-08-29T06:20:12.698021Z,2026-08-29T06:20:13.046728Z,,,,
1937,838,triage,failed,qwen3:14b,ollama-adapter-v2-no-thinking,taxonomy-v1-ollama-v12-saas-evidence-gate,feed_card,1,0,2026-08-29T06:20:13.101395Z,2026-08-29T06:20:13.446931Z,,,,
1938,839,triage,failed,qwen3:14b,ollama-adapter-v2-no-thinking,taxonomy-v1-ollama-v12-saas-evidence-gate,feed_card,1,0,2026-08-29T06:20:13.501634Z,2026-08-29T06:20:13.848331Z,,,,
1939,840,triage,failed,qwen3:14b,ollama-adapter-v2-no-thinking,taxonomy-v1-ollama-v12-saas-evidence-gate,feed_card,1,0,2026-08-29T06:20:13.896753Z,2026-08-29T06:20:14.231012Z,,,,
1940,841,triage,failed,qwen3:14b,ollama-adapter-v2-no-thinking,taxonomy-v1-ollama-v12-saas-evidence-gate,feed_card,1,0,2026-08-29T06:20:14.289365Z,2026-08-29T06:20:14.630968Z,,,,
1941,842,triage,failed,qwen3:14b,ollama-adapter-v2-no-thinking,taxonomy-v1-ollama-v12-saas-evidence-gate,feed_card,1,0,2026-08-29T06:20:14.909037Z,2026-08-29T06:20:15.291756Z,,,,
1942,843,triage,failed,qwen3:14b,ollama-adapter-v2-no-thinking,taxonomy-v1-ollama-v12-saas-evidence-gate,feed_card,1,0,2026-08-29T06:20:15.398383Z,2026-08-29T06:20:15.725870Z,,,,
1943,844,triage,failed,qwen3:14b,ollama-adapter-v2-no-thinking,taxonomy-v1-ollama-v12-saas-evidence-gate,feed_card,1,0,2026-08-29T06:20:15.759805Z,2026-08-29T06:20:16.082376Z,,,,
1944,845,triage,failed,qwen3:14b,ollama-adapter-v2-no-thinking,taxonomy-v1-ollama-v12-saas-evidence-gate,feed_card,1,0,2026-08-29T06:20:16.122814Z,2026-08-29T06:20:16.444885Z,,,,
1945,846,triage,failed,qwen3:14b,ollama-adapter-v2-no-thinking,taxonomy-v1-ollama-v12-saas-evidence-gate,feed_card,1,0,2026-08-29T06:20:16.489879Z,2026-08-29T06:20:16.828390Z,,,,
1946,847,triage,failed,qwen3:14b,ollama-adapter-v2-no-thinking,taxonomy-v1-ollama-v12-saas-evidence-gate,feed_card,1,0,2026-08-29T06:20:16.853870Z,2026-08-29T06:20:17.187594Z,,,,
1947,848,triage,failed,qwen3:14b,ollama-adapter-v2-no-thinking,taxonomy-v1-ollama-v12-saas-evidence-gate,feed_card,1,0,2026-08-29T06:20:17.214470Z,2026-08-29T06:20:17.550256Z,,,,
1948,849,triage,failed,qwen3:14b,ollama-adapter-v2-no-thinking,taxonomy-v1-ollama-v12-saas-evidence-gate,feed_card,1,0,2026-08-29T06:20:17.570797Z,2026-08-29T06:20:17.917716Z,,,,
1949,850,triage,failed,qwen3:14b,ollama-adapter-v2-no-thinking,taxonomy-v1-ollama-v12-saas-evidence-gate,feed_card,1,0,2026-08-29T06:20:17.953495Z,2026-08-29T06:20:18.299979Z,,,,
1950,851,triage,failed,qwen3:14b,ollama-adapter-v2-no-thinking,taxonomy-v1-ollama-v12-saas-evidence-gate,feed_card,1,0,2026-08-29T06:20:18.333079Z,2026-08-29T06:20:18.671620Z,,,,
1951,852,triage,failed,qwen3:14b,ollama-adapter-v2-no-thinking,taxonomy-v1-ollama-v12-saas-evidence-gate,feed_card,1,0,2026-08-29T06:20:18.702864Z,2026-08-29T06:20:19.041306Z,,,,
1952,853,triage,failed,qwen3:14b,ollama-adapter-v2-no-thinking,taxonomy-v1-ollama-v12-saas-evidence-gate,feed_card,1,0,2026-08-29T06:20:19.077639Z,2026-08-29T06:20:19.411268Z,,,,
1953,854,triage,failed,qwen3:14b,ollama-adapter-v2-no-thinking,taxonomy-v1-ollama-v12-saas-evidence-gate,feed_card,1,0,2026-08-29T06:20:19.443479Z,2026-08-29T06:20:19.775893Z,,,,
1954,855,triage,failed,qwen3:14b,ollama-adapter-v2-no-thinking,taxonomy-v1-ollama-v12-saas-evidence-gate,feed_card,1,0,2026-08-29T06:20:19.806628Z,2026-08-29T06:20:20.144138Z,,,,
1955,856,triage,failed,qwen3:14b,ollama-adapter-v2-no-thinking,taxonomy-v1-ollama-v12-saas-evidence-gate,feed_card,1,0,2026-08-29T06:20:20.181519Z,2026-08-29T06:20:20.514421Z,,,,
1956,857,triage,failed,qwen3:14b,ollama-adapter-v2-no-thinking,taxonomy-v1-ollama-v12-saas-evidence-gate,feed_card,1,0,2026-08-29T06:20:20.544758Z,2026-08-29T06:20:20.877014Z,,,,
1957,858,triage,failed,qwen3:14b,ollama-adapter-v2-no-thinking,taxonomy-v1-ollama-v12-saas-evidence-gate,feed_card,1,0,2026-08-29T06:20:20.922445Z,2026-08-29T06:20:21.264606Z,,,,
1958,859,triage,failed,qwen3:14b,ollama-adapter-v2-no-thinking,taxonomy-v1-ollama-v12-saas-evidence-gate,feed_card,1,0,2026-08-29T06:20:21.291190Z,2026-08-29T06:20:21.621822Z,,,,
1959,860,triage,failed,qwen3:14b,ollama-adapter-v2-no-thinking,taxonomy-v1-ollama-v12-saas-evidence-gate,feed_card,1,0,2026-08-29T06:20:21.653280Z,2026-08-29T06:20:21.983450Z,,,,
1960,861,triage,failed,qwen3:14b,ollama-adapter-v2-no-thinking,taxonomy-v1-ollama-v12-saas-evidence-gate,feed_card,1,0,2026-08-29T06:20:22.013735Z,2026-08-29T06:20:22.344146Z,,,,
1961,862,triage,failed,qwen3:14b,ollama-adapter-v2-no-thinking,taxonomy-v1-ollama-v12-saas-evidence-gate,feed_card,1,0,2026-08-29T06:20:22.379679Z,2026-08-29T06:20:22.714285Z,,,,
1962,863,triage,failed,qwen3:14b,ollama-adapter-v2-no-thinking,taxonomy-v1-ollama-v12-saas-evidence-gate,feed_card,1,0,2026-08-29T06:20:22.747385Z,2026-08-29T06:20:23.077975Z,,,,
1963,864,triage,failed,qwen3:14b,ollama-adapter-v2-no-thinking,taxonomy-v1-ollama-v12-saas-evidence-gate,feed_card,1,0,2026-08-29T06:20:23.095110Z,2026-08-29T06:20:23.427951Z,,,,
1964,865,triage,failed,qwen3:14b,ollama-adapter-v2-no-thinking,taxonomy-v1-ollama-v12-saas-evidence-gate,feed_card,1,0,2026-08-29T06:20:23.472654Z,2026-08-29T06:20:23.808558Z,,,,
1965,866,triage,failed,qwen3:14b,ollama-adapter-v2-no-thinking,taxonomy-v1-ollama-v12-saas-evidence-gate,feed_card,1,0,2026-08-29T06:20:23.836679Z,2026-08-29T06:20:24.171908Z,,,,
1966,814,triage,failed,qwen3:14b,ollama-adapter-v2-no-thinking,taxonomy-v1-ollama-v12-saas-evidence-gate,feed_card,2,0,2026-08-29T06:31:01.548545Z,2026-08-29T06:31:01.878958Z,,,,
1967,815,triage,failed,qwen3:14b,ollama-adapter-v2-no-thinking,taxonomy-v1-ollama-v12-saas-evidence-gate,feed_card,2,0,2026-08-29T06:31:01.897033Z,2026-08-29T06:31:02.244902Z,,,,
1968,816,triage,failed,qwen3:14b,ollama-adapter-v2-no-thinking,taxonomy-v1-ollama-v12-saas-evidence-gate,feed_card,2,0,2026-08-29T06:31:02.265486Z,2026-08-29T06:31:02.602486Z,,,,
1969,817,triage,failed,qwen3:14b,ollama-adapter-v2-no-thinking,taxonomy-v1-ollama-v12-saas-evidence-gate,feed_card,2,0,2026-08-29T06:31:02.622708Z,2026-08-29T06:31:02.947433Z,,,,
1970,818,triage,failed,qwen3:14b,ollama-adapter-v2-no-thinking,taxonomy-v1-ollama-v12-saas-evidence-gate,feed_card,2,0,2026-08-29T06:31:02.967718Z,2026-08-29T06:31:03.305394Z,,,,
1971,819,triage,failed,qwen3:14b,ollama-adapter-v2-no-thinking,taxonomy-v1-ollama-v12-saas-evidence-gate,feed_card,2,0,2026-08-29T06:31:03.324302Z,2026-08-29T06:31:03.663335Z,,,,
1972,820,triage,failed,qwen3:14b,ollama-adapter-v2-no-thinking,taxonomy-v1-ollama-v12-saas-evidence-gate,feed_card,2,0,2026-08-29T06:31:03.683637Z,2026-08-29T06:31:04.009019Z,,,,
1973,821,triage,failed,qwen3:14b,ollama-adapter-v2-no-thinking,taxonomy-v1-ollama-v12-saas-evidence-gate,feed_card,2,0,2026-08-29T06:31:04.026521Z,2026-08-29T06:31:04.346503Z,,,,
1974,822,triage,failed,qwen3:14b,ollama-adapter-v2-no-thinking,taxonomy-v1-ollama-v12-saas-evidence-gate,feed_card,2,0,2026-08-29T06:31:04.364165Z,2026-08-29T06:31:04.698706Z,,,,
1975,823,triage,failed,qwen3:14b,ollama-adapter-v2-no-thinking,taxonomy-v1-ollama-v12-saas-evidence-gate,feed_card,2,0,2026-08-29T06:31:04.716904Z,2026-08-29T06:31:05.063615Z,,,,
1976,824,triage,failed,qwen3:14b,ollama-adapter-v2-no-thinking,taxonomy-v1-ollama-v12-saas-evidence-gate,feed_card,2,0,2026-08-29T06:31:05.090697Z,2026-08-29T06:31:05.420980Z,,,,
1977,825,triage,failed,qwen3:14b,ollama-adapter-v2-no-thinking,taxonomy-v1-ollama-v12-saas-evidence-gate,feed_card,2,0,2026-08-29T06:31:05.439368Z,2026-08-29T06:31:05.772567Z,,,,
1978,826,triage,failed,qwen3:14b,ollama-adapter-v2-no-thinking,taxonomy-v1-ollama-v12-saas-evidence-gate,feed_card,2,0,2026-08-29T06:31:05.792185Z,2026-08-29T06:31:06.122504Z,,,,
1979,827,triage,failed,qwen3:14b,ollama-adapter-v2-no-thinking,taxonomy-v1-ollama-v12-saas-evidence-gate,feed_card,2,0,2026-08-29T06:31:06.138766Z,2026-08-29T06:31:06.460200Z,,,,
1980,828,triage,failed,qwen3:14b,ollama-adapter-v2-no-thinking,taxonomy-v1-ollama-v12-saas-evidence-gate,feed_card,2,0,2026-08-29T06:31:06.481503Z,2026-08-29T06:31:06.814166Z,,,,
1981,829,triage,failed,qwen3:14b,ollama-adapter-v2-no-thinking,taxonomy-v1-ollama-v12-saas-evidence-gate,feed_card,2,0,2026-08-29T06:31:06.831979Z,2026-08-29T06:31:07.161600Z,,,,
1982,830,triage,failed,qwen3:14b,ollama-adapter-v2-no-thinking,taxonomy-v1-ollama-v12-saas-evidence-gate,feed_card,2,0,2026-08-29T06:31:07.181281Z,2026-08-29T06:31:07.494438Z,,,,
1983,831,triage,failed,qwen3:14b,ollama-adapter-v2-no-thinking,taxonomy-v1-ollama-v12-saas-evidence-gate,feed_card,2,0,2026-08-29T06:31:07.511208Z,2026-08-29T06:31:07.836064Z,,,,
1984,832,triage,failed,qwen3:14b,ollama-adapter-v2-no-thinking,taxonomy-v1-ollama-v12-saas-evidence-gate,feed_card,2,0,2026-08-29T06:31:07.854868Z,2026-08-29T06:31:08.188540Z,,,,
1985,833,triage,failed,qwen3:14b,ollama-adapter-v2-no-thinking,taxonomy-v1-ollama-v12-saas-evidence-gate,feed_card,2,0,2026-08-29T06:31:08.206287Z,2026-08-29T06:31:08.525822Z,,,,
1986,834,triage,failed,qwen3:14b,ollama-adapter-v2-no-thinking,taxonomy-v1-ollama-v12-saas-evidence-gate,feed_card,2,0,2026-08-29T06:31:08.551026Z,2026-08-29T06:31:08.883924Z,,,,
1987,835,triage,failed,qwen3:14b,ollama-adapter-v2-no-thinking,taxonomy-v1-ollama-v12-saas-evidence-gate,feed_card,2,0,2026-08-29T06:31:08.917622Z,2026-08-29T06:31:09.268811Z,,,,
1988,836,triage,failed,qwen3:14b,ollama-adapter-v2-no-thinking,taxonomy-v1-ollama-v12-saas-evidence-gate,feed_card,2,0,2026-08-29T06:31:09.286843Z,2026-08-29T06:31:09.619494Z,,,,
1989,837,triage,failed,qwen3:14b,ollama-adapter-v2-no-thinking,taxonomy-v1-ollama-v12-saas-evidence-gate,feed_card,2,0,2026-08-29T06:31:09.638876Z,2026-08-29T06:31:09.969979Z,,,,
1990,838,triage,failed,qwen3:14b,ollama-adapter-v2-no-thinking,taxonomy-v1-ollama-v12-saas-evidence-gate,feed_card,2,0,2026-08-29T06:31:09.992695Z,2026-08-29T06:31:10.329175Z,,,,
1991,839,triage,failed,qwen3:14b,ollama-adapter-v2-no-thinking,taxonomy-v1-ollama-v12-saas-evidence-gate,feed_card,2,0,2026-08-29T06:31:10.356563Z,2026-08-29T06:31:10.687482Z,,,,
1992,840,triage,failed,qwen3:14b,ollama-adapter-v2-no-thinking,taxonomy-v1-ollama-v12-saas-evidence-gate,feed_card,2,0,2026-08-29T06:31:10.753326Z,2026-08-29T06:31:11.080716Z,,,,
1993,841,triage,failed,qwen3:14b,ollama-adapter-v2-no-thinking,taxonomy-v1-ollama-v12-saas-evidence-gate,feed_card,2,0,2026-08-29T06:31:11.127191Z,2026-08-29T06:31:11.461863Z,,,,
1994,842,triage,failed,qwen3:14b,ollama-adapter-v2-no-thinking,taxonomy-v1-ollama-v12-saas-evidence-gate,feed_card,2,0,2026-08-29T06:31:11.507638Z,2026-08-29T06:31:11.850688Z,,,,
1995,843,triage,failed,qwen3:14b,ollama-adapter-v2-no-thinking,taxonomy-v1-ollama-v12-saas-evidence-gate,feed_card,2,0,2026-08-29T06:31:11.904798Z,2026-08-29T06:31:12.247834Z,,,,
1996,844,triage,failed,qwen3:14b,ollama-adapter-v2-no-thinking,taxonomy-v1-ollama-v12-saas-evidence-gate,feed_card,2,0,2026-08-29T06:31:12.329338Z,2026-08-29T06:31:12.668650Z,,,,
1997,845,triage,failed,qwen3:14b,ollama-adapter-v2-no-thinking,taxonomy-v1-ollama-v12-saas-evidence-gate,feed_card,2,0,2026-08-29T06:31:12.709013Z,2026-08-29T06:31:13.035914Z,,,,
1998,846,triage,failed,qwen3:14b,ollama-adapter-v2-no-thinking,taxonomy-v1-ollama-v12-saas-evidence-gate,feed_card,2,0,2026-08-29T06:31:13.088980Z,2026-08-29T06:31:13.424683Z,,,,
1999,847,triage,failed,qwen3:14b,ollama-adapter-v2-no-thinking,taxonomy-v1-ollama-v12-saas-evidence-gate,feed_card,2,0,2026-08-29T06:31:13.469950Z,2026-08-29T06:31:13.826917Z,,,,
2000,848,triage,failed,qwen3:14b,ollama-adapter-v2-no-thinking,taxonomy-v1-ollama-v12-saas-evidence-gate,feed_card,2,0,2026-08-29T06:31:13.868824Z,2026-08-29T06:31:14.202310Z,,,,
2001,849,triage,failed,qwen3:14b,ollama-adapter-v2-no-thinking,taxonomy-v1-ollama-v12-saas-evidence-gate,feed_card,2,0,2026-08-29T06:31:14.239418Z,2026-08-29T06:31:14.571176Z,,,,
2002,850,triage,failed,qwen3:14b,ollama-adapter-v2-no-thinking,taxonomy-v1-ollama-v12-saas-evidence-gate,feed_card,2,0,2026-08-29T06:31:14.659041Z,2026-08-29T06:31:14.980697Z,,,,
2003,851,triage,failed,qwen3:14b,ollama-adapter-v2-no-thinking,taxonomy-v1-ollama-v12-saas-evidence-gate,feed_card,2,0,2026-08-29T06:31:15.020817Z,2026-08-29T06:31:15.351656Z,,,,
2004,852,triage,failed,qwen3:14b,ollama-adapter-v2-no-thinking,taxonomy-v1-ollama-v12-saas-evidence-gate,feed_card,2,0,2026-08-29T06:31:15.395778Z,2026-08-29T06:31:15.731165Z,,,,
2005,853,triage,failed,qwen3:14b,ollama-adapter-v2-no-thinking,taxonomy-v1-ollama-v12-saas-evidence-gate,feed_card,2,0,2026-08-29T06:31:15.782132Z,2026-08-29T06:31:16.124562Z,,,,
2006,854,triage,failed,qwen3:14b,ollama-adapter-v2-no-thinking,taxonomy-v1-ollama-v12-saas-evidence-gate,feed_card,2,0,2026-08-29T06:31:16.167210Z,2026-08-29T06:31:16.493575Z,,,,
2007,855,triage,failed,qwen3:14b,ollama-adapter-v2-no-thinking,taxonomy-v1-ollama-v12-saas-evidence-gate,feed_card,2,0,2026-08-29T06:31:16.543473Z,2026-08-29T06:31:16.904009Z,,,,
2008,856,triage,failed,qwen3:14b,ollama-adapter-v2-no-thinking,taxonomy-v1-ollama-v12-saas-evidence-gate,feed_card,2,0,2026-08-29T06:31:16.970233Z,2026-08-29T06:31:17.305785Z,,,,
2009,857,triage,failed,qwen3:14b,ollama-adapter-v2-no-thinking,taxonomy-v1-ollama-v12-saas-evidence-gate,feed_card,2,0,2026-08-29T06:31:17.342915Z,2026-08-29T06:31:17.676553Z,,,,
2010,858,triage,failed,qwen3:14b,ollama-adapter-v2-no-thinking,taxonomy-v1-ollama-v12-saas-evidence-gate,feed_card,2,0,2026-08-29T06:31:17.714861Z,2026-08-29T06:31:18.041466Z,,,,
2011,859,triage,failed,qwen3:14b,ollama-adapter-v2-no-thinking,taxonomy-v1-ollama-v12-saas-evidence-gate,feed_card,2,0,2026-08-29T06:31:18.076088Z,2026-08-29T06:31:18.420216Z,,,,
2012,860,triage,failed,qwen3:14b,ollama-adapter-v2-no-thinking,taxonomy-v1-ollama-v12-saas-evidence-gate,feed_card,2,0,2026-08-29T06:31:18.441442Z,2026-08-29T06:31:18.763665Z,,,,
2013,861,triage,failed,qwen3:14b,ollama-adapter-v2-no-thinking,taxonomy-v1-ollama-v12-saas-evidence-gate,feed_card,2,0,2026-08-29T06:31:18.794682Z,2026-08-29T06:31:19.120554Z,,,,
2014,862,triage,failed,qwen3:14b,ollama-adapter-v2-no-thinking,taxonomy-v1-ollama-v12-saas-evidence-gate,feed_card,2,0,2026-08-29T06:31:19.161911Z,2026-08-29T06:31:19.485967Z,,,,
2015,863,triage,failed,qwen3:14b,ollama-adapter-v2-no-thinking,taxonomy-v1-ollama-v12-saas-evidence-gate,feed_card,2,0,2026-08-29T06:31:19.534978Z,2026-08-29T06:31:19.872774Z,,,,
2016,864,triage,failed,qwen3:14b,ollama-adapter-v2-no-thinking,taxonomy-v1-ollama-v12-saas-evidence-gate,feed_card,2,0,2026-08-29T06:31:19.890443Z,2026-08-29T06:31:20.213191Z,,,,
2017,865,triage,failed,qwen3:14b,ollama-adapter-v2-no-thinking,taxonomy-v1-ollama-v12-saas-evidence-gate,feed_card,2,0,2026-08-29T06:31:20.248050Z,2026-08-29T06:31:20.598028Z,,,,
2018,866,triage,failed,qwen3:14b,ollama-adapter-v2-no-thinking,taxonomy-v1-ollama-v12-saas-evidence-gate,feed_card,2,0,2026-08-29T06:31:20.631496Z,2026-08-29T06:31:20.957900Z,,,,
2019,867,triage,failed,qwen3:14b,ollama-adapter-v2-no-thinking,taxonomy-v1-ollama-v12-saas-evidence-gate,feed_card,1,0,2026-08-29T06:31:20.987344Z,2026-08-29T06:31:21.325274Z,,,,
2020,868,triage,failed,qwen3:14b,ollama-adapter-v2-no-thinking,taxonomy-v1-ollama-v12-saas-evidence-gate,feed_card,1,0,2026-08-29T06:31:21.365645Z,2026-08-29T06:31:21.706574Z,,,,
2021,869,triage,failed,qwen3:14b,ollama-adapter-v2-no-thinking,taxonomy-v1-ollama-v12-saas-evidence-gate,feed_card,1,0,2026-08-29T06:31:21.846764Z,2026-08-29T06:31:22.163214Z,,,,
2022,870,triage,failed,qwen3:14b,ollama-adapter-v2-no-thinking,taxonomy-v1-ollama-v12-saas-evidence-gate,feed_card,1,0,2026-08-29T06:31:22.179717Z,2026-08-29T06:31:22.510862Z,,,,
2023,871,triage,failed,qwen3:14b,ollama-adapter-v2-no-thinking,taxonomy-v1-ollama-v12-saas-evidence-gate,feed_card,1,0,2026-08-29T06:31:22.564933Z,2026-08-29T06:31:22.911462Z,,,,
2024,872,triage,failed,qwen3:14b,ollama-adapter-v2-no-thinking,taxonomy-v1-ollama-v12-saas-evidence-gate,feed_card,1,0,2026-08-29T06:31:22.939865Z,2026-08-29T06:31:23.268107Z,,,,
2025,873,triage,failed,qwen3:14b,ollama-adapter-v2-no-thinking,taxonomy-v1-ollama-v12-saas-evidence-gate,feed_card,1,0,2026-08-29T06:31:23.286263Z,2026-08-29T06:31:23.602763Z,,,,
2026,874,triage,failed,qwen3:14b,ollama-adapter-v2-no-thinking,taxonomy-v1-ollama-v12-saas-evidence-gate,feed_card,1,0,2026-08-29T06:31:23.630467Z,2026-08-29T06:31:23.954952Z,,,,
2027,875,triage,failed,qwen3:14b,ollama-adapter-v2-no-thinking,taxonomy-v1-ollama-v12-saas-evidence-gate,feed_card,1,0,2026-08-29T06:31:23.990511Z,2026-08-29T06:31:24.316146Z,,,,
2028,876,triage,failed,qwen3:14b,ollama-adapter-v2-no-thinking,taxonomy-v1-ollama-v12-saas-evidence-gate,feed_card,1,0,2026-08-29T06:31:24.332147Z,2026-08-29T06:31:24.678452Z,,,,
2029,877,triage,failed,qwen3:14b,ollama-adapter-v2-no-thinking,taxonomy-v1-ollama-v12-saas-evidence-gate,feed_card,1,0,2026-08-29T06:31:24.708182Z,2026-08-29T06:31:25.042981Z,,,,
2030,878,triage,failed,qwen3:14b,ollama-adapter-v2-no-thinking,taxonomy-v1-ollama-v12-saas-evidence-gate,feed_card,1,0,2026-08-29T06:31:25.071833Z,2026-08-29T06:31:25.398293Z,,,,
2031,879,triage,failed,qwen3:14b,ollama-adapter-v2-no-thinking,taxonomy-v1-ollama-v12-saas-evidence-gate,feed_card,1,0,2026-08-29T06:31:25.417845Z,2026-08-29T06:31:25.735957Z,,,,
2032,880,triage,failed,qwen3:14b,ollama-adapter-v2-no-thinking,taxonomy-v1-ollama-v12-saas-evidence-gate,feed_card,1,0,2026-08-29T06:31:25.767870Z,2026-08-29T06:31:26.093567Z,,,,
2033,881,triage,failed,qwen3:14b,ollama-adapter-v2-no-thinking,taxonomy-v1-ollama-v12-saas-evidence-gate,feed_card,1,0,2026-08-29T06:31:26.139158Z,2026-08-29T06:31:26.470334Z,,,,
2034,882,triage,failed,qwen3:14b,ollama-adapter-v2-no-thinking,taxonomy-v1-ollama-v12-saas-evidence-gate,feed_card,1,0,2026-08-29T06:31:26.491448Z,2026-08-29T06:31:26.807636Z,,,,
2035,883,triage,failed,qwen3:14b,ollama-adapter-v2-no-thinking,taxonomy-v1-ollama-v12-saas-evidence-gate,feed_card,1,0,2026-08-29T06:31:26.894277Z,2026-08-29T06:31:27.243708Z,,,,
2036,884,triage,failed,qwen3:14b,ollama-adapter-v2-no-thinking,taxonomy-v1-ollama-v12-saas-evidence-gate,feed_card,1,0,2026-08-29T06:31:27.336151Z,2026-08-29T06:31:27.684636Z,,,,
2037,885,triage,failed,qwen3:14b,ollama-adapter-v2-no-thinking,taxonomy-v1-ollama-v12-saas-evidence-gate,feed_card,1,0,2026-08-29T06:31:27.795049Z,2026-08-29T06:31:28.150865Z,,,,
2038,886,triage,failed,qwen3:14b,ollama-adapter-v2-no-thinking,taxonomy-v1-ollama-v12-saas-evidence-gate,feed_card,1,0,2026-08-29T06:31:28.209990Z,2026-08-29T06:31:28.538884Z,,,,
2039,887,triage,failed,qwen3:14b,ollama-adapter-v2-no-thinking,taxonomy-v1-ollama-v12-saas-evidence-gate,feed_card,1,0,2026-08-29T06:31:28.569736Z,2026-08-29T06:31:28.911809Z,,,,
2040,888,triage,failed,qwen3:14b,ollama-adapter-v2-no-thinking,taxonomy-v1-ollama-v12-saas-evidence-gate,feed_card,1,0,2026-08-29T06:31:28.928964Z,2026-08-29T06:31:29.247641Z,,,,
2041,889,triage,failed,qwen3:14b,ollama-adapter-v2-no-thinking,taxonomy-v1-ollama-v12-saas-evidence-gate,feed_card,1,0,2026-08-29T06:31:29.268544Z,2026-08-29T06:31:29.591493Z,,,,
2042,890,triage,failed,qwen3:14b,ollama-adapter-v2-no-thinking,taxonomy-v1-ollama-v12-saas-evidence-gate,feed_card,1,0,2026-08-29T06:31:29.609211Z,2026-08-29T06:31:29.943370Z,,,,
2043,891,triage,failed,qwen3:14b,ollama-adapter-v2-no-thinking,taxonomy-v1-ollama-v12-saas-evidence-gate,feed_card,1,0,2026-08-29T06:31:29.960652Z,2026-08-29T06:31:30.289746Z,,,,
2044,892,triage,failed,qwen3:14b,ollama-adapter-v2-no-thinking,taxonomy-v1-ollama-v12-saas-evidence-gate,feed_card,1,0,2026-08-29T06:31:30.320678Z,2026-08-29T06:31:30.652875Z,,,,
2045,893,triage,failed,qwen3:14b,ollama-adapter-v2-no-thinking,taxonomy-v1-ollama-v12-saas-evidence-gate,feed_card,1,0,2026-08-29T06:31:30.682723Z,2026-08-29T06:31:31.004245Z,,,,
2046,894,triage,failed,qwen3:14b,ollama-adapter-v2-no-thinking,taxonomy-v1-ollama-v12-saas-evidence-gate,feed_card,1,0,2026-08-29T06:31:31.023292Z,2026-08-29T06:31:31.352812Z,,,,
2047,895,triage,failed,qwen3:14b,ollama-adapter-v2-no-thinking,taxonomy-v1-ollama-v12-saas-evidence-gate,feed_card,1,0,2026-08-29T06:31:31.369128Z,2026-08-29T06:31:31.687520Z,,,,
2048,896,triage,failed,qwen3:14b,ollama-adapter-v2-no-thinking,taxonomy-v1-ollama-v12-saas-evidence-gate,feed_card,1,0,2026-08-29T06:31:31.715432Z,2026-08-29T06:31:32.045527Z,,,,
2049,897,triage,failed,qwen3:14b,ollama-adapter-v2-no-thinking,taxonomy-v1-ollama-v12-saas-evidence-gate,feed_card,1,0,2026-08-29T06:31:32.108081Z,2026-08-29T06:31:32.430852Z,,,,
2050,898,triage,failed,qwen3:14b,ollama-adapter-v2-no-thinking,taxonomy-v1-ollama-v12-saas-evidence-gate,feed_card,1,0,2026-08-29T06:31:32.489604Z,2026-08-29T06:31:32.817803Z,,,,
2051,899,triage,failed,qwen3:14b,ollama-adapter-v2-no-thinking,taxonomy-v1-ollama-v12-saas-evidence-gate,feed_card,1,0,2026-08-29T06:31:32.874281Z,2026-08-29T06:31:33.204067Z,,,,
2052,900,triage,failed,qwen3:14b,ollama-adapter-v2-no-thinking,taxonomy-v1-ollama-v12-saas-evidence-gate,feed_card,1,0,2026-08-29T06:31:33.241724Z,2026-08-29T06:31:33.574165Z,,,,
2053,901,triage,failed,qwen3:14b,ollama-adapter-v2-no-thinking,taxonomy-v1-ollama-v12-saas-evidence-gate,feed_card,1,0,2026-08-29T06:31:33.604736Z,2026-08-29T06:31:33.967633Z,,,,
2054,902,triage,failed,qwen3:14b,ollama-adapter-v2-no-thinking,taxonomy-v1-ollama-v12-saas-evidence-gate,feed_card,1,0,2026-08-29T06:31:34.018539Z,2026-08-29T06:31:34.349892Z,,,,
2055,903,triage,failed,qwen3:14b,ollama-adapter-v2-no-thinking,taxonomy-v1-ollama-v12-saas-evidence-gate,feed_card,1,0,2026-08-29T06:31:34.403685Z,2026-08-29T06:31:34.729841Z,,,,
2056,904,triage,failed,qwen3:14b,ollama-adapter-v2-no-thinking,taxonomy-v1-ollama-v12-saas-evidence-gate,feed_card,1,0,2026-08-29T06:31:34.774062Z,2026-08-29T06:31:35.099690Z,,,,
2057,905,triage,failed,qwen3:14b,ollama-adapter-v2-no-thinking,taxonomy-v1-ollama-v12-saas-evidence-gate,feed_card,1,0,2026-08-29T06:31:35.191288Z,2026-08-29T06:31:35.519542Z,,,,
2058,906,triage,failed,qwen3:14b,ollama-adapter-v2-no-thinking,taxonomy-v1-ollama-v12-saas-evidence-gate,feed_card,1,0,2026-08-29T06:31:35.543523Z,2026-08-29T06:31:35.879507Z,,,,
2059,907,triage,failed,qwen3:14b,ollama-adapter-v2-no-thinking,taxonomy-v1-ollama-v12-saas-evidence-gate,feed_card,1,0,2026-08-29T06:31:35.910393Z,2026-08-29T06:31:36.248332Z,,,,
2060,908,triage,failed,qwen3:14b,ollama-adapter-v2-no-thinking,taxonomy-v1-ollama-v12-saas-evidence-gate,feed_card,1,0,2026-08-29T06:31:36.288702Z,2026-08-29T06:31:36.618937Z,,,,
2061,909,triage,failed,qwen3:14b,ollama-adapter-v2-no-thinking,taxonomy-v1-ollama-v12-saas-evidence-gate,feed_card,1,0,2026-08-29T06:31:36.662954Z,2026-08-29T06:31:36.985736Z,,,,
2062,910,triage,failed,qwen3:14b,ollama-adapter-v2-no-thinking,taxonomy-v1-ollama-v12-saas-evidence-gate,feed_card,1,0,2026-08-29T06:31:37.019083Z,2026-08-29T06:31:37.354283Z,,,,
2063,911,triage,failed,qwen3:14b,ollama-adapter-v2-no-thinking,taxonomy-v1-ollama-v12-saas-evidence-gate,feed_card,1,0,2026-08-29T06:31:37.441263Z,2026-08-29T06:31:37.771356Z,,,,
2064,912,triage,failed,qwen3:14b,ollama-adapter-v2-no-thinking,taxonomy-v1-ollama-v12-saas-evidence-gate,feed_card,1,0,2026-08-29T06:31:37.830867Z,2026-08-29T06:31:38.162801Z,,,,
2065,913,triage,failed,qwen3:14b,ollama-adapter-v2-no-thinking,taxonomy-v1-ollama-v12-saas-evidence-gate,feed_card,1,0,2026-08-29T06:31:38.197605Z,2026-08-29T06:31:38.529180Z,,,,
2066,914,verification,failed,qwen3:8b,ollama-adapter-v2-no-thinking,taxonomy-v1-ollama-v12-saas-evidence-gate,feed_card,1,0,2026-08-29T06:31:38.591716Z,2026-08-29T06:31:38.952764Z,,,,
2067,814,triage,failed,qwen3:14b,ollama-adapter-v2-no-thinking,taxonomy-v1-ollama-v12-saas-evidence-gate,feed_card,3,0,2026-08-29T06:43:24.279107Z,2026-08-29T06:43:24.613608Z,,,,
2068,815,triage,failed,qwen3:14b,ollama-adapter-v2-no-thinking,taxonomy-v1-ollama-v12-saas-evidence-gate,feed_card,3,0,2026-08-29T06:43:24.634805Z,2026-08-29T06:43:24.969552Z,,,,
2069,816,triage,failed,qwen3:14b,ollama-adapter-v2-no-thinking,taxonomy-v1-ollama-v12-saas-evidence-gate,feed_card,3,0,2026-08-29T06:43:24.995377Z,2026-08-29T06:43:25.316410Z,,,,
2070,817,triage,failed,qwen3:14b,ollama-adapter-v2-no-thinking,taxonomy-v1-ollama-v12-saas-evidence-gate,feed_card,3,0,2026-08-29T06:43:25.342618Z,2026-08-29T06:43:25.685883Z,,,,
2071,818,triage,failed,qwen3:14b,ollama-adapter-v2-no-thinking,taxonomy-v1-ollama-v12-saas-evidence-gate,feed_card,3,0,2026-08-29T06:43:25.724276Z,2026-08-29T06:43:26.048700Z,,,,
2072,819,triage,failed,qwen3:14b,ollama-adapter-v2-no-thinking,taxonomy-v1-ollama-v12-saas-evidence-gate,feed_card,3,0,2026-08-29T06:43:26.066941Z,2026-08-29T06:43:26.394796Z,,,,
2073,820,triage,failed,qwen3:14b,ollama-adapter-v2-no-thinking,taxonomy-v1-ollama-v12-saas-evidence-gate,feed_card,3,0,2026-08-29T06:43:26.412313Z,2026-08-29T06:43:26.737092Z,,,,
2074,821,triage,failed,qwen3:14b,ollama-adapter-v2-no-thinking,taxonomy-v1-ollama-v12-saas-evidence-gate,feed_card,3,0,2026-08-29T06:43:26.755798Z,2026-08-29T06:43:27.074771Z,,,,
2075,822,triage,failed,qwen3:14b,ollama-adapter-v2-no-thinking,taxonomy-v1-ollama-v12-saas-evidence-gate,feed_card,3,0,2026-08-29T06:43:27.092206Z,2026-08-29T06:43:27.421107Z,,,,
2076,823,triage,failed,qwen3:14b,ollama-adapter-v2-no-thinking,taxonomy-v1-ollama-v12-saas-evidence-gate,feed_card,3,0,2026-08-29T06:43:27.437241Z,2026-08-29T06:43:27.772013Z,,,,
2077,824,triage,failed,qwen3:14b,ollama-adapter-v2-no-thinking,taxonomy-v1-ollama-v12-saas-evidence-gate,feed_card,3,0,2026-08-29T06:43:27.792360Z,2026-08-29T06:43:28.120555Z,,,,
2078,825,triage,failed,qwen3:14b,ollama-adapter-v2-no-thinking,taxonomy-v1-ollama-v12-saas-evidence-gate,feed_card,3,0,2026-08-29T06:43:28.137488Z,2026-08-29T06:43:28.467981Z,,,,
2079,826,triage,failed,qwen3:14b,ollama-adapter-v2-no-thinking,taxonomy-v1-ollama-v12-saas-evidence-gate,feed_card,3,0,2026-08-29T06:43:28.486641Z,2026-08-29T06:43:28.813731Z,,,,
2080,827,triage,failed,qwen3:14b,ollama-adapter-v2-no-thinking,taxonomy-v1-ollama-v12-saas-evidence-gate,feed_card,3,0,2026-08-29T06:43:28.830183Z,2026-08-29T06:43:29.152719Z,,,,
2081,828,triage,failed,qwen3:14b,ollama-adapter-v2-no-thinking,taxonomy-v1-ollama-v12-saas-evidence-gate,feed_card,3,0,2026-08-29T06:43:29.169144Z,2026-08-29T06:43:29.493643Z,,,,
2082,829,triage,failed,qwen3:14b,ollama-adapter-v2-no-thinking,taxonomy-v1-ollama-v12-saas-evidence-gate,feed_card,3,0,2026-08-29T06:43:29.523707Z,2026-08-29T06:43:29.854653Z,,,,
2083,830,triage,failed,qwen3:14b,ollama-adapter-v2-no-thinking,taxonomy-v1-ollama-v12-saas-evidence-gate,feed_card,3,0,2026-08-29T06:43:29.872310Z,2026-08-29T06:43:30.182312Z,,,,
2084,831,triage,failed,qwen3:14b,ollama-adapter-v2-no-thinking,taxonomy-v1-ollama-v12-saas-evidence-gate,feed_card,3,0,2026-08-29T06:43:30.197975Z,2026-08-29T06:43:30.528901Z,,,,
2085,832,triage,failed,qwen3:14b,ollama-adapter-v2-no-thinking,taxonomy-v1-ollama-v12-saas-evidence-gate,feed_card,3,0,2026-08-29T06:43:30.547349Z,2026-08-29T06:43:30.877543Z,,,,
2086,833,triage,failed,qwen3:14b,ollama-adapter-v2-no-thinking,taxonomy-v1-ollama-v12-saas-evidence-gate,feed_card,3,0,2026-08-29T06:43:30.893886Z,2026-08-29T06:43:31.212240Z,,,,
2087,834,triage,failed,qwen3:14b,ollama-adapter-v2-no-thinking,taxonomy-v1-ollama-v12-saas-evidence-gate,feed_card,3,0,2026-08-29T06:43:31.237905Z,2026-08-29T06:43:31.565179Z,,,,
2088,835,triage,failed,qwen3:14b,ollama-adapter-v2-no-thinking,taxonomy-v1-ollama-v12-saas-evidence-gate,feed_card,3,0,2026-08-29T06:43:31.584027Z,2026-08-29T06:43:31.910914Z,,,,
2089,836,triage,failed,qwen3:14b,ollama-adapter-v2-no-thinking,taxonomy-v1-ollama-v12-saas-evidence-gate,feed_card,3,0,2026-08-29T06:43:31.929813Z,2026-08-29T06:43:32.248351Z,,,,
2090,837,triage,failed,qwen3:14b,ollama-adapter-v2-no-thinking,taxonomy-v1-ollama-v12-saas-evidence-gate,feed_card,3,0,2026-08-29T06:43:32.265798Z,2026-08-29T06:43:32.601895Z,,,,
2091,838,triage,failed,qwen3:14b,ollama-adapter-v2-no-thinking,taxonomy-v1-ollama-v12-saas-evidence-gate,feed_card,3,0,2026-08-29T06:43:32.619997Z,2026-08-29T06:43:32.946626Z,,,,
2092,839,triage,failed,qwen3:14b,ollama-adapter-v2-no-thinking,taxonomy-v1-ollama-v12-saas-evidence-gate,feed_card,3,0,2026-08-29T06:43:32.964252Z,2026-08-29T06:43:33.269657Z,,,,
2093,840,triage,failed,qwen3:14b,ollama-adapter-v2-no-thinking,taxonomy-v1-ollama-v12-saas-evidence-gate,feed_card,3,0,2026-08-29T06:43:33.338530Z,2026-08-29T06:43:33.667225Z,,,,
2094,841,triage,failed,qwen3:14b,ollama-adapter-v2-no-thinking,taxonomy-v1-ollama-v12-saas-evidence-gate,feed_card,3,0,2026-08-29T06:43:33.689634Z,2026-08-29T06:43:34.021353Z,,,,
2095,842,triage,failed,qwen3:14b,ollama-adapter-v2-no-thinking,taxonomy-v1-ollama-v12-saas-evidence-gate,feed_card,3,0,2026-08-29T06:43:34.040205Z,2026-08-29T06:43:34.367916Z,,,,
2096,843,triage,failed,qwen3:14b,ollama-adapter-v2-no-thinking,taxonomy-v1-ollama-v12-saas-evidence-gate,feed_card,3,0,2026-08-29T06:43:34.402973Z,2026-08-29T06:43:34.724429Z,,,,
2097,844,triage,failed,qwen3:14b,ollama-adapter-v2-no-thinking,taxonomy-v1-ollama-v12-saas-evidence-gate,feed_card,3,0,2026-08-29T06:43:34.744718Z,2026-08-29T06:43:35.077057Z,,,,
2098,845,triage,failed,qwen3:14b,ollama-adapter-v2-no-thinking,taxonomy-v1-ollama-v12-saas-evidence-gate,feed_card,3,0,2026-08-29T06:43:35.095543Z,2026-08-29T06:43:35.428277Z,,,,
2099,846,triage,failed,qwen3:14b,ollama-adapter-v2-no-thinking,taxonomy-v1-ollama-v12-saas-evidence-gate,feed_card,3,0,2026-08-29T06:43:35.460759Z,2026-08-29T06:43:35.798372Z,,,,
2100,847,triage,failed,qwen3:14b,ollama-adapter-v2-no-thinking,taxonomy-v1-ollama-v12-saas-evidence-gate,feed_card,3,0,2026-08-29T06:43:35.816661Z,2026-08-29T06:43:36.163323Z,,,,
2101,848,triage,failed,qwen3:14b,ollama-adapter-v2-no-thinking,taxonomy-v1-ollama-v12-saas-evidence-gate,feed_card,3,0,2026-08-29T06:43:36.181018Z,2026-08-29T06:43:36.505990Z,,,,
2102,849,triage,failed,qwen3:14b,ollama-adapter-v2-no-thinking,taxonomy-v1-ollama-v12-saas-evidence-gate,feed_card,3,0,2026-08-29T06:43:36.537279Z,2026-08-29T06:43:36.859374Z,,,,
2103,850,triage,failed,qwen3:14b,ollama-adapter-v2-no-thinking,taxonomy-v1-ollama-v12-saas-evidence-gate,feed_card,3,0,2026-08-29T06:43:36.900146Z,2026-08-29T06:43:37.235945Z,,,,
2104,851,triage,failed,qwen3:14b,ollama-adapter-v2-no-thinking,taxonomy-v1-ollama-v12-saas-evidence-gate,feed_card,3,0,2026-08-29T06:43:37.252902Z,2026-08-29T06:43:37.580864Z,,,,
2105,852,triage,failed,qwen3:14b,ollama-adapter-v2-no-thinking,taxonomy-v1-ollama-v12-saas-evidence-gate,feed_card,3,0,2026-08-29T06:43:37.613820Z,2026-08-29T06:43:37.942552Z,,,,
2106,853,triage,failed,qwen3:14b,ollama-adapter-v2-no-thinking,taxonomy-v1-ollama-v12-saas-evidence-gate,feed_card,3,0,2026-08-29T06:43:37.989957Z,2026-08-29T06:43:38.311731Z,,,,
2107,854,triage,failed,qwen3:14b,ollama-adapter-v2-no-thinking,taxonomy-v1-ollama-v12-saas-evidence-gate,feed_card,3,0,2026-08-29T06:43:38.359190Z,2026-08-29T06:43:38.701886Z,,,,
2108,855,triage,failed,qwen3:14b,ollama-adapter-v2-no-thinking,taxonomy-v1-ollama-v12-saas-evidence-gate,feed_card,3,0,2026-08-29T06:43:38.736712Z,2026-08-29T06:43:39.063693Z,,,,
2109,856,triage,failed,qwen3:14b,ollama-adapter-v2-no-thinking,taxonomy-v1-ollama-v12-saas-evidence-gate,feed_card,3,0,2026-08-29T06:43:39.098189Z,2026-08-29T06:43:39.427258Z,,,,
2110,857,triage,failed,qwen3:14b,ollama-adapter-v2-no-thinking,taxonomy-v1-ollama-v12-saas-evidence-gate,feed_card,3,0,2026-08-29T06:43:39.457467Z,2026-08-29T06:43:39.783988Z,,,,
2111,858,triage,failed,qwen3:14b,ollama-adapter-v2-no-thinking,taxonomy-v1-ollama-v12-saas-evidence-gate,feed_card,3,0,2026-08-29T06:43:39.810783Z,2026-08-29T06:43:40.137654Z,,,,
2112,859,triage,failed,qwen3:14b,ollama-adapter-v2-no-thinking,taxonomy-v1-ollama-v12-saas-evidence-gate,feed_card,3,0,2026-08-29T06:43:40.185520Z,2026-08-29T06:43:40.511901Z,,,,
2113,860,triage,failed,qwen3:14b,ollama-adapter-v2-no-thinking,taxonomy-v1-ollama-v12-saas-evidence-gate,feed_card,3,0,2026-08-29T06:43:40.548521Z,2026-08-29T06:43:40.879630Z,,,,
2114,861,triage,failed,qwen3:14b,ollama-adapter-v2-no-thinking,taxonomy-v1-ollama-v12-saas-evidence-gate,feed_card,3,0,2026-08-29T06:43:40.897638Z,2026-08-29T06:43:41.234125Z,,,,
2115,862,triage,failed,qwen3:14b,ollama-adapter-v2-no-thinking,taxonomy-v1-ollama-v12-saas-evidence-gate,feed_card,3,0,2026-08-29T06:43:41.250112Z,2026-08-29T06:43:41.578961Z,,,,
2116,863,triage,failed,qwen3:14b,ollama-adapter-v2-no-thinking,taxonomy-v1-ollama-v12-saas-evidence-gate,feed_card,3,0,2026-08-29T06:43:41.729183Z,2026-08-29T06:43:42.067250Z,,,,
2117,864,triage,failed,qwen3:14b,ollama-adapter-v2-no-thinking,taxonomy-v1-ollama-v12-saas-evidence-gate,feed_card,3,0,2026-08-29T06:43:42.121855Z,2026-08-29T06:43:42.459904Z,,,,
2118,865,triage,failed,qwen3:14b,ollama-adapter-v2-no-thinking,taxonomy-v1-ollama-v12-saas-evidence-gate,feed_card,3,0,2026-08-29T06:43:42.485029Z,2026-08-29T06:43:42.837039Z,,,,
2119,866,triage,failed,qwen3:14b,ollama-adapter-v2-no-thinking,taxonomy-v1-ollama-v12-saas-evidence-gate,feed_card,3,0,2026-08-29T06:43:42.872298Z,2026-08-29T06:43:43.205052Z,,,,
2120,867,triage,failed,qwen3:14b,ollama-adapter-v2-no-thinking,taxonomy-v1-ollama-v12-saas-evidence-gate,feed_card,2,0,2026-08-29T06:43:43.243447Z,2026-08-29T06:43:43.575700Z,,,,
2121,868,triage,failed,qwen3:14b,ollama-adapter-v2-no-thinking,taxonomy-v1-ollama-v12-saas-evidence-gate,feed_card,2,0,2026-08-29T06:43:43.635471Z,2026-08-29T06:43:43.970226Z,,,,
2122,869,triage,failed,qwen3:14b,ollama-adapter-v2-no-thinking,taxonomy-v1-ollama-v12-saas-evidence-gate,feed_card,2,0,2026-08-29T06:43:43.995512Z,2026-08-29T06:43:44.322174Z,,,,
2123,870,triage,failed,qwen3:14b,ollama-adapter-v2-no-thinking,taxonomy-v1-ollama-v12-saas-evidence-gate,feed_card,2,0,2026-08-29T06:43:44.375595Z,2026-08-29T06:43:44.711277Z,,,,
2124,871,triage,failed,qwen3:14b,ollama-adapter-v2-no-thinking,taxonomy-v1-ollama-v12-saas-evidence-gate,feed_card,2,0,2026-08-29T06:43:44.790816Z,2026-08-29T06:43:45.124372Z,,,,
2125,872,triage,failed,qwen3:14b,ollama-adapter-v2-no-thinking,taxonomy-v1-ollama-v12-saas-evidence-gate,feed_card,2,0,2026-08-29T06:43:45.174400Z,2026-08-29T06:43:45.507150Z,,,,
2126,873,triage,failed,qwen3:14b,ollama-adapter-v2-no-thinking,taxonomy-v1-ollama-v12-saas-evidence-gate,feed_card,2,0,2026-08-29T06:43:45.702757Z,2026-08-29T06:43:46.034721Z,,,,
2127,874,triage,failed,qwen3:14b,ollama-adapter-v2-no-thinking,taxonomy-v1-ollama-v12-saas-evidence-gate,feed_card,2,0,2026-08-29T06:43:46.074539Z,2026-08-29T06:43:46.398513Z,,,,
2128,875,triage,failed,qwen3:14b,ollama-adapter-v2-no-thinking,taxonomy-v1-ollama-v12-saas-evidence-gate,feed_card,2,0,2026-08-29T06:43:46.448694Z,2026-08-29T06:43:46.777691Z,,,,
2129,876,triage,failed,qwen3:14b,ollama-adapter-v2-no-thinking,taxonomy-v1-ollama-v12-saas-evidence-gate,feed_card,2,0,2026-08-29T06:43:46.829465Z,2026-08-29T06:43:47.158678Z,,,,
2130,877,triage,failed,qwen3:14b,ollama-adapter-v2-no-thinking,taxonomy-v1-ollama-v12-saas-evidence-gate,feed_card,2,0,2026-08-29T06:43:47.211918Z,2026-08-29T06:43:47.573905Z,,,,
2131,878,triage,failed,qwen3:14b,ollama-adapter-v2-no-thinking,taxonomy-v1-ollama-v12-saas-evidence-gate,feed_card,2,0,2026-08-29T06:43:47.633446Z,2026-08-29T06:43:47.966075Z,,,,
2132,879,triage,failed,qwen3:14b,ollama-adapter-v2-no-thinking,taxonomy-v1-ollama-v12-saas-evidence-gate,feed_card,2,0,2026-08-29T06:43:47.996576Z,2026-08-29T06:43:48.325439Z,,,,
2133,880,triage,failed,qwen3:14b,ollama-adapter-v2-no-thinking,taxonomy-v1-ollama-v12-saas-evidence-gate,feed_card,2,0,2026-08-29T06:43:48.373360Z,2026-08-29T06:43:48.707998Z,,,,
2134,881,triage,failed,qwen3:14b,ollama-adapter-v2-no-thinking,taxonomy-v1-ollama-v12-saas-evidence-gate,feed_card,2,0,2026-08-29T06:43:48.725481Z,2026-08-29T06:43:49.046983Z,,,,
2135,882,triage,failed,qwen3:14b,ollama-adapter-v2-no-thinking,taxonomy-v1-ollama-v12-saas-evidence-gate,feed_card,2,0,2026-08-29T06:43:49.075572Z,2026-08-29T06:43:49.414545Z,,,,
2136,883,triage,failed,qwen3:14b,ollama-adapter-v2-no-thinking,taxonomy-v1-ollama-v12-saas-evidence-gate,feed_card,2,0,2026-08-29T06:43:49.434084Z,2026-08-29T06:43:49.782166Z,,,,
2137,884,triage,failed,qwen3:14b,ollama-adapter-v2-no-thinking,taxonomy-v1-ollama-v12-saas-evidence-gate,feed_card,2,0,2026-08-29T06:43:49.802462Z,2026-08-29T06:43:50.131329Z,,,,
2138,885,triage,failed,qwen3:14b,ollama-adapter-v2-no-thinking,taxonomy-v1-ollama-v12-saas-evidence-gate,feed_card,2,0,2026-08-29T06:43:50.150653Z,2026-08-29T06:43:50.480196Z,,,,
2139,886,triage,failed,qwen3:14b,ollama-adapter-v2-no-thinking,taxonomy-v1-ollama-v12-saas-evidence-gate,feed_card,2,0,2026-08-29T06:43:50.508329Z,2026-08-29T06:43:50.842241Z,,,,
2140,887,triage,failed,qwen3:14b,ollama-adapter-v2-no-thinking,taxonomy-v1-ollama-v12-saas-evidence-gate,feed_card,2,0,2026-08-29T06:43:50.860113Z,2026-08-29T06:43:51.198358Z,,,,
2141,888,triage,failed,qwen3:14b,ollama-adapter-v2-no-thinking,taxonomy-v1-ollama-v12-saas-evidence-gate,feed_card,2,0,2026-08-29T06:43:51.218398Z,2026-08-29T06:43:51.563490Z,,,,
2142,889,triage,failed,qwen3:14b,ollama-adapter-v2-no-thinking,taxonomy-v1-ollama-v12-saas-evidence-gate,feed_card,2,0,2026-08-29T06:43:51.582365Z,2026-08-29T06:43:51.910600Z,,,,
2143,890,triage,failed,qwen3:14b,ollama-adapter-v2-no-thinking,taxonomy-v1-ollama-v12-saas-evidence-gate,feed_card,2,0,2026-08-29T06:43:51.931003Z,2026-08-29T06:43:52.274214Z,,,,
2144,891,triage,failed,qwen3:14b,ollama-adapter-v2-no-thinking,taxonomy-v1-ollama-v12-saas-evidence-gate,feed_card,2,0,2026-08-29T06:43:52.291604Z,2026-08-29T06:43:52.615346Z,,,,
2145,892,triage,failed,qwen3:14b,ollama-adapter-v2-no-thinking,taxonomy-v1-ollama-v12-saas-evidence-gate,feed_card,2,0,2026-08-29T06:43:52.632234Z,2026-08-29T06:43:52.978255Z,,,,
2146,893,triage,failed,qwen3:14b,ollama-adapter-v2-no-thinking,taxonomy-v1-ollama-v12-saas-evidence-gate,feed_card,2,0,2026-08-29T06:43:52.995692Z,2026-08-29T06:43:53.312163Z,,,,
2147,894,triage,failed,qwen3:14b,ollama-adapter-v2-no-thinking,taxonomy-v1-ollama-v12-saas-evidence-gate,feed_card,2,0,2026-08-29T06:43:53.339325Z,2026-08-29T06:43:53.663714Z,,,,
2148,895,triage,failed,qwen3:14b,ollama-adapter-v2-no-thinking,taxonomy-v1-ollama-v12-saas-evidence-gate,feed_card,2,0,2026-08-29T06:43:53.683101Z,2026-08-29T06:43:54.033717Z,,,,
2149,896,triage,failed,qwen3:14b,ollama-adapter-v2-no-thinking,taxonomy-v1-ollama-v12-saas-evidence-gate,feed_card,2,0,2026-08-29T06:43:54.053089Z,2026-08-29T06:43:54.380700Z,,,,
2150,897,triage,failed,qwen3:14b,ollama-adapter-v2-no-thinking,taxonomy-v1-ollama-v12-saas-evidence-gate,feed_card,2,0,2026-08-29T06:43:54.397539Z,2026-08-29T06:43:54.730014Z,,,,
2151,898,triage,failed,qwen3:14b,ollama-adapter-v2-no-thinking,taxonomy-v1-ollama-v12-saas-evidence-gate,feed_card,2,0,2026-08-29T06:43:54.746993Z,2026-08-29T06:43:55.066178Z,,,,
2152,899,triage,failed,qwen3:14b,ollama-adapter-v2-no-thinking,taxonomy-v1-ollama-v12-saas-evidence-gate,feed_card,2,0,2026-08-29T06:43:55.083046Z,2026-08-29T06:43:55.413842Z,,,,
2153,900,triage,failed,qwen3:14b,ollama-adapter-v2-no-thinking,taxonomy-v1-ollama-v12-saas-evidence-gate,feed_card,2,0,2026-08-29T06:43:55.438191Z,2026-08-29T06:43:55.773817Z,,,,
2154,901,triage,failed,qwen3:14b,ollama-adapter-v2-no-thinking,taxonomy-v1-ollama-v12-saas-evidence-gate,feed_card,2,0,2026-08-29T06:43:55.792680Z,2026-08-29T06:43:56.106855Z,,,,
2155,902,triage,failed,qwen3:14b,ollama-adapter-v2-no-thinking,taxonomy-v1-ollama-v12-saas-evidence-gate,feed_card,2,0,2026-08-29T06:43:56.125018Z,2026-08-29T06:43:56.465096Z,,,,
2156,903,triage,failed,qwen3:14b,ollama-adapter-v2-no-thinking,taxonomy-v1-ollama-v12-saas-evidence-gate,feed_card,2,0,2026-08-29T06:43:56.482422Z,2026-08-29T06:43:56.802802Z,,,,
2157,904,triage,failed,qwen3:14b,ollama-adapter-v2-no-thinking,taxonomy-v1-ollama-v12-saas-evidence-gate,feed_card,2,0,2026-08-29T06:43:56.834306Z,2026-08-29T06:43:57.165614Z,,,,
2158,905,triage,failed,qwen3:14b,ollama-adapter-v2-no-thinking,taxonomy-v1-ollama-v12-saas-evidence-gate,feed_card,2,0,2026-08-29T06:43:57.181597Z,2026-08-29T06:43:57.509712Z,,,,
2159,906,triage,failed,qwen3:14b,ollama-adapter-v2-no-thinking,taxonomy-v1-ollama-v12-saas-evidence-gate,feed_card,2,0,2026-08-29T06:43:57.543768Z,2026-08-29T06:43:57.875755Z,,,,
2160,907,triage,failed,qwen3:14b,ollama-adapter-v2-no-thinking,taxonomy-v1-ollama-v12-saas-evidence-gate,feed_card,2,0,2026-08-29T06:43:57.895416Z,2026-08-29T06:43:58.221529Z,,,,
2161,908,triage,failed,qwen3:14b,ollama-adapter-v2-no-thinking,taxonomy-v1-ollama-v12-saas-evidence-gate,feed_card,2,0,2026-08-29T06:43:58.238794Z,2026-08-29T06:43:58.565219Z,,,,
2162,909,triage,failed,qwen3:14b,ollama-adapter-v2-no-thinking,taxonomy-v1-ollama-v12-saas-evidence-gate,feed_card,2,0,2026-08-29T06:43:58.589775Z,2026-08-29T06:43:58.912464Z,,,,
2163,910,triage,failed,qwen3:14b,ollama-adapter-v2-no-thinking,taxonomy-v1-ollama-v12-saas-evidence-gate,feed_card,2,0,2026-08-29T06:43:58.928866Z,2026-08-29T06:43:59.247248Z,,,,
2164,911,triage,failed,qwen3:14b,ollama-adapter-v2-no-thinking,taxonomy-v1-ollama-v12-saas-evidence-gate,feed_card,2,0,2026-08-29T06:43:59.263352Z,2026-08-29T06:43:59.600121Z,,,,
2165,912,triage,failed,qwen3:14b,ollama-adapter-v2-no-thinking,taxonomy-v1-ollama-v12-saas-evidence-gate,feed_card,2,0,2026-08-29T06:43:59.644045Z,2026-08-29T06:43:59.973693Z,,,,
2166,913,triage,failed,qwen3:14b,ollama-adapter-v2-no-thinking,taxonomy-v1-ollama-v12-saas-evidence-gate,feed_card,2,0,2026-08-29T06:44:00.003008Z,2026-08-29T06:44:00.332409Z,,,,
2167,914,verification,failed,qwen3:8b,ollama-adapter-v2-no-thinking,taxonomy-v1-ollama-v12-saas-evidence-gate,feed_card,2,0,2026-08-29T06:44:00.378186Z,2026-08-29T06:44:00.705767Z,,,,
2168,915,verification,failed,qwen3:8b,ollama-adapter-v2-no-thinking,taxonomy-v1-ollama-v12-saas-evidence-gate,feed_card,1,0,2026-08-29T06:44:00.725384Z,2026-08-29T06:44:01.045269Z,,,,
2169,916,verification,failed,qwen3:8b,ollama-adapter-v2-no-thinking,taxonomy-v1-ollama-v12-saas-evidence-gate,feed_card,1,0,2026-08-29T06:44:01.064607Z,2026-08-29T06:44:01.405690Z,,,,
2170,917,verification,failed,qwen3:8b,ollama-adapter-v2-no-thinking,taxonomy-v1-ollama-v12-saas-evidence-gate,feed_card,1,0,2026-08-29T06:44:01.422730Z,2026-08-29T06:44:01.766285Z,,,,
2171,918,verification,failed,qwen3:8b,ollama-adapter-v2-no-thinking,taxonomy-v1-ollama-v12-saas-evidence-gate,feed_card,1,0,2026-08-29T06:44:01.820840Z,2026-08-29T06:44:02.152300Z,,,,
2172,919,verification,failed,qwen3:8b,ollama-adapter-v2-no-thinking,taxonomy-v1-ollama-v12-saas-evidence-gate,feed_card,1,0,2026-08-29T06:44:02.482145Z,2026-08-29T06:44:02.816773Z,,,,
2173,920,verification,failed,qwen3:8b,ollama-adapter-v2-no-thinking,taxonomy-v1-ollama-v12-saas-evidence-gate,feed_card,1,0,2026-08-29T06:44:02.874809Z,2026-08-29T06:44:03.203940Z,,,,
2174,921,verification,failed,qwen3:8b,ollama-adapter-v2-no-thinking,taxonomy-v1-ollama-v12-saas-evidence-gate,feed_card,1,0,2026-08-29T06:44:03.254829Z,2026-08-29T06:44:03.581453Z,,,,
2175,922,verification,failed,qwen3:8b,ollama-adapter-v2-no-thinking,taxonomy-v1-ollama-v12-saas-evidence-gate,feed_card,1,0,2026-08-29T06:44:03.603864Z,2026-08-29T06:44:03.929857Z,,,,
2176,923,verification,failed,qwen3:8b,ollama-adapter-v2-no-thinking,taxonomy-v1-ollama-v12-saas-evidence-gate,feed_card,1,0,2026-08-29T06:44:03.974601Z,2026-08-29T06:44:04.298688Z,,,,
2177,924,verification,failed,qwen3:8b,ollama-adapter-v2-no-thinking,taxonomy-v1-ollama-v12-saas-evidence-gate,feed_card,1,0,2026-08-29T06:44:04.332772Z,2026-08-29T06:44:04.659057Z,,,,
2178,925,verification,failed,qwen3:8b,ollama-adapter-v2-no-thinking,taxonomy-v1-ollama-v12-saas-evidence-gate,feed_card,1,0,2026-08-29T06:44:04.725309Z,2026-08-29T06:44:05.067462Z,,,,
2179,926,verification,failed,qwen3:8b,ollama-adapter-v2-no-thinking,taxonomy-v1-ollama-v12-saas-evidence-gate,feed_card,1,0,2026-08-29T06:44:05.098950Z,2026-08-29T06:44:05.453410Z,,,,
2180,927,verification,failed,qwen3:8b,ollama-adapter-v2-no-thinking,taxonomy-v1-ollama-v12-saas-evidence-gate,feed_card,1,0,2026-08-29T06:44:05.499408Z,2026-08-29T06:44:05.833691Z,,,,
2181,928,verification,failed,qwen3:8b,ollama-adapter-v2-no-thinking,taxonomy-v1-ollama-v12-saas-evidence-gate,feed_card,1,0,2026-08-29T06:44:05.887647Z,2026-08-29T06:44:06.225546Z,,,,
2182,929,verification,failed,qwen3:8b,ollama-adapter-v2-no-thinking,taxonomy-v1-ollama-v12-saas-evidence-gate,feed_card,1,0,2026-08-29T06:44:06.285493Z,2026-08-29T06:44:06.627540Z,,,,
2183,930,verification,failed,qwen3:8b,ollama-adapter-v2-no-thinking,taxonomy-v1-ollama-v12-saas-evidence-gate,feed_card,1,0,2026-08-29T06:44:06.685862Z,2026-08-29T06:44:07.019473Z,,,,
2184,931,verification,failed,qwen3:8b,ollama-adapter-v2-no-thinking,taxonomy-v1-ollama-v12-saas-evidence-gate,feed_card,1,0,2026-08-29T06:44:07.038952Z,2026-08-29T06:44:07.366683Z,,,,
2185,932,verification,failed,qwen3:8b,ollama-adapter-v2-no-thinking,taxonomy-v1-ollama-v12-saas-evidence-gate,feed_card,1,0,2026-08-29T06:44:07.385973Z,2026-08-29T06:44:07.699887Z,,,,
2186,933,verification,failed,qwen3:8b,ollama-adapter-v2-no-thinking,taxonomy-v1-ollama-v12-saas-evidence-gate,feed_card,1,0,2026-08-29T06:44:07.719913Z,2026-08-29T06:44:08.063067Z,,,,
2187,934,verification,failed,qwen3:8b,ollama-adapter-v2-no-thinking,taxonomy-v1-ollama-v12-saas-evidence-gate,feed_card,1,0,2026-08-29T06:44:08.082422Z,2026-08-29T06:44:08.411540Z,,,,
2188,935,verification,failed,qwen3:8b,ollama-adapter-v2-no-thinking,taxonomy-v1-ollama-v12-saas-evidence-gate,feed_card,1,0,2026-08-29T06:44:08.428716Z,2026-08-29T06:44:08.758102Z,,,,
2189,936,verification,failed,qwen3:8b,ollama-adapter-v2-no-thinking,taxonomy-v1-ollama-v12-saas-evidence-gate,feed_card,1,0,2026-08-29T06:44:08.775831Z,2026-08-29T06:44:09.102288Z,,,,
2190,937,verification,failed,qwen3:8b,ollama-adapter-v2-no-thinking,taxonomy-v1-ollama-v12-saas-evidence-gate,feed_card,1,0,2026-08-29T06:44:09.119753Z,2026-08-29T06:44:09.453351Z,,,,
2191,938,verification,failed,qwen3:8b,ollama-adapter-v2-no-thinking,taxonomy-v1-ollama-v12-saas-evidence-gate,feed_card,1,0,2026-08-29T06:44:09.472562Z,2026-08-29T06:44:09.788321Z,,,,
2192,867,triage,failed,qwen3:14b,ollama-adapter-v2-no-thinking,taxonomy-v1-ollama-v12-saas-evidence-gate,feed_card,3,0,2026-08-29T06:55:25.453343Z,2026-08-29T06:55:25.813861Z,,,,
2193,868,triage,failed,qwen3:14b,ollama-adapter-v2-no-thinking,taxonomy-v1-ollama-v12-saas-evidence-gate,feed_card,3,0,2026-08-29T06:55:25.831508Z,2026-08-29T06:55:26.181732Z,,,,
2194,869,triage,failed,qwen3:14b,ollama-adapter-v2-no-thinking,taxonomy-v1-ollama-v12-saas-evidence-gate,feed_card,3,0,2026-08-29T06:55:26.200701Z,2026-08-29T06:55:26.536900Z,,,,
2195,870,triage,failed,qwen3:14b,ollama-adapter-v2-no-thinking,taxonomy-v1-ollama-v12-saas-evidence-gate,feed_card,3,0,2026-08-29T06:55:26.554413Z,2026-08-29T06:55:26.894998Z,,,,
2196,871,triage,failed,qwen3:14b,ollama-adapter-v2-no-thinking,taxonomy-v1-ollama-v12-saas-evidence-gate,feed_card,3,0,2026-08-29T06:55:26.912582Z,2026-08-29T06:55:27.248672Z,,,,
2197,872,triage,failed,qwen3:14b,ollama-adapter-v2-no-thinking,taxonomy-v1-ollama-v12-saas-evidence-gate,feed_card,3,0,2026-08-29T06:55:27.273704Z,2026-08-29T06:55:27.605106Z,,,,
2198,873,triage,failed,qwen3:14b,ollama-adapter-v2-no-thinking,taxonomy-v1-ollama-v12-saas-evidence-gate,feed_card,3,0,2026-08-29T06:55:27.623120Z,2026-08-29T06:55:27.963141Z,,,,
2199,874,triage,failed,qwen3:14b,ollama-adapter-v2-no-thinking,taxonomy-v1-ollama-v12-saas-evidence-gate,feed_card,3,0,2026-08-29T06:55:27.982319Z,2026-08-29T06:55:28.308852Z,,,,
2200,875,triage,failed,qwen3:14b,ollama-adapter-v2-no-thinking,taxonomy-v1-ollama-v12-saas-evidence-gate,feed_card,3,0,2026-08-29T06:55:28.327883Z,2026-08-29T06:55:28.651997Z,,,,
2201,876,triage,failed,qwen3:14b,ollama-adapter-v2-no-thinking,taxonomy-v1-ollama-v12-saas-evidence-gate,feed_card,3,0,2026-08-29T06:55:28.670105Z,2026-08-29T06:55:29.003465Z,,,,
2202,877,triage,failed,qwen3:14b,ollama-adapter-v2-no-thinking,taxonomy-v1-ollama-v12-saas-evidence-gate,feed_card,3,0,2026-08-29T06:55:29.021910Z,2026-08-29T06:55:29.351293Z,,,,
2203,878,triage,failed,qwen3:14b,ollama-adapter-v2-no-thinking,taxonomy-v1-ollama-v12-saas-evidence-gate,feed_card,3,0,2026-08-29T06:55:29.370702Z,2026-08-29T06:55:29.696553Z,,,,
2204,879,triage,failed,qwen3:14b,ollama-adapter-v2-no-thinking,taxonomy-v1-ollama-v12-saas-evidence-gate,feed_card,3,0,2026-08-29T06:55:29.712006Z,2026-08-29T06:55:30.050646Z,,,,
2205,880,triage,failed,qwen3:14b,ollama-adapter-v2-no-thinking,taxonomy-v1-ollama-v12-saas-evidence-gate,feed_card,3,0,2026-08-29T06:55:30.067930Z,2026-08-29T06:55:30.398305Z,,,,
2206,881,triage,failed,qwen3:14b,ollama-adapter-v2-no-thinking,taxonomy-v1-ollama-v12-saas-evidence-gate,feed_card,3,0,2026-08-29T06:55:30.419299Z,2026-08-29T06:55:30.751721Z,,,,
2207,882,triage,failed,qwen3:14b,ollama-adapter-v2-no-thinking,taxonomy-v1-ollama-v12-saas-evidence-gate,feed_card,3,0,2026-08-29T06:55:30.772076Z,2026-08-29T06:55:31.118912Z,,,,
2208,883,triage,failed,qwen3:14b,ollama-adapter-v2-no-thinking,taxonomy-v1-ollama-v12-saas-evidence-gate,feed_card,3,0,2026-08-29T06:55:31.134810Z,2026-08-29T06:55:31.465798Z,,,,
2209,884,triage,failed,qwen3:14b,ollama-adapter-v2-no-thinking,taxonomy-v1-ollama-v12-saas-evidence-gate,feed_card,3,0,2026-08-29T06:55:31.485193Z,2026-08-29T06:55:31.800122Z,,,,
2210,885,triage,failed,qwen3:14b,ollama-adapter-v2-no-thinking,taxonomy-v1-ollama-v12-saas-evidence-gate,feed_card,3,0,2026-08-29T06:55:31.836083Z,2026-08-29T06:55:32.186404Z,,,,
2211,886,triage,failed,qwen3:14b,ollama-adapter-v2-no-thinking,taxonomy-v1-ollama-v12-saas-evidence-gate,feed_card,3,0,2026-08-29T06:55:32.204229Z,2026-08-29T06:55:32.531840Z,,,,
2212,887,triage,failed,qwen3:14b,ollama-adapter-v2-no-thinking,taxonomy-v1-ollama-v12-saas-evidence-gate,feed_card,3,0,2026-08-29T06:55:32.550800Z,2026-08-29T06:55:32.871010Z,,,,
2213,888,triage,failed,qwen3:14b,ollama-adapter-v2-no-thinking,taxonomy-v1-ollama-v12-saas-evidence-gate,feed_card,3,0,2026-08-29T06:55:32.888712Z,2026-08-29T06:55:33.219748Z,,,,
2214,889,triage,failed,qwen3:14b,ollama-adapter-v2-no-thinking,taxonomy-v1-ollama-v12-saas-evidence-gate,feed_card,3,0,2026-08-29T06:55:33.237410Z,2026-08-29T06:55:33.569763Z,,,,
2215,890,triage,failed,qwen3:14b,ollama-adapter-v2-no-thinking,taxonomy-v1-ollama-v12-saas-evidence-gate,feed_card,3,0,2026-08-29T06:55:33.587459Z,2026-08-29T06:55:33.931596Z,,,,
2216,891,triage,failed,qwen3:14b,ollama-adapter-v2-no-thinking,taxonomy-v1-ollama-v12-saas-evidence-gate,feed_card,3,0,2026-08-29T06:55:33.948160Z,2026-08-29T06:55:34.277404Z,,,,
2217,892,triage,failed,qwen3:14b,ollama-adapter-v2-no-thinking,taxonomy-v1-ollama-v12-saas-evidence-gate,feed_card,3,0,2026-08-29T06:55:34.295466Z,2026-08-29T06:55:34.635190Z,,,,
2218,893,triage,failed,qwen3:14b,ollama-adapter-v2-no-thinking,taxonomy-v1-ollama-v12-saas-evidence-gate,feed_card,3,0,2026-08-29T06:55:34.653555Z,2026-08-29T06:55:34.985463Z,,,,
2219,894,triage,failed,qwen3:14b,ollama-adapter-v2-no-thinking,taxonomy-v1-ollama-v12-saas-evidence-gate,feed_card,3,0,2026-08-29T06:55:35.014960Z,2026-08-29T06:55:35.342381Z,,,,
2220,895,triage,failed,qwen3:14b,ollama-adapter-v2-no-thinking,taxonomy-v1-ollama-v12-saas-evidence-gate,feed_card,3,0,2026-08-29T06:55:35.397803Z,2026-08-29T06:55:35.730692Z,,,,
2221,896,triage,failed,qwen3:14b,ollama-adapter-v2-no-thinking,taxonomy-v1-ollama-v12-saas-evidence-gate,feed_card,3,0,2026-08-29T06:55:35.772181Z,2026-08-29T06:55:36.098003Z,,,,
2222,897,triage,failed,qwen3:14b,ollama-adapter-v2-no-thinking,taxonomy-v1-ollama-v12-saas-evidence-gate,feed_card,3,0,2026-08-29T06:55:36.143106Z,2026-08-29T06:55:36.476786Z,,,,
2223,898,triage,failed,qwen3:14b,ollama-adapter-v2-no-thinking,taxonomy-v1-ollama-v12-saas-evidence-gate,feed_card,3,0,2026-08-29T06:55:36.509765Z,2026-08-29T06:55:36.840070Z,,,,
2224,899,triage,failed,qwen3:14b,ollama-adapter-v2-no-thinking,taxonomy-v1-ollama-v12-saas-evidence-gate,feed_card,3,0,2026-08-29T06:55:36.919851Z,2026-08-29T06:55:37.255601Z,,,,
2225,900,triage,failed,qwen3:14b,ollama-adapter-v2-no-thinking,taxonomy-v1-ollama-v12-saas-evidence-gate,feed_card,3,0,2026-08-29T06:55:37.288180Z,2026-08-29T06:55:37.629904Z,,,,
2226,901,triage,failed,qwen3:14b,ollama-adapter-v2-no-thinking,taxonomy-v1-ollama-v12-saas-evidence-gate,feed_card,3,0,2026-08-29T06:55:37.673230Z,2026-08-29T06:55:38.007634Z,,,,
2227,902,triage,failed,qwen3:14b,ollama-adapter-v2-no-thinking,taxonomy-v1-ollama-v12-saas-evidence-gate,feed_card,3,0,2026-08-29T06:55:38.043492Z,2026-08-29T06:55:38.386081Z,,,,
2228,903,triage,failed,qwen3:14b,ollama-adapter-v2-no-thinking,taxonomy-v1-ollama-v12-saas-evidence-gate,feed_card,3,0,2026-08-29T06:55:38.430816Z,2026-08-29T06:55:38.759163Z,,,,
2229,904,triage,failed,qwen3:14b,ollama-adapter-v2-no-thinking,taxonomy-v1-ollama-v12-saas-evidence-gate,feed_card,3,0,2026-08-29T06:55:38.791712Z,2026-08-29T06:55:39.131331Z,,,,
2230,905,triage,failed,qwen3:14b,ollama-adapter-v2-no-thinking,taxonomy-v1-ollama-v12-saas-evidence-gate,feed_card,3,0,2026-08-29T06:55:39.209992Z,2026-08-29T06:55:39.548081Z,,,,
2231,906,triage,failed,qwen3:14b,ollama-adapter-v2-no-thinking,taxonomy-v1-ollama-v12-saas-evidence-gate,feed_card,3,0,2026-08-29T06:55:39.590823Z,2026-08-29T06:55:39.916529Z,,,,
2232,907,triage,failed,qwen3:14b,ollama-adapter-v2-no-thinking,taxonomy-v1-ollama-v12-saas-evidence-gate,feed_card,3,0,2026-08-29T06:55:39.941345Z,2026-08-29T06:55:40.269968Z,,,,
2233,908,triage,failed,qwen3:14b,ollama-adapter-v2-no-thinking,taxonomy-v1-ollama-v12-saas-evidence-gate,feed_card,3,0,2026-08-29T06:55:40.303953Z,2026-08-29T06:55:40.642767Z,,,,
2234,909,triage,failed,qwen3:14b,ollama-adapter-v2-no-thinking,taxonomy-v1-ollama-v12-saas-evidence-gate,feed_card,3,0,2026-08-29T06:55:40.666580Z,2026-08-29T06:55:40.996543Z,,,,
2235,910,triage,failed,qwen3:14b,ollama-adapter-v2-no-thinking,taxonomy-v1-ollama-v12-saas-evidence-gate,feed_card,3,0,2026-08-29T06:55:41.044082Z,2026-08-29T06:55:41.367635Z,,,,
2236,911,triage,failed,qwen3:14b,ollama-adapter-v2-no-thinking,taxonomy-v1-ollama-v12-saas-evidence-gate,feed_card,3,0,2026-08-29T06:55:41.412420Z,2026-08-29T06:55:41.774211Z,,,,
2237,912,triage,failed,qwen3:14b,ollama-adapter-v2-no-thinking,taxonomy-v1-ollama-v12-saas-evidence-gate,feed_card,3,0,2026-08-29T06:55:41.810686Z,2026-08-29T06:55:42.140816Z,,,,
2238,913,triage,failed,qwen3:14b,ollama-adapter-v2-no-thinking,taxonomy-v1-ollama-v12-saas-evidence-gate,feed_card,3,0,2026-08-29T06:55:42.198734Z,2026-08-29T06:55:42.533872Z,,,,
2239,914,triage,failed,qwen3:14b,ollama-adapter-v2-no-thinking,taxonomy-v1-ollama-v12-saas-evidence-gate,feed_card,1,0,2026-08-29T06:55:42.553363Z,2026-08-29T06:55:42.889731Z,,,,
2240,915,triage,failed,qwen3:14b,ollama-adapter-v2-no-thinking,taxonomy-v1-ollama-v12-saas-evidence-gate,feed_card,1,0,2026-08-29T06:55:42.908601Z,2026-08-29T06:55:43.241710Z,,,,
2241,916,triage,failed,qwen3:14b,ollama-adapter-v2-no-thinking,taxonomy-v1-ollama-v12-saas-evidence-gate,feed_card,1,0,2026-08-29T06:55:43.259114Z,2026-08-29T06:55:43.585317Z,,,,
2242,917,triage,failed,qwen3:14b,ollama-adapter-v2-no-thinking,taxonomy-v1-ollama-v12-saas-evidence-gate,feed_card,1,0,2026-08-29T06:55:43.602384Z,2026-08-29T06:55:43.922997Z,,,,
2243,918,triage,failed,qwen3:14b,ollama-adapter-v2-no-thinking,taxonomy-v1-ollama-v12-saas-evidence-gate,feed_card,1,0,2026-08-29T06:55:43.939773Z,2026-08-29T06:55:44.282985Z,,,,
2244,919,triage,failed,qwen3:14b,ollama-adapter-v2-no-thinking,taxonomy-v1-ollama-v12-saas-evidence-gate,feed_card,1,0,2026-08-29T06:55:44.301744Z,2026-08-29T06:55:44.645238Z,,,,
2245,920,triage,failed,qwen3:14b,ollama-adapter-v2-no-thinking,taxonomy-v1-ollama-v12-saas-evidence-gate,feed_card,1,0,2026-08-29T06:55:44.664889Z,2026-08-29T06:55:45.014164Z,,,,
2246,921,triage,failed,qwen3:14b,ollama-adapter-v2-no-thinking,taxonomy-v1-ollama-v12-saas-evidence-gate,feed_card,1,0,2026-08-29T06:55:45.031875Z,2026-08-29T06:55:45.377007Z,,,,
2247,922,triage,failed,qwen3:14b,ollama-adapter-v2-no-thinking,taxonomy-v1-ollama-v12-saas-evidence-gate,feed_card,1,0,2026-08-29T06:55:45.394116Z,2026-08-29T06:55:45.730596Z,,,,
2248,923,triage,failed,qwen3:14b,ollama-adapter-v2-no-thinking,taxonomy-v1-ollama-v12-saas-evidence-gate,feed_card,1,0,2026-08-29T06:55:45.750932Z,2026-08-29T06:55:46.107751Z,,,,
2249,924,triage,failed,qwen3:14b,ollama-adapter-v2-no-thinking,taxonomy-v1-ollama-v12-saas-evidence-gate,feed_card,1,0,2026-08-29T06:55:46.138645Z,2026-08-29T06:55:46.474382Z,,,,
2250,925,triage,failed,qwen3:14b,ollama-adapter-v2-no-thinking,taxonomy-v1-ollama-v12-saas-evidence-gate,feed_card,1,0,2026-08-29T06:55:46.496234Z,2026-08-29T06:55:46.835417Z,,,,
2251,926,triage,failed,qwen3:14b,ollama-adapter-v2-no-thinking,taxonomy-v1-ollama-v12-saas-evidence-gate,feed_card,1,0,2026-08-29T06:55:46.856713Z,2026-08-29T06:55:47.185052Z,,,,
2252,927,triage,failed,qwen3:14b,ollama-adapter-v2-no-thinking,taxonomy-v1-ollama-v12-saas-evidence-gate,feed_card,1,0,2026-08-29T06:55:47.204280Z,2026-08-29T06:55:47.544076Z,,,,
2253,928,triage,failed,qwen3:14b,ollama-adapter-v2-no-thinking,taxonomy-v1-ollama-v12-saas-evidence-gate,feed_card,1,0,2026-08-29T06:55:47.562838Z,2026-08-29T06:55:47.896803Z,,,,
2254,929,triage,failed,qwen3:14b,ollama-adapter-v2-no-thinking,taxonomy-v1-ollama-v12-saas-evidence-gate,feed_card,1,0,2026-08-29T06:55:47.919301Z,2026-08-29T06:55:48.263780Z,,,,
2255,930,triage,failed,qwen3:14b,ollama-adapter-v2-no-thinking,taxonomy-v1-ollama-v12-saas-evidence-gate,feed_card,1,0,2026-08-29T06:55:48.284472Z,2026-08-29T06:55:48.614482Z,,,,
2256,931,triage,failed,qwen3:14b,ollama-adapter-v2-no-thinking,taxonomy-v1-ollama-v12-saas-evidence-gate,feed_card,1,0,2026-08-29T06:55:48.633165Z,2026-08-29T06:55:48.967495Z,,,,
2257,932,triage,failed,qwen3:14b,ollama-adapter-v2-no-thinking,taxonomy-v1-ollama-v12-saas-evidence-gate,feed_card,1,0,2026-08-29T06:55:48.983650Z,2026-08-29T06:55:49.338493Z,,,,
2258,933,triage,failed,qwen3:14b,ollama-adapter-v2-no-thinking,taxonomy-v1-ollama-v12-saas-evidence-gate,feed_card,1,0,2026-08-29T06:55:49.355810Z,2026-08-29T06:55:49.679809Z,,,,
2259,934,triage,failed,qwen3:14b,ollama-adapter-v2-no-thinking,taxonomy-v1-ollama-v12-saas-evidence-gate,feed_card,1,0,2026-08-29T06:55:49.698401Z,2026-08-29T06:55:50.035077Z,,,,
2260,935,triage,failed,qwen3:14b,ollama-adapter-v2-no-thinking,taxonomy-v1-ollama-v12-saas-evidence-gate,feed_card,1,0,2026-08-29T06:55:50.053259Z,2026-08-29T06:55:50.371085Z,,,,
2261,936,triage,failed,qwen3:14b,ollama-adapter-v2-no-thinking,taxonomy-v1-ollama-v12-saas-evidence-gate,feed_card,1,0,2026-08-29T06:55:50.393473Z,2026-08-29T06:55:50.738619Z,,,,
2262,937,triage,failed,qwen3:14b,ollama-adapter-v2-no-thinking,taxonomy-v1-ollama-v12-saas-evidence-gate,feed_card,1,0,2026-08-29T06:55:50.795788Z,2026-08-29T06:55:51.121207Z,,,,
2263,938,triage,failed,qwen3:14b,ollama-adapter-v2-no-thinking,taxonomy-v1-ollama-v12-saas-evidence-gate,feed_card,1,0,2026-08-29T06:55:51.139018Z,2026-08-29T06:55:51.463696Z,,,,
2264,939,triage,failed,qwen3:14b,ollama-adapter-v2-no-thinking,taxonomy-v1-ollama-v12-saas-evidence-gate,feed_card,1,0,2026-08-29T06:55:51.502367Z,2026-08-29T06:55:51.828284Z,,,,
2265,940,triage,failed,qwen3:14b,ollama-adapter-v2-no-thinking,taxonomy-v1-ollama-v12-saas-evidence-gate,feed_card,1,0,2026-08-29T06:55:51.844842Z,2026-08-29T06:55:52.178047Z,,,,
2266,914,triage,failed,qwen3:14b,ollama-adapter-v2-no-thinking,taxonomy-v1-ollama-v12-saas-evidence-gate,feed_card,2,0,2026-08-29T07:06:25.448321Z,2026-08-29T07:06:25.783794Z,,,,
2267,915,triage,failed,qwen3:14b,ollama-adapter-v2-no-thinking,taxonomy-v1-ollama-v12-saas-evidence-gate,feed_card,2,0,2026-08-29T07:06:25.805904Z,2026-08-29T07:06:26.138043Z,,,,
2268,916,triage,failed,qwen3:14b,ollama-adapter-v2-no-thinking,taxonomy-v1-ollama-v12-saas-evidence-gate,feed_card,2,0,2026-08-29T07:06:26.157795Z,2026-08-29T07:06:26.487293Z,,,,
2269,917,triage,failed,qwen3:14b,ollama-adapter-v2-no-thinking,taxonomy-v1-ollama-v12-saas-evidence-gate,feed_card,2,0,2026-08-29T07:06:26.505315Z,2026-08-29T07:06:26.835267Z,,,,
2270,918,triage,failed,qwen3:14b,ollama-adapter-v2-no-thinking,taxonomy-v1-ollama-v12-saas-evidence-gate,feed_card,2,0,2026-08-29T07:06:26.852644Z,2026-08-29T07:06:27.191657Z,,,,
2271,919,triage,failed,qwen3:14b,ollama-adapter-v2-no-thinking,taxonomy-v1-ollama-v12-saas-evidence-gate,feed_card,2,0,2026-08-29T07:06:27.208105Z,2026-08-29T07:06:27.528185Z,,,,
2272,920,triage,failed,qwen3:14b,ollama-adapter-v2-no-thinking,taxonomy-v1-ollama-v12-saas-evidence-gate,feed_card,2,0,2026-08-29T07:06:27.544969Z,2026-08-29T07:06:27.876006Z,,,,
2273,921,triage,failed,qwen3:14b,ollama-adapter-v2-no-thinking,taxonomy-v1-ollama-v12-saas-evidence-gate,feed_card,2,0,2026-08-29T07:06:27.896274Z,2026-08-29T07:06:28.216949Z,,,,
2274,922,triage,failed,qwen3:14b,ollama-adapter-v2-no-thinking,taxonomy-v1-ollama-v12-saas-evidence-gate,feed_card,2,0,2026-08-29T07:06:28.233536Z,2026-08-29T07:06:28.561052Z,,,,
2275,923,triage,failed,qwen3:14b,ollama-adapter-v2-no-thinking,taxonomy-v1-ollama-v12-saas-evidence-gate,feed_card,2,0,2026-08-29T07:06:28.579825Z,2026-08-29T07:06:28.916868Z,,,,
2276,924,triage,failed,qwen3:14b,ollama-adapter-v2-no-thinking,taxonomy-v1-ollama-v12-saas-evidence-gate,feed_card,2,0,2026-08-29T07:06:28.934189Z,2026-08-29T07:06:29.251291Z,,,,
2277,925,triage,failed,qwen3:14b,ollama-adapter-v2-no-thinking,taxonomy-v1-ollama-v12-saas-evidence-gate,feed_card,2,0,2026-08-29T07:06:29.267536Z,2026-08-29T07:06:29.596437Z,,,,
2278,926,triage,failed,qwen3:14b,ollama-adapter-v2-no-thinking,taxonomy-v1-ollama-v12-saas-evidence-gate,feed_card,2,0,2026-08-29T07:06:29.612277Z,2026-08-29T07:06:29.946996Z,,,,
2279,927,triage,failed,qwen3:14b,ollama-adapter-v2-no-thinking,taxonomy-v1-ollama-v12-saas-evidence-gate,feed_card,2,0,2026-08-29T07:06:29.965983Z,2026-08-29T07:06:30.285067Z,,,,
2280,928,triage,failed,qwen3:14b,ollama-adapter-v2-no-thinking,taxonomy-v1-ollama-v12-saas-evidence-gate,feed_card,2,0,2026-08-29T07:06:30.302496Z,2026-08-29T07:06:30.632710Z,,,,
2281,929,triage,failed,qwen3:14b,ollama-adapter-v2-no-thinking,taxonomy-v1-ollama-v12-saas-evidence-gate,feed_card,2,0,2026-08-29T07:06:30.650825Z,2026-08-29T07:06:30.979650Z,,,,
2282,930,triage,failed,qwen3:14b,ollama-adapter-v2-no-thinking,taxonomy-v1-ollama-v12-saas-evidence-gate,feed_card,2,0,2026-08-29T07:06:30.998240Z,2026-08-29T07:06:31.314276Z,,,,
2283,931,triage,failed,qwen3:14b,ollama-adapter-v2-no-thinking,taxonomy-v1-ollama-v12-saas-evidence-gate,feed_card,2,0,2026-08-29T07:06:31.331961Z,2026-08-29T07:06:31.655683Z,,,,
2284,932,triage,failed,qwen3:14b,ollama-adapter-v2-no-thinking,taxonomy-v1-ollama-v12-saas-evidence-gate,feed_card,2,0,2026-08-29T07:06:31.677977Z,2026-08-29T07:06:32.014671Z,,,,
2285,933,triage,failed,qwen3:14b,ollama-adapter-v2-no-thinking,taxonomy-v1-ollama-v12-saas-evidence-gate,feed_card,2,0,2026-08-29T07:06:32.032951Z,2026-08-29T07:06:32.341970Z,,,,
2286,934,triage,failed,qwen3:14b,ollama-adapter-v2-no-thinking,taxonomy-v1-ollama-v12-saas-evidence-gate,feed_card,2,0,2026-08-29T07:06:32.360630Z,2026-08-29T07:06:32.685164Z,,,,
2287,935,triage,failed,qwen3:14b,ollama-adapter-v2-no-thinking,taxonomy-v1-ollama-v12-saas-evidence-gate,feed_card,2,0,2026-08-29T07:06:32.703918Z,2026-08-29T07:06:33.039020Z,,,,
2288,936,triage,failed,qwen3:14b,ollama-adapter-v2-no-thinking,taxonomy-v1-ollama-v12-saas-evidence-gate,feed_card,2,0,2026-08-29T07:06:33.072903Z,2026-08-29T07:06:33.400344Z,,,,
2289,937,triage,failed,qwen3:14b,ollama-adapter-v2-no-thinking,taxonomy-v1-ollama-v12-saas-evidence-gate,feed_card,2,0,2026-08-29T07:06:33.426016Z,2026-08-29T07:06:33.758149Z,,,,
2290,938,triage,failed,qwen3:14b,ollama-adapter-v2-no-thinking,taxonomy-v1-ollama-v12-saas-evidence-gate,feed_card,2,0,2026-08-29T07:06:33.804868Z,2026-08-29T07:06:34.133438Z,,,,
2291,939,triage,failed,qwen3:14b,ollama-adapter-v2-no-thinking,taxonomy-v1-ollama-v12-saas-evidence-gate,feed_card,2,0,2026-08-29T07:06:34.152081Z,2026-08-29T07:06:34.477079Z,,,,
2292,940,triage,failed,qwen3:14b,ollama-adapter-v2-no-thinking,taxonomy-v1-ollama-v12-saas-evidence-gate,feed_card,2,0,2026-08-29T07:06:34.494213Z,2026-08-29T07:06:34.833235Z,,,,
2293,941,triage,failed,qwen3:14b,ollama-adapter-v2-no-thinking,taxonomy-v1-ollama-v12-saas-evidence-gate,feed_card,1,0,2026-08-29T07:06:34.861227Z,2026-08-29T07:06:35.184543Z,,,,
2294,942,triage,failed,qwen3:14b,ollama-adapter-v2-no-thinking,taxonomy-v1-ollama-v12-saas-evidence-gate,feed_card,1,0,2026-08-29T07:06:35.202753Z,2026-08-29T07:06:35.519368Z,,,,
2295,943,triage,failed,qwen3:14b,ollama-adapter-v2-no-thinking,taxonomy-v1-ollama-v12-saas-evidence-gate,feed_card,1,0,2026-08-29T07:06:35.546537Z,2026-08-29T07:06:35.882305Z,,,,
2296,944,triage,failed,qwen3:14b,ollama-adapter-v2-no-thinking,taxonomy-v1-ollama-v12-saas-evidence-gate,feed_card,1,0,2026-08-29T07:06:35.916733Z,2026-08-29T07:06:36.249236Z,,,,
2297,914,triage,failed,qwen3:14b,ollama-adapter-v2-no-thinking,taxonomy-v1-ollama-v12-saas-evidence-gate,feed_card,3,0,2026-08-29T07:18:25.454583Z,2026-08-29T07:18:25.784874Z,,,,
2298,915,triage,failed,qwen3:14b,ollama-adapter-v2-no-thinking,taxonomy-v1-ollama-v12-saas-evidence-gate,feed_card,3,0,2026-08-29T07:18:25.805077Z,2026-08-29T07:18:26.138531Z,,,,
2299,916,triage,failed,qwen3:14b,ollama-adapter-v2-no-thinking,taxonomy-v1-ollama-v12-saas-evidence-gate,feed_card,3,0,2026-08-29T07:18:26.155637Z,2026-08-29T07:18:26.489246Z,,,,
2300,917,triage,failed,qwen3:14b,ollama-adapter-v2-no-thinking,taxonomy-v1-ollama-v12-saas-evidence-gate,feed_card,3,0,2026-08-29T07:18:26.508781Z,2026-08-29T07:18:26.827893Z,,,,
2301,918,triage,failed,qwen3:14b,ollama-adapter-v2-no-thinking,taxonomy-v1-ollama-v12-saas-evidence-gate,feed_card,3,0,2026-08-29T07:18:26.845606Z,2026-08-29T07:18:27.175167Z,,,,
2302,919,triage,failed,qwen3:14b,ollama-adapter-v2-no-thinking,taxonomy-v1-ollama-v12-saas-evidence-gate,feed_card,3,0,2026-08-29T07:18:27.193544Z,2026-08-29T07:18:27.523943Z,,,,
2303,920,triage,failed,qwen3:14b,ollama-adapter-v2-no-thinking,taxonomy-v1-ollama-v12-saas-evidence-gate,feed_card,3,0,2026-08-29T07:18:27.542237Z,2026-08-29T07:18:27.857180Z,,,,
2304,921,triage,failed,qwen3:14b,ollama-adapter-v2-no-thinking,taxonomy-v1-ollama-v12-saas-evidence-gate,feed_card,3,0,2026-08-29T07:18:27.876428Z,2026-08-29T07:18:28.205198Z,,,,
2305,922,triage,failed,qwen3:14b,ollama-adapter-v2-no-thinking,taxonomy-v1-ollama-v12-saas-evidence-gate,feed_card,3,0,2026-08-29T07:18:28.221749Z,2026-08-29T07:18:28.550575Z,,,,
2306,923,triage,failed,qwen3:14b,ollama-adapter-v2-no-thinking,taxonomy-v1-ollama-v12-saas-evidence-gate,feed_card,3,0,2026-08-29T07:18:28.567153Z,2026-08-29T07:18:28.891776Z,,,,
2307,924,triage,failed,qwen3:14b,ollama-adapter-v2-no-thinking,taxonomy-v1-ollama-v12-saas-evidence-gate,feed_card,3,0,2026-08-29T07:18:28.912755Z,2026-08-29T07:18:29.233917Z,,,,
2308,925,triage,failed,qwen3:14b,ollama-adapter-v2-no-thinking,taxonomy-v1-ollama-v12-saas-evidence-gate,feed_card,3,0,2026-08-29T07:18:29.253410Z,2026-08-29T07:18:29.592481Z,,,,
2309,926,triage,failed,qwen3:14b,ollama-adapter-v2-no-thinking,taxonomy-v1-ollama-v12-saas-evidence-gate,feed_card,3,0,2026-08-29T07:18:29.617982Z,2026-08-29T07:18:29.934167Z,,,,
2310,927,triage,failed,qwen3:14b,ollama-adapter-v2-no-thinking,taxonomy-v1-ollama-v12-saas-evidence-gate,feed_card,3,0,2026-08-29T07:18:29.955871Z,2026-08-29T07:18:30.289330Z,,,,
2311,928,triage,failed,qwen3:14b,ollama-adapter-v2-no-thinking,taxonomy-v1-ollama-v12-saas-evidence-gate,feed_card,3,0,2026-08-29T07:18:30.307677Z,2026-08-29T07:18:30.635077Z,,,,
2312,929,triage,failed,qwen3:14b,ollama-adapter-v2-no-thinking,taxonomy-v1-ollama-v12-saas-evidence-gate,feed_card,3,0,2026-08-29T07:18:30.656500Z,2026-08-29T07:18:30.977604Z,,,,
2313,930,triage,failed,qwen3:14b,ollama-adapter-v2-no-thinking,taxonomy-v1-ollama-v12-saas-evidence-gate,feed_card,3,0,2026-08-29T07:18:30.995505Z,2026-08-29T07:18:31.328960Z,,,,
2314,931,triage,failed,qwen3:14b,ollama-adapter-v2-no-thinking,taxonomy-v1-ollama-v12-saas-evidence-gate,feed_card,3,0,2026-08-29T07:18:31.346110Z,2026-08-29T07:18:31.670552Z,,,,
2315,932,triage,failed,qwen3:14b,ollama-adapter-v2-no-thinking,taxonomy-v1-ollama-v12-saas-evidence-gate,feed_card,3,0,2026-08-29T07:18:31.689115Z,2026-08-29T07:18:32.025946Z,,,,
2316,933,triage,failed,qwen3:14b,ollama-adapter-v2-no-thinking,taxonomy-v1-ollama-v12-saas-evidence-gate,feed_card,3,0,2026-08-29T07:18:32.043901Z,2026-08-29T07:18:32.372196Z,,,,
2317,934,triage,failed,qwen3:14b,ollama-adapter-v2-no-thinking,taxonomy-v1-ollama-v12-saas-evidence-gate,feed_card,3,0,2026-08-29T07:18:32.388749Z,2026-08-29T07:18:32.715512Z,,,,
2318,935,triage,failed,qwen3:14b,ollama-adapter-v2-no-thinking,taxonomy-v1-ollama-v12-saas-evidence-gate,feed_card,3,0,2026-08-29T07:18:32.735084Z,2026-08-29T07:18:33.055681Z,,,,
2319,936,triage,failed,qwen3:14b,ollama-adapter-v2-no-thinking,taxonomy-v1-ollama-v12-saas-evidence-gate,feed_card,3,0,2026-08-29T07:18:33.084331Z,2026-08-29T07:18:33.406261Z,,,,
2320,937,triage,failed,qwen3:14b,ollama-adapter-v2-no-thinking,taxonomy-v1-ollama-v12-saas-evidence-gate,feed_card,3,0,2026-08-29T07:18:33.425417Z,2026-08-29T07:18:33.761062Z,,,,
2321,938,triage,failed,qwen3:14b,ollama-adapter-v2-no-thinking,taxonomy-v1-ollama-v12-saas-evidence-gate,feed_card,3,0,2026-08-29T07:18:33.777566Z,2026-08-29T07:18:34.095626Z,,,,
2322,939,triage,failed,qwen3:14b,ollama-adapter-v2-no-thinking,taxonomy-v1-ollama-v12-saas-evidence-gate,feed_card,3,0,2026-08-29T07:18:34.113458Z,2026-08-29T07:18:34.453517Z,,,,
2323,940,triage,failed,qwen3:14b,ollama-adapter-v2-no-thinking,taxonomy-v1-ollama-v12-saas-evidence-gate,feed_card,3,0,2026-08-29T07:18:34.471347Z,2026-08-29T07:18:34.799602Z,,,,
2324,941,triage,failed,qwen3:14b,ollama-adapter-v2-no-thinking,taxonomy-v1-ollama-v12-saas-evidence-gate,feed_card,2,0,2026-08-29T07:18:34.816898Z,2026-08-29T07:18:35.138816Z,,,,
2325,942,triage,failed,qwen3:14b,ollama-adapter-v2-no-thinking,taxonomy-v1-ollama-v12-saas-evidence-gate,feed_card,2,0,2026-08-29T07:18:35.160882Z,2026-08-29T07:18:35.488526Z,,,,
2326,943,triage,failed,qwen3:14b,ollama-adapter-v2-no-thinking,taxonomy-v1-ollama-v12-saas-evidence-gate,feed_card,2,0,2026-08-29T07:18:35.507286Z,2026-08-29T07:18:35.835276Z,,,,
2327,944,triage,failed,qwen3:14b,ollama-adapter-v2-no-thinking,taxonomy-v1-ollama-v12-saas-evidence-gate,feed_card,2,0,2026-08-29T07:18:35.854182Z,2026-08-29T07:18:36.174710Z,,,,
2328,941,triage,failed,qwen3:14b,ollama-adapter-v2-no-thinking,taxonomy-v1-ollama-v12-saas-evidence-gate,feed_card,3,0,2026-08-29T07:29:25.508334Z,2026-08-29T07:29:25.856928Z,,,,
2329,942,triage,failed,qwen3:14b,ollama-adapter-v2-no-thinking,taxonomy-v1-ollama-v12-saas-evidence-gate,feed_card,3,0,2026-08-29T07:29:25.941906Z,2026-08-29T07:29:26.283216Z,,,,
2330,943,triage,failed,qwen3:14b,ollama-adapter-v2-no-thinking,taxonomy-v1-ollama-v12-saas-evidence-gate,feed_card,3,0,2026-08-29T07:29:26.300982Z,2026-08-29T07:29:26.639290Z,,,,
2331,944,triage,failed,qwen3:14b,ollama-adapter-v2-no-thinking,taxonomy-v1-ollama-v12-saas-evidence-gate,feed_card,3,0,2026-08-29T07:29:26.657330Z,2026-08-29T07:29:26.982785Z,,,,
2332,945,triage,failed,qwen3:14b,ollama-adapter-v2-no-thinking,taxonomy-v1-ollama-v12-saas-evidence-gate,feed_card,1,0,2026-08-29T07:29:27.008690Z,2026-08-29T07:29:27.330923Z,,,,
2333,945,triage,failed,qwen3:14b,ollama-adapter-v2-no-thinking,taxonomy-v1-ollama-v12-saas-evidence-gate,feed_card,2,0,2026-08-29T07:41:25.447980Z,2026-08-29T07:41:25.779521Z,,,,
2334,945,triage,failed,qwen3:14b,ollama-adapter-v2-no-thinking,taxonomy-v1-ollama-v12-saas-evidence-gate,feed_card,3,0,2026-08-29T07:53:07.907647Z,2026-08-29T07:53:08.238397Z,,,,
2335,341,triage,succeeded,qwen3:14b,ollama-adapter-v3-gated-http-errors,taxonomy-v1-ollama-v12-saas-evidence-gate,feed_card,4,0,2026-08-29T08:56:02.726521Z,2026-08-29T08:57:41.974572Z,2405,133,99220603447,0
2336,747,triage,succeeded,qwen3:14b,ollama-adapter-v3-gated-http-errors,taxonomy-v1-ollama-v12-saas-evidence-gate,feed_card,4,0,2026-08-29T08:57:42.015353Z,2026-08-29T08:58:12.116438Z,2416,109,30073265411,0
2337,748,triage,succeeded,qwen3:14b,ollama-adapter-v3-gated-http-errors,taxonomy-v1-ollama-v12-saas-evidence-gate,feed_card,4,0,2026-08-29T08:58:12.139182Z,2026-08-29T08:58:37.524385Z,2362,93,25359280976,0
2338,749,triage,succeeded,qwen3:14b,ollama-adapter-v3-gated-http-errors,taxonomy-v1-ollama-v12-saas-evidence-gate,feed_card,4,0,2026-08-29T08:58:37.544162Z,2026-08-29T08:59:04.011148Z,2378,97,26433212483,0
2339,750,triage,succeeded,qwen3:14b,ollama-adapter-v3-gated-http-errors,taxonomy-v1-ollama-v12-saas-evidence-gate,feed_card,4,0,2026-08-29T08:59:04.032041Z,2026-08-29T08:59:40.600027Z,2454,131,36537478470,0
2340,751,triage,succeeded,qwen3:14b,ollama-adapter-v3-gated-http-errors,taxonomy-v1-ollama-v12-saas-evidence-gate,feed_card,4,0,2026-08-29T08:59:40.621513Z,2026-08-29T09:00:12.617289Z,2445,113,31969992024,0
2341,752,triage,succeeded,qwen3:14b,ollama-adapter-v3-gated-http-errors,taxonomy-v1-ollama-v12-saas-evidence-gate,feed_card,4,0,2026-08-29T09:00:12.637951Z,2026-08-29T09:00:45.535969Z,2388,123,32870586715,0
2342,753,triage,succeeded,qwen3:14b,ollama-adapter-v3-gated-http-errors,taxonomy-v1-ollama-v12-saas-evidence-gate,feed_card,4,0,2026-08-29T09:00:45.558473Z,2026-08-29T09:01:17.320278Z,2448,112,31716983109,0
2343,754,triage,succeeded,qwen3:14b,ollama-adapter-v3-gated-http-errors,taxonomy-v1-ollama-v12-saas-evidence-gate,feed_card,4,0,2026-08-29T09:01:17.343276Z,2026-08-29T09:02:02.927836Z,2430,172,45531407528,0
2344,755,triage,succeeded,qwen3:14b,ollama-adapter-v3-gated-http-errors,taxonomy-v1-ollama-v12-saas-evidence-gate,feed_card,4,0,2026-08-29T09:02:02.952020Z,2026-08-29T09:02:36.567833Z,2366,128,33589511523,0
2345,756,triage,succeeded,qwen3:14b,ollama-adapter-v3-gated-http-errors,taxonomy-v1-ollama-v12-saas-evidence-gate,feed_card,4,0,2026-08-29T09:02:36.587277Z,2026-08-29T09:03:02.946324Z,2363,98,26332099670,0
2346,757,triage,succeeded,qwen3:14b,ollama-adapter-v3-gated-http-errors,taxonomy-v1-ollama-v12-saas-evidence-gate,feed_card,4,0,2026-08-29T09:03:02.965008Z,2026-08-29T09:03:39.635783Z,2459,130,36642885051,0
2347,758,triage,succeeded,qwen3:14b,ollama-adapter-v3-gated-http-errors,taxonomy-v1-ollama-v12-saas-evidence-gate,feed_card,4,0,2026-08-29T09:03:39.698396Z,2026-08-29T09:04:15.139575Z,2377,135,35412177250,0
2348,759,triage,succeeded,qwen3:14b,ollama-adapter-v3-gated-http-errors,taxonomy-v1-ollama-v12-saas-evidence-gate,feed_card,4,0,2026-08-29T09:04:15.159027Z,2026-08-29T09:04:43.245911Z,2365,105,28060628008,0
2349,760,triage,succeeded,qwen3:14b,ollama-adapter-v3-gated-http-errors,taxonomy-v1-ollama-v12-saas-evidence-gate,feed_card,4,0,2026-08-29T09:04:43.269274Z,2026-08-29T09:05:11.904430Z,2371,107,28605688486,0
2350,761,triage,succeeded,qwen3:14b,ollama-adapter-v3-gated-http-errors,taxonomy-v1-ollama-v12-saas-evidence-gate,feed_card,4,0,2026-08-29T09:05:11.926672Z,2026-08-29T09:05:35.892683Z,2370,86,23937436580,0
2351,762,triage,failed,qwen3:14b,ollama-adapter-v3-gated-http-errors,taxonomy-v1-ollama-v12-saas-evidence-gate,feed_card,4,0,2026-08-29T09:05:35.917338Z,2026-08-29T09:09:57.202648Z,,,,
2352,762,triage,succeeded,qwen3:14b,ollama-adapter-v3-gated-http-errors,taxonomy-v1-ollama-v12-saas-evidence-gate,feed_card,5,0,2026-08-29T09:17:55.742792Z,2026-08-29T09:17:58.280119Z,2365,111,2509989529,0
2353,763,triage,succeeded,qwen3:14b,ollama-adapter-v3-gated-http-errors,taxonomy-v1-ollama-v12-saas-evidence-gate,feed_card,4,0,2026-08-29T09:17:58.315878Z,2026-08-29T09:18:00.592544Z,2435,155,2208000924,0
2354,764,triage,succeeded,qwen3:14b,ollama-adapter-v3-gated-http-errors,taxonomy-v1-ollama-v12-saas-evidence-gate,feed_card,4,0,2026-08-29T09:18:00.628723Z,2026-08-29T09:18:02.383757Z,2435,120,1722287329,0
2355,765,triage,succeeded,qwen3:14b,ollama-adapter-v3-gated-http-errors,taxonomy-v1-ollama-v12-saas-evidence-gate,feed_card,4,0,2026-08-29T09:18:02.414351Z,2026-08-29T09:18:03.900628Z,2372,102,1454735756,0
2356,766,triage,succeeded,qwen3:14b,ollama-adapter-v3-gated-http-errors,taxonomy-v1-ollama-v12-saas-evidence-gate,feed_card,4,0,2026-08-29T09:18:03.922769Z,2026-08-29T09:18:06.908596Z,2414,211,2957963504,0
2357,767,triage,succeeded,qwen3:14b,ollama-adapter-v3-gated-http-errors,taxonomy-v1-ollama-v12-saas-evidence-gate,feed_card,4,0,2026-08-29T09:18:06.936982Z,2026-08-29T09:18:09.435897Z,2421,173,2470634296,0
2358,768,triage,succeeded,qwen3:14b,ollama-adapter-v3-gated-http-errors,taxonomy-v1-ollama-v12-saas-evidence-gate,feed_card,4,0,2026-08-29T09:18:09.456880Z,2026-08-29T09:18:10.963061Z,2431,102,1478384115,0
2359,769,triage,succeeded,qwen3:14b,ollama-adapter-v3-gated-http-errors,taxonomy-v1-ollama-v12-saas-evidence-gate,feed_card,4,0,2026-08-29T09:18:10.989332Z,2026-08-29T09:18:13.834097Z,2422,199,2815178737,0
2360,770,triage,succeeded,qwen3:14b,ollama-adapter-v3-gated-http-errors,taxonomy-v1-ollama-v12-saas-evidence-gate,feed_card,4,0,2026-08-29T09:18:13.859861Z,2026-08-29T09:18:15.579536Z,2377,117,1686897493,0
2361,771,triage,succeeded,qwen3:14b,ollama-adapter-v3-gated-http-errors,taxonomy-v1-ollama-v12-saas-evidence-gate,feed_card,4,0,2026-08-29T09:18:15.609873Z,2026-08-29T09:18:17.416355Z,2432,118,1707207096,0
2362,772,triage,succeeded,qwen3:14b,ollama-adapter-v3-gated-http-errors,taxonomy-v1-ollama-v12-saas-evidence-gate,feed_card,4,0,2026-08-29T09:18:17.483205Z,2026-08-29T09:18:19.717841Z,2413,154,2205330698,0
2363,773,triage,succeeded,qwen3:14b,ollama-adapter-v3-gated-http-errors,taxonomy-v1-ollama-v12-saas-evidence-gate,feed_card,4,0,2026-08-29T09:18:19.740135Z,2026-08-29T09:18:21.623151Z,2404,129,1855139852,0
2364,774,triage,succeeded,qwen3:14b,ollama-adapter-v3-gated-http-errors,taxonomy-v1-ollama-v12-saas-evidence-gate,feed_card,4,0,2026-08-29T09:18:21.647196Z,2026-08-29T09:18:23.625308Z,2400,136,1951830842,0
2365,775,triage,succeeded,qwen3:14b,ollama-adapter-v3-gated-http-errors,taxonomy-v1-ollama-v12-saas-evidence-gate,feed_card,4,0,2026-08-29T09:18:23.645269Z,2026-08-29T09:18:25.811735Z,2427,149,2137451041,0
2366,776,triage,succeeded,qwen3:14b,ollama-adapter-v3-gated-http-errors,taxonomy-v1-ollama-v12-saas-evidence-gate,feed_card,4,0,2026-08-29T09:18:25.838371Z,2026-08-29T09:18:27.516720Z,2378,114,1651673212,0
2367,777,triage,succeeded,qwen3:14b,ollama-adapter-v3-gated-http-errors,taxonomy-v1-ollama-v12-saas-evidence-gate,feed_card,4,0,2026-08-29T09:18:27.536773Z,2026-08-29T09:18:30.161083Z,2446,180,2593702700,0
2368,778,triage,succeeded,qwen3:14b,ollama-adapter-v3-gated-http-errors,taxonomy-v1-ollama-v12-saas-evidence-gate,feed_card,4,0,2026-08-29T09:18:30.184558Z,2026-08-29T09:18:32.247978Z,2445,140,2034153565,0
2369,779,triage,succeeded,qwen3:14b,ollama-adapter-v3-gated-http-errors,taxonomy-v1-ollama-v12-saas-evidence-gate,feed_card,4,0,2026-08-29T09:18:32.279564Z,2026-08-29T09:18:33.740210Z,2422,98,1434552911,0
2370,780,triage,succeeded,qwen3:14b,ollama-adapter-v3-gated-http-errors,taxonomy-v1-ollama-v12-saas-evidence-gate,feed_card,4,0,2026-08-29T09:18:33.761133Z,2026-08-29T09:18:35.608349Z,2430,127,1819129429,0
2371,781,triage,succeeded,qwen3:14b,ollama-adapter-v3-gated-http-errors,taxonomy-v1-ollama-v12-saas-evidence-gate,feed_card,4,0,2026-08-29T09:18:35.636562Z,2026-08-29T09:18:37.256797Z,2369,111,1594649251,0
2372,782,triage,succeeded,qwen3:14b,ollama-adapter-v3-gated-http-errors,taxonomy-v1-ollama-v12-saas-evidence-gate,feed_card,4,0,2026-08-29T09:18:37.277506Z,2026-08-29T09:18:39.179566Z,2416,131,1875450488,0
2373,783,triage,succeeded,qwen3:14b,ollama-adapter-v3-gated-http-errors,taxonomy-v1-ollama-v12-saas-evidence-gate,feed_card,4,0,2026-08-29T09:18:39.198912Z,2026-08-29T09:18:41.409473Z,2421,153,2180561616,0
2374,784,triage,succeeded,qwen3:14b,ollama-adapter-v3-gated-http-errors,taxonomy-v1-ollama-v12-saas-evidence-gate,feed_card,4,0,2026-08-29T09:18:41.435831Z,2026-08-29T09:18:43.566312Z,2423,148,2104932215,0
2375,785,triage,succeeded,qwen3:14b,ollama-adapter-v3-gated-http-errors,taxonomy-v1-ollama-v12-saas-evidence-gate,feed_card,4,0,2026-08-29T09:18:43.588205Z,2026-08-29T09:18:45.412658Z,2410,125,1789979478,0
2376,786,triage,succeeded,qwen3:14b,ollama-adapter-v3-gated-http-errors,taxonomy-v1-ollama-v12-saas-evidence-gate,feed_card,4,0,2026-08-29T09:18:45.438774Z,2026-08-29T09:18:47.326610Z,2405,127,1817700711,0
2377,787,triage,succeeded,qwen3:14b,ollama-adapter-v3-gated-http-errors,taxonomy-v1-ollama-v12-saas-evidence-gate,feed_card,4,0,2026-08-29T09:18:47.362615Z,2026-08-29T09:18:50.736336Z,2421,238,3338309576,0
2378,788,triage,succeeded,qwen3:14b,ollama-adapter-v3-gated-http-errors,taxonomy-v1-ollama-v12-saas-evidence-gate,feed_card,4,0,2026-08-29T09:18:50.759287Z,2026-08-29T09:18:52.724862Z,2415,136,1935428696,0
2379,789,triage,succeeded,qwen3:14b,ollama-adapter-v3-gated-http-errors,taxonomy-v1-ollama-v12-saas-evidence-gate,feed_card,4,0,2026-08-29T09:18:52.745698Z,2026-08-29T09:18:54.479282Z,2390,120,1706998844,0
2380,790,triage,succeeded,qwen3:14b,ollama-adapter-v3-gated-http-errors,taxonomy-v1-ollama-v12-saas-evidence-gate,feed_card,4,0,2026-08-29T09:18:54.499643Z,2026-08-29T09:18:56.142042Z,2433,112,1616159373,0
2381,791,triage,succeeded,qwen3:14b,ollama-adapter-v3-gated-http-errors,taxonomy-v1-ollama-v12-saas-evidence-gate,feed_card,4,0,2026-08-29T09:18:56.163000Z,2026-08-29T09:18:58.306740Z,2418,149,2115670795,0
2382,792,triage,succeeded,qwen3:14b,ollama-adapter-v3-gated-http-errors,taxonomy-v1-ollama-v12-saas-evidence-gate,feed_card,4,0,2026-08-29T09:18:58.333507Z,2026-08-29T09:19:00.341801Z,2423,139,1979319095,0
2383,793,triage,succeeded,qwen3:14b,ollama-adapter-v3-gated-http-errors,taxonomy-v1-ollama-v12-saas-evidence-gate,feed_card,4,0,2026-08-29T09:19:00.363470Z,2026-08-29T09:19:02.514348Z,2423,149,2121051659,0
2384,794,triage,succeeded,qwen3:14b,ollama-adapter-v3-gated-http-errors,taxonomy-v1-ollama-v12-saas-evidence-gate,feed_card,4,0,2026-08-29T09:19:02.545993Z,2026-08-29T09:19:04.116147Z,2371,108,1542421625,0
2385,795,triage,succeeded,qwen3:14b,ollama-adapter-v3-gated-http-errors,taxonomy-v1-ollama-v12-saas-evidence-gate,feed_card,4,0,2026-08-29T09:19:04.143732Z,2026-08-29T09:19:06.805277Z,2427,184,2632287738,0
2386,796,triage,succeeded,qwen3:14b,ollama-adapter-v3-gated-http-errors,taxonomy-v1-ollama-v12-saas-evidence-gate,feed_card,4,0,2026-08-29T09:19:06.825582Z,2026-08-29T09:19:08.610590Z,2401,122,1759170400,0
2387,797,triage,succeeded,qwen3:14b,ollama-adapter-v3-gated-http-errors,taxonomy-v1-ollama-v12-saas-evidence-gate,feed_card,4,0,2026-08-29T09:19:08.632014Z,2026-08-29T09:19:10.441990Z,2430,123,1780954594,0
2388,798,triage,succeeded,qwen3:14b,ollama-adapter-v3-gated-http-errors,taxonomy-v1-ollama-v12-saas-evidence-gate,feed_card,4,0,2026-08-29T09:19:10.460246Z,2026-08-29T09:19:12.093912Z,2423,111,1607398544,0
2389,799,triage,succeeded,qwen3:14b,ollama-adapter-v3-gated-http-errors,taxonomy-v1-ollama-v12-saas-evidence-gate,feed_card,4,0,2026-08-29T09:19:12.115715Z,2026-08-29T09:19:14.954526Z,2444,198,2813605818,0
2390,800,triage,succeeded,qwen3:14b,ollama-adapter-v3-gated-http-errors,taxonomy-v1-ollama-v12-saas-evidence-gate,feed_card,4,0,2026-08-29T09:19:14.976698Z,2026-08-29T09:19:16.788798Z,2418,123,1786485012,0
2391,801,triage,succeeded,qwen3:14b,ollama-adapter-v3-gated-http-errors,taxonomy-v1-ollama-v12-saas-evidence-gate,feed_card,4,0,2026-08-29T09:19:16.807325Z,2026-08-29T09:19:18.838710Z,2424,140,1999597229,0
2392,802,triage,succeeded,qwen3:14b,ollama-adapter-v3-gated-http-errors,taxonomy-v1-ollama-v12-saas-evidence-gate,feed_card,4,0,2026-08-29T09:19:18.863526Z,2026-08-29T09:19:20.502897Z,2372,112,1613008568,0
2393,803,triage,succeeded,qwen3:14b,ollama-adapter-v3-gated-http-errors,taxonomy-v1-ollama-v12-saas-evidence-gate,feed_card,4,0,2026-08-29T09:19:20.536425Z,2026-08-29T09:19:22.334348Z,2424,123,1771724531,0
2394,804,triage,succeeded,qwen3:14b,ollama-adapter-v3-gated-http-errors,taxonomy-v1-ollama-v12-saas-evidence-gate,feed_card,4,0,2026-08-29T09:19:22.354899Z,2026-08-29T09:19:24.050488Z,2414,116,1670427639,0
2395,805,triage,succeeded,qwen3:14b,ollama-adapter-v3-gated-http-errors,taxonomy-v1-ollama-v12-saas-evidence-gate,feed_card,4,0,2026-08-29T09:19:24.069955Z,2026-08-29T09:19:25.726175Z,2422,112,1629555125,0
2396,806,triage,succeeded,qwen3:14b,ollama-adapter-v3-gated-http-errors,taxonomy-v1-ollama-v12-saas-evidence-gate,feed_card,4,0,2026-08-29T09:19:25.746086Z,2026-08-29T09:19:27.335359Z,2446,107,1563621750,0
2397,807,triage,succeeded,qwen3:14b,ollama-adapter-v3-gated-http-errors,taxonomy-v1-ollama-v12-saas-evidence-gate,feed_card,4,0,2026-08-29T09:19:27.355874Z,2026-08-29T09:19:29.917601Z,2437,178,2530965450,0
2398,808,triage,succeeded,qwen3:14b,ollama-adapter-v3-gated-http-errors,taxonomy-v1-ollama-v12-saas-evidence-gate,feed_card,4,0,2026-08-29T09:19:29.939738Z,2026-08-29T09:19:31.613964Z,2399,115,1647114843,0
2399,809,triage,succeeded,qwen3:14b,ollama-adapter-v3-gated-http-errors,taxonomy-v1-ollama-v12-saas-evidence-gate,feed_card,4,0,2026-08-29T09:19:31.635266Z,2026-08-29T09:19:33.364816Z,2381,119,1703735410,0
2400,810,triage,succeeded,qwen3:14b,ollama-adapter-v3-gated-http-errors,taxonomy-v1-ollama-v12-saas-evidence-gate,feed_card,4,0,2026-08-29T09:19:33.385279Z,2026-08-29T09:19:35.695526Z,2388,162,2274861863,0
2401,811,triage,succeeded,qwen3:14b,ollama-adapter-v3-gated-http-errors,taxonomy-v1-ollama-v12-saas-evidence-gate,feed_card,4,0,2026-08-29T09:19:35.715402Z,2026-08-29T09:19:37.469600Z,2378,121,1729103519,0
2402,812,triage,succeeded,qwen3:14b,ollama-adapter-v3-gated-http-errors,taxonomy-v1-ollama-v12-saas-evidence-gate,feed_card,4,0,2026-08-29T09:19:37.491009Z,2026-08-29T09:19:38.966131Z,2364,102,1446734096,0
2403,813,triage,succeeded,qwen3:14b,ollama-adapter-v3-gated-http-errors,taxonomy-v1-ollama-v12-saas-evidence-gate,feed_card,4,0,2026-08-29T09:19:38.987963Z,2026-08-29T09:19:41.031882Z,2380,142,2017502210,0
2404,814,triage,succeeded,qwen3:14b,ollama-adapter-v3-gated-http-errors,taxonomy-v1-ollama-v12-saas-evidence-gate,feed_card,4,0,2026-08-29T09:19:41.051501Z,2026-08-29T09:19:42.966266Z,2394,133,1884677319,0
2405,815,triage,succeeded,qwen3:14b,ollama-adapter-v3-gated-http-errors,taxonomy-v1-ollama-v12-saas-evidence-gate,feed_card,4,0,2026-08-29T09:19:42.986576Z,2026-08-29T09:19:44.553747Z,2436,106,1539039187,0
2406,816,triage,succeeded,qwen3:14b,ollama-adapter-v3-gated-http-errors,taxonomy-v1-ollama-v12-saas-evidence-gate,feed_card,4,0,2026-08-29T09:19:44.584776Z,2026-08-29T09:19:46.298975Z,2375,117,1679858209,0
2407,817,triage,succeeded,qwen3:14b,ollama-adapter-v3-gated-http-errors,taxonomy-v1-ollama-v12-saas-evidence-gate,feed_card,4,0,2026-08-29T09:19:46.355233Z,2026-08-29T09:19:47.958119Z,2362,110,1564447200,0
2408,818,triage,succeeded,qwen3:14b,ollama-adapter-v3-gated-http-errors,taxonomy-v1-ollama-v12-saas-evidence-gate,feed_card,4,0,2026-08-29T09:19:47.996924Z,2026-08-29T09:19:49.734071Z,2431,119,1709837880,0
2409,819,triage,succeeded,qwen3:14b,ollama-adapter-v3-gated-http-errors,taxonomy-v1-ollama-v12-saas-evidence-gate,feed_card,4,0,2026-08-29T09:19:49.806958Z,2026-08-29T09:19:52.051112Z,2417,155,2211568793,0
2410,820,triage,succeeded,qwen3:14b,ollama-adapter-v3-gated-http-errors,taxonomy-v1-ollama-v12-saas-evidence-gate,feed_card,4,0,2026-08-29T09:19:52.074175Z,2026-08-29T09:19:54.194449Z,2421,144,2087942442,0
2411,821,triage,succeeded,qwen3:14b,ollama-adapter-v3-gated-http-errors,taxonomy-v1-ollama-v12-saas-evidence-gate,feed_card,4,0,2026-08-29T09:19:54.217952Z,2026-08-29T09:19:56.527470Z,2436,154,2278981044,0
2412,822,triage,succeeded,qwen3:14b,ollama-adapter-v3-gated-http-errors,taxonomy-v1-ollama-v12-saas-evidence-gate,feed_card,4,0,2026-08-29T09:19:56.551181Z,2026-08-29T09:19:58.581843Z,2422,133,2004444760,0
2413,823,triage,succeeded,qwen3:14b,ollama-adapter-v3-gated-http-errors,taxonomy-v1-ollama-v12-saas-evidence-gate,feed_card,4,0,2026-08-29T09:19:58.602896Z,2026-08-29T09:20:00.182412Z,2376,105,1554188758,0
2414,824,triage,succeeded,qwen3:14b,ollama-adapter-v3-gated-http-errors,taxonomy-v1-ollama-v12-saas-evidence-gate,feed_card,4,0,2026-08-29T09:20:00.214075Z,2026-08-29T09:20:01.562171Z,2433,87,1322020809,0
2415,825,triage,succeeded,qwen3:14b,ollama-adapter-v3-gated-http-errors,taxonomy-v1-ollama-v12-saas-evidence-gate,feed_card,4,0,2026-08-29T09:20:01.582255Z,2026-08-29T09:20:03.410444Z,2432,125,1801304887,0
2416,826,triage,succeeded,qwen3:14b,ollama-adapter-v3-gated-http-errors,taxonomy-v1-ollama-v12-saas-evidence-gate,feed_card,4,0,2026-08-29T09:20:03.429241Z,2026-08-29T09:20:05.590429Z,2383,147,2131858872,0
2417,827,triage,succeeded,qwen3:14b,ollama-adapter-v3-gated-http-errors,taxonomy-v1-ollama-v12-saas-evidence-gate,feed_card,4,0,2026-08-29T09:20:05.611407Z,2026-08-29T09:20:07.416635Z,2429,122,1777194855,0
2418,828,triage,succeeded,qwen3:14b,ollama-adapter-v3-gated-http-errors,taxonomy-v1-ollama-v12-saas-evidence-gate,feed_card,4,0,2026-08-29T09:20:07.437357Z,2026-08-29T09:20:09.068971Z,2386,111,1594095054,0
2419,829,triage,succeeded,qwen3:14b,ollama-adapter-v3-gated-http-errors,taxonomy-v1-ollama-v12-saas-evidence-gate,feed_card,4,0,2026-08-29T09:20:09.099147Z,2026-08-29T09:20:11.454237Z,2385,163,2324143783,0
2420,830,triage,succeeded,qwen3:14b,ollama-adapter-v3-gated-http-errors,taxonomy-v1-ollama-v12-saas-evidence-gate,feed_card,4,0,2026-08-29T09:20:11.505127Z,2026-08-29T09:20:13.374089Z,2399,125,1793396295,0
2421,831,triage,succeeded,qwen3:14b,ollama-adapter-v3-gated-http-errors,taxonomy-v1-ollama-v12-saas-evidence-gate,feed_card,4,0,2026-08-29T09:20:13.505905Z,2026-08-29T09:20:15.231209Z,2424,116,1678174263,0
2422,832,triage,succeeded,qwen3:14b,ollama-adapter-v3-gated-http-errors,taxonomy-v1-ollama-v12-saas-evidence-gate,feed_card,4,0,2026-08-29T09:20:15.256198Z,2026-08-29T09:20:18.565692Z,2429,232,3279901166,0
2423,833,triage,succeeded,qwen3:14b,ollama-adapter-v3-gated-http-errors,taxonomy-v1-ollama-v12-saas-evidence-gate,feed_card,4,0,2026-08-29T09:20:18.586471Z,2026-08-29T09:20:20.131045Z,2362,106,1512198643,0
2424,834,triage,succeeded,qwen3:14b,ollama-adapter-v3-gated-http-errors,taxonomy-v1-ollama-v12-saas-evidence-gate,feed_card,4,0,2026-08-29T09:20:20.152263Z,2026-08-29T09:20:21.769554Z,2369,110,1591669836,0
2425,835,triage,succeeded,qwen3:14b,ollama-adapter-v3-gated-http-errors,taxonomy-v1-ollama-v12-saas-evidence-gate,feed_card,4,0,2026-08-29T09:20:21.791326Z,2026-08-29T09:20:23.920573Z,2431,145,2098799666,0
2426,836,triage,succeeded,qwen3:14b,ollama-adapter-v3-gated-http-errors,taxonomy-v1-ollama-v12-saas-evidence-gate,feed_card,4,0,2026-08-29T09:20:23.943795Z,2026-08-29T09:20:25.702385Z,2430,119,1727231963,0
2427,837,triage,succeeded,qwen3:14b,ollama-adapter-v3-gated-http-errors,taxonomy-v1-ollama-v12-saas-evidence-gate,feed_card,4,0,2026-08-29T09:20:25.729394Z,2026-08-29T09:20:27.980642Z,2414,156,2225202157,0
2428,838,triage,succeeded,qwen3:14b,ollama-adapter-v3-gated-http-errors,taxonomy-v1-ollama-v12-saas-evidence-gate,feed_card,4,0,2026-08-29T09:20:28.000101Z,2026-08-29T09:20:29.894921Z,2388,131,1867224894,0
2429,839,triage,succeeded,qwen3:14b,ollama-adapter-v3-gated-http-errors,taxonomy-v1-ollama-v12-saas-evidence-gate,feed_card,4,0,2026-08-29T09:20:29.920730Z,2026-08-29T09:20:31.628865Z,2393,117,1679925659,0
2430,840,triage,succeeded,qwen3:14b,ollama-adapter-v3-gated-http-errors,taxonomy-v1-ollama-v12-saas-evidence-gate,feed_card,4,0,2026-08-29T09:20:31.647911Z,2026-08-29T09:20:33.137385Z,2361,102,1461124791,0
2431,841,triage,succeeded,qwen3:14b,ollama-adapter-v3-gated-http-errors,taxonomy-v1-ollama-v12-saas-evidence-gate,feed_card,4,0,2026-08-29T09:20:33.158392Z,2026-08-29T09:20:34.874986Z,2472,115,1688201917,0
2432,842,triage,succeeded,qwen3:14b,ollama-adapter-v3-gated-http-errors,taxonomy-v1-ollama-v12-saas-evidence-gate,feed_card,4,0,2026-08-29T09:20:34.895574Z,2026-08-29T09:20:36.792891Z,2380,131,1871385100,0
2433,843,triage,succeeded,qwen3:14b,ollama-adapter-v3-gated-http-errors,taxonomy-v1-ollama-v12-saas-evidence-gate,feed_card,4,0,2026-08-29T09:20:36.816312Z,2026-08-29T09:20:38.677564Z,2404,127,1832715309,0
2434,844,triage,succeeded,qwen3:14b,ollama-adapter-v3-gated-http-errors,taxonomy-v1-ollama-v12-saas-evidence-gate,feed_card,4,0,2026-08-29T09:20:38.699203Z,2026-08-29T09:20:40.566379Z,2438,125,1841688470,0
2435,845,triage,succeeded,qwen3:14b,ollama-adapter-v3-gated-http-errors,taxonomy-v1-ollama-v12-saas-evidence-gate,feed_card,4,0,2026-08-29T09:20:40.588802Z,2026-08-29T09:20:42.269061Z,2389,115,1654094079,0
2436,846,triage,succeeded,qwen3:14b,ollama-adapter-v3-gated-http-errors,taxonomy-v1-ollama-v12-saas-evidence-gate,feed_card,4,0,2026-08-29T09:20:42.301141Z,2026-08-29T09:20:44.701981Z,2418,165,2369721272,0
2437,847,triage,succeeded,qwen3:14b,ollama-adapter-v3-gated-http-errors,taxonomy-v1-ollama-v12-saas-evidence-gate,feed_card,4,0,2026-08-29T09:20:44.752375Z,2026-08-29T09:20:46.426362Z,2393,114,1649125066,0
2438,848,triage,succeeded,qwen3:14b,ollama-adapter-v3-gated-http-errors,taxonomy-v1-ollama-v12-saas-evidence-gate,feed_card,4,0,2026-08-29T09:20:46.456262Z,2026-08-29T09:20:48.226101Z,2478,118,1742804635,0
2439,849,triage,succeeded,qwen3:14b,ollama-adapter-v3-gated-http-errors,taxonomy-v1-ollama-v12-saas-evidence-gate,feed_card,4,0,2026-08-29T09:20:48.247385Z,2026-08-29T09:20:49.991563Z,2378,119,1719473368,0
2440,850,triage,succeeded,qwen3:14b,ollama-adapter-v3-gated-http-errors,taxonomy-v1-ollama-v12-saas-evidence-gate,feed_card,4,0,2026-08-29T09:20:50.012903Z,2026-08-29T09:20:52.191975Z,2390,150,2152727343,0
2441,851,triage,succeeded,qwen3:14b,ollama-adapter-v3-gated-http-errors,taxonomy-v1-ollama-v12-saas-evidence-gate,feed_card,4,0,2026-08-29T09:20:52.215721Z,2026-08-29T09:20:53.792043Z,2419,107,1549028808,0
2442,852,triage,succeeded,qwen3:14b,ollama-adapter-v3-gated-http-errors,taxonomy-v1-ollama-v12-saas-evidence-gate,feed_card,4,0,2026-08-29T09:20:53.814144Z,2026-08-29T09:20:55.590376Z,2438,120,1749670835,0
2443,853,triage,succeeded,qwen3:14b,ollama-adapter-v3-gated-http-errors,taxonomy-v1-ollama-v12-saas-evidence-gate,feed_card,4,0,2026-08-29T09:20:55.613298Z,2026-08-29T09:20:57.653642Z,2420,139,2012918932,0
2444,854,triage,succeeded,qwen3:14b,ollama-adapter-v3-gated-http-errors,taxonomy-v1-ollama-v12-saas-evidence-gate,feed_card,4,0,2026-08-29T09:20:57.685668Z,2026-08-29T09:20:59.571863Z,2429,128,1858759126,0
2445,855,triage,succeeded,qwen3:14b,ollama-adapter-v3-gated-http-errors,taxonomy-v1-ollama-v12-saas-evidence-gate,feed_card,4,0,2026-08-29T09:20:59.593056Z,2026-08-29T09:21:01.339213Z,2456,118,1719398268,0
2446,856,triage,succeeded,qwen3:14b,ollama-adapter-v3-gated-http-errors,taxonomy-v1-ollama-v12-saas-evidence-gate,feed_card,4,0,2026-08-29T09:21:01.360175Z,2026-08-29T09:21:03.261171Z,2417,130,1874678872,0
2447,857,triage,succeeded,qwen3:14b,ollama-adapter-v3-gated-http-errors,taxonomy-v1-ollama-v12-saas-evidence-gate,feed_card,4,0,2026-08-29T09:21:03.281367Z,2026-08-29T09:21:05.094440Z,2443,123,1786663307,0
2448,858,triage,succeeded,qwen3:14b,ollama-adapter-v3-gated-http-errors,taxonomy-v1-ollama-v12-saas-evidence-gate,feed_card,4,0,2026-08-29T09:21:05.117888Z,2026-08-29T09:21:06.959765Z,2435,126,1815372583,0
2449,859,triage,succeeded,qwen3:14b,ollama-adapter-v3-gated-http-errors,taxonomy-v1-ollama-v12-saas-evidence-gate,feed_card,4,0,2026-08-29T09:21:06.979421Z,2026-08-29T09:21:08.450516Z,2391,99,1440853745,0
2450,860,triage,succeeded,qwen3:14b,ollama-adapter-v3-gated-http-errors,taxonomy-v1-ollama-v12-saas-evidence-gate,feed_card,4,0,2026-08-29T09:21:08.471052Z,2026-08-29T09:21:10.779963Z,2386,161,2275974840,0
2451,861,triage,succeeded,qwen3:14b,ollama-adapter-v3-gated-http-errors,taxonomy-v1-ollama-v12-saas-evidence-gate,feed_card,4,0,2026-08-29T09:21:10.802520Z,2026-08-29T09:21:12.312901Z,2372,103,1482985496,0
2452,236,verification,succeeded,qwen3:8b,ollama-adapter-v3-gated-http-errors,taxonomy-v1-ollama-v12-saas-evidence-gate,thread,4,0,2026-08-29T09:21:12.369550Z,2026-08-29T09:21:20.079856Z,2050,281,7671526417,20
2453,656,verification,failed,qwen3:8b,ollama-adapter-v3-gated-http-errors,taxonomy-v1-ollama-v12-saas-evidence-gate,thread,4,0,2026-08-29T09:21:20.099267Z,2026-08-29T09:21:24.510266Z,,,,
2454,754,verification,succeeded,qwen3:8b,ollama-adapter-v3-gated-http-errors,taxonomy-v1-ollama-v12-saas-evidence-gate,feed_card,1,0,2026-08-29T09:21:24.531488Z,2026-08-29T09:21:26.061528Z,2430,82,1503249567,0
2455,758,verification,succeeded,qwen3:8b,ollama-adapter-v3-gated-http-errors,taxonomy-v1-ollama-v12-saas-evidence-gate,feed_card,1,0,2026-08-29T09:21:26.083213Z,2026-08-29T09:21:27.187585Z,2377,116,1076575796,0
2456,766,verification,succeeded,qwen3:8b,ollama-adapter-v3-gated-http-errors,taxonomy-v1-ollama-v12-saas-evidence-gate,feed_card,1,0,2026-08-29T09:21:27.221534Z,2026-08-29T09:21:28.686530Z,2414,157,1436000788,0
2457,767,verification,succeeded,qwen3:8b,ollama-adapter-v3-gated-http-errors,taxonomy-v1-ollama-v12-saas-evidence-gate,feed_card,1,0,2026-08-29T09:21:28.720753Z,2026-08-29T09:21:30.050438Z,2421,145,1294938040,0
2458,769,verification,succeeded,qwen3:8b,ollama-adapter-v3-gated-http-errors,taxonomy-v1-ollama-v12-saas-evidence-gate,feed_card,1,0,2026-08-29T09:21:30.130234Z,2026-08-29T09:21:31.486053Z,2422,146,1315523066,0
2459,772,verification,succeeded,qwen3:8b,ollama-adapter-v3-gated-http-errors,taxonomy-v1-ollama-v12-saas-evidence-gate,feed_card,1,0,2026-08-29T09:21:31.513249Z,2026-08-29T09:21:33.171577Z,2413,182,1616181075,0
2460,775,verification,succeeded,qwen3:8b,ollama-adapter-v3-gated-http-errors,taxonomy-v1-ollama-v12-saas-evidence-gate,feed_card,1,0,2026-08-29T09:21:33.205259Z,2026-08-29T09:21:34.169783Z,2427,103,938211014,0
2461,777,verification,succeeded,qwen3:8b,ollama-adapter-v3-gated-http-errors,taxonomy-v1-ollama-v12-saas-evidence-gate,feed_card,1,0,2026-08-29T09:21:34.191558Z,2026-08-29T09:21:35.222501Z,2446,108,1004038103,0
2462,778,verification,succeeded,qwen3:8b,ollama-adapter-v3-gated-http-errors,taxonomy-v1-ollama-v12-saas-evidence-gate,feed_card,1,0,2026-08-29T09:21:35.246458Z,2026-08-29T09:21:36.416806Z,2445,125,1140128086,0
2463,783,verification,succeeded,qwen3:8b,ollama-adapter-v3-gated-http-errors,taxonomy-v1-ollama-v12-saas-evidence-gate,feed_card,1,0,2026-08-29T09:21:36.436975Z,2026-08-29T09:21:38.023540Z,2421,175,1552226358,0
2464,787,verification,succeeded,qwen3:8b,ollama-adapter-v3-gated-http-errors,taxonomy-v1-ollama-v12-saas-evidence-gate,feed_card,1,0,2026-08-29T09:21:38.046134Z,2026-08-29T09:21:39.335249Z,2421,140,1258657917,0
2465,788,verification,succeeded,qwen3:8b,ollama-adapter-v3-gated-http-errors,taxonomy-v1-ollama-v12-saas-evidence-gate,feed_card,1,0,2026-08-29T09:21:39.353270Z,2026-08-29T09:21:40.743995Z,2415,149,1355362278,0
2466,791,verification,succeeded,qwen3:8b,ollama-adapter-v3-gated-http-errors,taxonomy-v1-ollama-v12-saas-evidence-gate,feed_card,1,0,2026-08-29T09:21:40.767187Z,2026-08-29T09:21:42.202650Z,2418,158,1406155201,0
2467,792,verification,succeeded,qwen3:8b,ollama-adapter-v3-gated-http-errors,taxonomy-v1-ollama-v12-saas-evidence-gate,feed_card,1,0,2026-08-29T09:21:42.223854Z,2026-08-29T09:21:43.515887Z,2423,140,1261240125,0
2468,793,verification,succeeded,qwen3:8b,ollama-adapter-v3-gated-http-errors,taxonomy-v1-ollama-v12-saas-evidence-gate,feed_card,1,0,2026-08-29T09:21:43.536401Z,2026-08-29T09:21:44.548200Z,2423,108,980193616,0
2469,795,verification,succeeded,qwen3:8b,ollama-adapter-v3-gated-http-errors,taxonomy-v1-ollama-v12-saas-evidence-gate,feed_card,1,0,2026-08-29T09:21:44.569432Z,2026-08-29T09:21:45.930778Z,2427,147,1322280660,0
2470,797,verification,succeeded,qwen3:8b,ollama-adapter-v3-gated-http-errors,taxonomy-v1-ollama-v12-saas-evidence-gate,feed_card,1,0,2026-08-29T09:21:45.953261Z,2026-08-29T09:21:47.529163Z,2430,169,1545946332,0
2471,801,verification,succeeded,qwen3:8b,ollama-adapter-v3-gated-http-errors,taxonomy-v1-ollama-v12-saas-evidence-gate,feed_card,1,0,2026-08-29T09:21:47.589827Z,2026-08-29T09:21:49.144182Z,2424,167,1527879203,0
2472,807,verification,succeeded,qwen3:8b,ollama-adapter-v3-gated-http-errors,taxonomy-v1-ollama-v12-saas-evidence-gate,feed_card,1,0,2026-08-29T09:21:49.168374Z,2026-08-29T09:21:50.543980Z,2437,144,1333095432,0
2473,814,verification,succeeded,qwen3:8b,ollama-adapter-v3-gated-http-errors,taxonomy-v1-ollama-v12-saas-evidence-gate,feed_card,1,0,2026-08-29T09:21:50.566521Z,2026-08-29T09:21:51.641206Z,2394,106,999860163,0
2474,816,verification,succeeded,qwen3:8b,ollama-adapter-v3-gated-http-errors,taxonomy-v1-ollama-v12-saas-evidence-gate,feed_card,1,0,2026-08-29T09:21:51.824243Z,2026-08-29T09:21:53.076750Z,2375,133,1212601504,0
2475,819,verification,succeeded,qwen3:8b,ollama-adapter-v3-gated-http-errors,taxonomy-v1-ollama-v12-saas-evidence-gate,feed_card,1,0,2026-08-29T09:21:53.104298Z,2026-08-29T09:21:54.391458Z,2417,140,1258265523,0
2476,820,verification,succeeded,qwen3:8b,ollama-adapter-v3-gated-http-errors,taxonomy-v1-ollama-v12-saas-evidence-gate,feed_card,1,0,2026-08-29T09:21:54.412480Z,2026-08-29T09:21:55.822107Z,2421,152,1382831303,0
2477,821,verification,succeeded,qwen3:8b,ollama-adapter-v3-gated-http-errors,taxonomy-v1-ollama-v12-saas-evidence-gate,feed_card,1,0,2026-08-29T09:21:55.842817Z,2026-08-29T09:21:56.835858Z,2436,103,967525624,0
2478,826,verification,succeeded,qwen3:8b,ollama-adapter-v3-gated-http-errors,taxonomy-v1-ollama-v12-saas-evidence-gate,feed_card,1,0,2026-08-29T09:21:56.855057Z,2026-08-29T09:21:58.203649Z,2383,145,1318784674,0
2479,829,verification,succeeded,qwen3:8b,ollama-adapter-v3-gated-http-errors,taxonomy-v1-ollama-v12-saas-evidence-gate,feed_card,1,0,2026-08-29T09:21:58.224045Z,2026-08-29T09:21:59.898413Z,2385,181,1637431448,0
2480,830,verification,succeeded,qwen3:8b,ollama-adapter-v3-gated-http-errors,taxonomy-v1-ollama-v12-saas-evidence-gate,feed_card,1,0,2026-08-29T09:21:59.920901Z,2026-08-29T09:22:01.128445Z,2399,130,1175762725,0
2481,841,verification,succeeded,qwen3:8b,ollama-adapter-v3-gated-http-errors,taxonomy-v1-ollama-v12-saas-evidence-gate,feed_card,1,0,2026-08-29T09:22:01.149051Z,2026-08-29T09:22:02.329528Z,2472,126,1152417141,0
2482,846,verification,succeeded,qwen3:8b,ollama-adapter-v3-gated-http-errors,taxonomy-v1-ollama-v12-saas-evidence-gate,feed_card,1,0,2026-08-29T09:22:02.349970Z,2026-08-29T09:22:03.493518Z,2418,124,1116309005,0
2483,860,verification,succeeded,qwen3:8b,ollama-adapter-v3-gated-http-errors,taxonomy-v1-ollama-v12-saas-evidence-gate,feed_card,1,0,2026-08-29T09:22:03.516933Z,2026-08-29T09:22:04.614150Z,2386,119,1066768686,0
2484,862,verification,succeeded,qwen3:8b,ollama-adapter-v3-gated-http-errors,taxonomy-v1-ollama-v12-saas-evidence-gate,feed_card,1,0,2026-08-29T09:22:04.634521Z,2026-08-29T09:22:06.206782Z,2419,171,1544068477,0
2485,863,verification,succeeded,qwen3:8b,ollama-adapter-v3-gated-http-errors,taxonomy-v1-ollama-v12-saas-evidence-gate,feed_card,1,0,2026-08-29T09:22:06.229217Z,2026-08-29T09:22:07.511225Z,2426,139,1252815500,0
2486,864,verification,succeeded,qwen3:8b,ollama-adapter-v3-gated-http-errors,taxonomy-v1-ollama-v12-saas-evidence-gate,feed_card,1,0,2026-08-29T09:22:07.535620Z,2026-08-29T09:22:09.296643Z,2421,196,1735749437,0
2487,865,verification,succeeded,qwen3:8b,ollama-adapter-v3-gated-http-errors,taxonomy-v1-ollama-v12-saas-evidence-gate,feed_card,1,0,2026-08-29T09:22:09.317237Z,2026-08-29T09:22:10.608724Z,2425,138,1263836013,0
2488,866,verification,succeeded,qwen3:8b,ollama-adapter-v3-gated-http-errors,taxonomy-v1-ollama-v12-saas-evidence-gate,feed_card,1,0,2026-08-29T09:22:10.630089Z,2026-08-29T09:22:11.595340Z,2413,101,938876661,0
2489,867,verification,succeeded,qwen3:8b,ollama-adapter-v3-gated-http-errors,taxonomy-v1-ollama-v12-saas-evidence-gate,feed_card,1,0,2026-08-29T09:22:11.616078Z,2026-08-29T09:22:12.900000Z,2391,141,1256428576,0
2490,868,verification,succeeded,qwen3:8b,ollama-adapter-v3-gated-http-errors,taxonomy-v1-ollama-v12-saas-evidence-gate,feed_card,1,0,2026-08-29T09:22:12.943681Z,2026-08-29T09:22:14.209034Z,2406,137,1231822631,0
2491,869,verification,succeeded,qwen3:8b,ollama-adapter-v3-gated-http-errors,taxonomy-v1-ollama-v12-saas-evidence-gate,feed_card,1,0,2026-08-29T09:22:14.255578Z,2026-08-29T09:22:15.577064Z,2401,144,1284853294,0
2492,870,verification,succeeded,qwen3:8b,ollama-adapter-v3-gated-http-errors,taxonomy-v1-ollama-v12-saas-evidence-gate,feed_card,1,0,2026-08-29T09:22:15.596936Z,2026-08-29T09:22:16.634910Z,2398,111,996158031,0
2493,871,verification,succeeded,qwen3:8b,ollama-adapter-v3-gated-http-errors,taxonomy-v1-ollama-v12-saas-evidence-gate,feed_card,1,0,2026-08-29T09:22:16.675675Z,2026-08-29T09:22:17.874449Z,2447,128,1165575041,0
2494,872,verification,succeeded,qwen3:8b,ollama-adapter-v3-gated-http-errors,taxonomy-v1-ollama-v12-saas-evidence-gate,feed_card,1,0,2026-08-29T09:22:17.912978Z,2026-08-29T09:22:19.067288Z,2388,124,1117290693,0
2495,873,verification,succeeded,qwen3:8b,ollama-adapter-v3-gated-http-errors,taxonomy-v1-ollama-v12-saas-evidence-gate,feed_card,1,0,2026-08-29T09:22:19.102178Z,2026-08-29T09:22:20.664943Z,2428,168,1536050496,0
2496,874,verification,succeeded,qwen3:8b,ollama-adapter-v3-gated-http-errors,taxonomy-v1-ollama-v12-saas-evidence-gate,feed_card,1,0,2026-08-29T09:22:20.769496Z,2026-08-29T09:22:22.140911Z,2425,148,1341760967,0
2497,875,verification,succeeded,qwen3:8b,ollama-adapter-v3-gated-http-errors,taxonomy-v1-ollama-v12-saas-evidence-gate,feed_card,1,0,2026-08-29T09:22:22.162225Z,2026-08-29T09:22:23.433522Z,2421,139,1244803499,0
2498,876,verification,succeeded,qwen3:8b,ollama-adapter-v3-gated-http-errors,taxonomy-v1-ollama-v12-saas-evidence-gate,feed_card,1,0,2026-08-29T09:22:23.462033Z,2026-08-29T09:22:24.988205Z,2409,166,1490177541,0
2499,877,verification,succeeded,qwen3:8b,ollama-adapter-v3-gated-http-errors,taxonomy-v1-ollama-v12-saas-evidence-gate,feed_card,1,0,2026-08-29T09:22:25.009911Z,2026-08-29T09:22:26.287457Z,2438,136,1251166511,0
2500,878,verification,succeeded,qwen3:8b,ollama-adapter-v3-gated-http-errors,taxonomy-v1-ollama-v12-saas-evidence-gate,feed_card,1,0,2026-08-29T09:22:26.310942Z,2026-08-29T09:22:27.784757Z,2426,157,1442290311,0
2501,879,verification,succeeded,qwen3:8b,ollama-adapter-v3-gated-http-errors,taxonomy-v1-ollama-v12-saas-evidence-gate,feed_card,1,0,2026-08-29T09:22:27.806797Z,2026-08-29T09:22:29.153454Z,2425,144,1319292653,0
2502,880,verification,succeeded,qwen3:8b,ollama-adapter-v3-gated-http-errors,taxonomy-v1-ollama-v12-saas-evidence-gate,feed_card,1,0,2026-08-29T09:22:29.173966Z,2026-08-29T09:22:30.428955Z,2426,135,1225887615,0
2503,881,verification,succeeded,qwen3:8b,ollama-adapter-v3-gated-http-errors,taxonomy-v1-ollama-v12-saas-evidence-gate,feed_card,1,0,2026-08-29T09:22:30.453856Z,2026-08-29T09:22:31.293771Z,2363,89,812419896,0
2504,882,verification,succeeded,qwen3:8b,ollama-adapter-v3-gated-http-errors,taxonomy-v1-ollama-v12-saas-evidence-gate,feed_card,1,0,2026-08-29T09:22:31.313294Z,2026-08-29T09:22:32.420355Z,2398,119,1077306062,0
2505,883,verification,succeeded,qwen3:8b,ollama-adapter-v3-gated-http-errors,taxonomy-v1-ollama-v12-saas-evidence-gate,feed_card,1,0,2026-08-29T09:22:32.446933Z,2026-08-29T09:22:33.283469Z,2366,86,809662637,0
2506,884,verification,succeeded,qwen3:8b,ollama-adapter-v3-gated-http-errors,taxonomy-v1-ollama-v12-saas-evidence-gate,feed_card,1,0,2026-08-29T09:22:33.306709Z,2026-08-29T09:22:34.858725Z,2470,166,1522304895,0
2507,885,verification,succeeded,qwen3:8b,ollama-adapter-v3-gated-http-errors,taxonomy-v1-ollama-v12-saas-evidence-gate,feed_card,1,0,2026-08-29T09:22:34.881788Z,2026-08-29T09:22:36.633635Z,2423,192,1720832534,0
2508,886,verification,succeeded,qwen3:8b,ollama-adapter-v3-gated-http-errors,taxonomy-v1-ollama-v12-saas-evidence-gate,feed_card,1,0,2026-08-29T09:22:36.655692Z,2026-08-29T09:22:38.109831Z,2404,160,1428115029,0
2509,887,verification,succeeded,qwen3:8b,ollama-adapter-v3-gated-http-errors,taxonomy-v1-ollama-v12-saas-evidence-gate,feed_card,1,0,2026-08-29T09:22:38.132109Z,2026-08-29T09:22:39.285455Z,2372,124,1116715651,0
2510,888,verification,succeeded,qwen3:8b,ollama-adapter-v3-gated-http-errors,taxonomy-v1-ollama-v12-saas-evidence-gate,feed_card,1,0,2026-08-29T09:22:39.305436Z,2026-08-29T09:22:40.706704Z,2376,151,1374010822,0
2511,889,verification,succeeded,qwen3:8b,ollama-adapter-v3-gated-http-errors,taxonomy-v1-ollama-v12-saas-evidence-gate,feed_card,1,0,2026-08-29T09:22:40.727648Z,2026-08-29T09:22:42.393359Z,2476,182,1638963203,0
2512,890,verification,succeeded,qwen3:8b,ollama-adapter-v3-gated-http-errors,taxonomy-v1-ollama-v12-saas-evidence-gate,feed_card,1,0,2026-08-29T09:22:42.413027Z,2026-08-29T09:22:43.541035Z,2380,122,1100010751,0
2513,891,verification,succeeded,qwen3:8b,ollama-adapter-v3-gated-http-errors,taxonomy-v1-ollama-v12-saas-evidence-gate,feed_card,1,0,2026-08-29T09:22:43.563112Z,2026-08-29T09:22:45.204380Z,2428,181,1612761296,0
2514,892,verification,succeeded,qwen3:8b,ollama-adapter-v3-gated-http-errors,taxonomy-v1-ollama-v12-saas-evidence-gate,feed_card,1,0,2026-08-29T09:22:45.223986Z,2026-08-29T09:22:46.303466Z,2407,113,1025722552,0
2515,893,verification,succeeded,qwen3:8b,ollama-adapter-v3-gated-http-errors,taxonomy-v1-ollama-v12-saas-evidence-gate,feed_card,1,0,2026-08-29T09:22:46.325255Z,2026-08-29T09:22:47.799772Z,2382,163,1447419990,0
2516,894,verification,succeeded,qwen3:8b,ollama-adapter-v3-gated-http-errors,taxonomy-v1-ollama-v12-saas-evidence-gate,feed_card,1,0,2026-08-29T09:22:47.821807Z,2026-08-29T09:22:48.885424Z,2368,115,1036172561,0
2517,895,verification,succeeded,qwen3:8b,ollama-adapter-v3-gated-http-errors,taxonomy-v1-ollama-v12-saas-evidence-gate,feed_card,1,0,2026-08-29T09:22:48.906953Z,2026-08-29T09:22:50.424236Z,2426,167,1482963594,0
2518,896,verification,succeeded,qwen3:8b,ollama-adapter-v3-gated-http-errors,taxonomy-v1-ollama-v12-saas-evidence-gate,feed_card,1,0,2026-08-29T09:22:50.445652Z,2026-08-29T09:22:51.512544Z,2429,114,1035955193,0
2519,897,verification,succeeded,qwen3:8b,ollama-adapter-v3-gated-http-errors,taxonomy-v1-ollama-v12-saas-evidence-gate,feed_card,1,0,2026-08-29T09:22:51.541423Z,2026-08-29T09:22:52.692100Z,2455,122,1121828060,0
2520,898,verification,succeeded,qwen3:8b,ollama-adapter-v3-gated-http-errors,taxonomy-v1-ollama-v12-saas-evidence-gate,feed_card,1,0,2026-08-29T09:22:52.715786Z,2026-08-29T09:22:53.842576Z,2415,123,1100334895,0
2521,899,verification,succeeded,qwen3:8b,ollama-adapter-v3-gated-http-errors,taxonomy-v1-ollama-v12-saas-evidence-gate,feed_card,1,0,2026-08-29T09:22:53.864202Z,2026-08-29T09:22:54.937342Z,2434,114,1045573939,0
2522,900,verification,succeeded,qwen3:8b,ollama-adapter-v3-gated-http-errors,taxonomy-v1-ollama-v12-saas-evidence-gate,feed_card,1,0,2026-08-29T09:22:54.957217Z,2026-08-29T09:22:56.207143Z,2421,137,1218155500,0
2523,901,verification,succeeded,qwen3:8b,ollama-adapter-v3-gated-http-errors,taxonomy-v1-ollama-v12-saas-evidence-gate,feed_card,1,0,2026-08-29T09:22:56.228556Z,2026-08-29T09:22:57.615807Z,2412,150,1346387657,0
2524,902,verification,succeeded,qwen3:8b,ollama-adapter-v3-gated-http-errors,taxonomy-v1-ollama-v12-saas-evidence-gate,feed_card,1,0,2026-08-29T09:22:57.638014Z,2026-08-29T09:22:58.677226Z,2366,113,1012274891,0
2525,903,verification,succeeded,qwen3:8b,ollama-adapter-v3-gated-http-errors,taxonomy-v1-ollama-v12-saas-evidence-gate,feed_card,1,0,2026-08-29T09:22:58.699751Z,2026-08-29T09:22:59.913863Z,2378,129,1164808373,0
2526,904,verification,succeeded,qwen3:8b,ollama-adapter-v3-gated-http-errors,taxonomy-v1-ollama-v12-saas-evidence-gate,feed_card,1,0,2026-08-29T09:22:59.947370Z,2026-08-29T09:23:01.039550Z,2362,114,1050458448,0
2527,905,verification,succeeded,qwen3:8b,ollama-adapter-v3-gated-http-errors,taxonomy-v1-ollama-v12-saas-evidence-gate,feed_card,1,0,2026-08-29T09:23:01.060109Z,2026-08-29T09:23:02.773404Z,2404,182,1684779802,0
2528,906,verification,succeeded,qwen3:8b,ollama-adapter-v3-gated-http-errors,taxonomy-v1-ollama-v12-saas-evidence-gate,feed_card,1,0,2026-08-29T09:23:02.793140Z,2026-08-29T09:23:04.420844Z,2418,172,1568233610,0
2529,907,verification,succeeded,qwen3:8b,ollama-adapter-v3-gated-http-errors,taxonomy-v1-ollama-v12-saas-evidence-gate,feed_card,1,0,2026-08-29T09:23:04.463922Z,2026-08-29T09:23:06.006775Z,2430,164,1496063217,0
2530,908,verification,succeeded,qwen3:8b,ollama-adapter-v3-gated-http-errors,taxonomy-v1-ollama-v12-saas-evidence-gate,feed_card,1,0,2026-08-29T09:23:06.040630Z,2026-08-29T09:23:07.315576Z,2380,134,1200060926,0
2531,909,verification,succeeded,qwen3:8b,ollama-adapter-v3-gated-http-errors,taxonomy-v1-ollama-v12-saas-evidence-gate,feed_card,1,0,2026-08-29T09:23:07.366960Z,2026-08-29T09:23:08.706277Z,2423,141,1281826991,0
2532,910,verification,succeeded,qwen3:8b,ollama-adapter-v3-gated-http-errors,taxonomy-v1-ollama-v12-saas-evidence-gate,feed_card,1,0,2026-08-29T09:23:08.757640Z,2026-08-29T09:23:10.166760Z,2417,153,1362891115,0
2533,911,verification,succeeded,qwen3:8b,ollama-adapter-v3-gated-http-errors,taxonomy-v1-ollama-v12-saas-evidence-gate,feed_card,1,0,2026-08-29T09:23:10.216937Z,2026-08-29T09:23:11.601078Z,2430,148,1335558887,0
2534,912,verification,succeeded,qwen3:8b,ollama-adapter-v3-gated-http-errors,taxonomy-v1-ollama-v12-saas-evidence-gate,feed_card,1,0,2026-08-29T09:23:11.647456Z,2026-08-29T09:23:13.088019Z,2425,157,1412465512,0
2535,913,verification,succeeded,qwen3:8b,ollama-adapter-v3-gated-http-errors,taxonomy-v1-ollama-v12-saas-evidence-gate,feed_card,1,0,2026-08-29T09:23:13.110240Z,2026-08-29T09:23:14.133242Z,2367,111,995557066,0
2536,914,verification,succeeded,qwen3:8b,ollama-adapter-v3-gated-http-errors,taxonomy-v1-ollama-v12-saas-evidence-gate,feed_card,3,0,2026-08-29T09:23:14.153131Z,2026-08-29T09:23:15.504150Z,2423,146,1316677822,0
2537,915,verification,succeeded,qwen3:8b,ollama-adapter-v3-gated-http-errors,taxonomy-v1-ollama-v12-saas-evidence-gate,feed_card,2,0,2026-08-29T09:23:15.526829Z,2026-08-29T09:23:16.771275Z,2420,135,1213346053,0
2538,916,verification,succeeded,qwen3:8b,ollama-adapter-v3-gated-http-errors,taxonomy-v1-ollama-v12-saas-evidence-gate,feed_card,2,0,2026-08-29T09:23:16.789664Z,2026-08-29T09:23:17.809313Z,2386,110,991801391,0
2539,917,verification,succeeded,qwen3:8b,ollama-adapter-v3-gated-http-errors,taxonomy-v1-ollama-v12-saas-evidence-gate,feed_card,2,0,2026-08-29T09:23:17.831504Z,2026-08-29T09:23:18.567198Z,2362,77,708483523,0
2540,918,verification,succeeded,qwen3:8b,ollama-adapter-v3-gated-http-errors,taxonomy-v1-ollama-v12-saas-evidence-gate,feed_card,2,0,2026-08-29T09:23:18.594832Z,2026-08-29T09:23:20.446137Z,2419,207,1824135365,0
2541,919,verification,succeeded,qwen3:8b,ollama-adapter-v3-gated-http-errors,taxonomy-v1-ollama-v12-saas-evidence-gate,feed_card,2,0,2026-08-29T09:23:20.468975Z,2026-08-29T09:23:21.473347Z,2385,109,976586524,0
2542,920,verification,succeeded,qwen3:8b,ollama-adapter-v3-gated-http-errors,taxonomy-v1-ollama-v12-saas-evidence-gate,feed_card,2,0,2026-08-29T09:23:21.500036Z,2026-08-29T09:23:22.903896Z,2426,152,1373203824,0
2543,921,verification,succeeded,qwen3:8b,ollama-adapter-v3-gated-http-errors,taxonomy-v1-ollama-v12-saas-evidence-gate,feed_card,2,0,2026-08-29T09:23:22.923398Z,2026-08-29T09:23:24.356484Z,2428,152,1405140605,0
2544,922,verification,succeeded,qwen3:8b,ollama-adapter-v3-gated-http-errors,taxonomy-v1-ollama-v12-saas-evidence-gate,feed_card,2,0,2026-08-29T09:23:24.378496Z,2026-08-29T09:23:25.722823Z,2421,144,1315864067,0
2545,923,verification,succeeded,qwen3:8b,ollama-adapter-v3-gated-http-errors,taxonomy-v1-ollama-v12-saas-evidence-gate,feed_card,2,0,2026-08-29T09:23:25.745807Z,2026-08-29T09:23:27.063438Z,2424,141,1290153751,0
2546,924,verification,succeeded,qwen3:8b,ollama-adapter-v3-gated-http-errors,taxonomy-v1-ollama-v12-saas-evidence-gate,feed_card,2,0,2026-08-29T09:23:27.083511Z,2026-08-29T09:23:28.530280Z,2416,153,1418898567,0
2547,925,verification,succeeded,qwen3:8b,ollama-adapter-v3-gated-http-errors,taxonomy-v1-ollama-v12-saas-evidence-gate,feed_card,2,0,2026-08-29T09:23:28.550913Z,2026-08-29T09:23:29.560195Z,2370,109,983024406,0
2548,926,verification,succeeded,qwen3:8b,ollama-adapter-v3-gated-http-errors,taxonomy-v1-ollama-v12-saas-evidence-gate,feed_card,2,0,2026-08-29T09:23:29.581717Z,2026-08-29T09:23:30.692728Z,2403,119,1080814347,0
2549,927,verification,succeeded,qwen3:8b,ollama-adapter-v3-gated-http-errors,taxonomy-v1-ollama-v12-saas-evidence-gate,feed_card,2,0,2026-08-29T09:23:30.714440Z,2026-08-29T09:23:31.964427Z,2424,135,1215049401,0
2550,928,verification,succeeded,qwen3:8b,ollama-adapter-v3-gated-http-errors,taxonomy-v1-ollama-v12-saas-evidence-gate,feed_card,2,0,2026-08-29T09:23:31.985875Z,2026-08-29T09:23:33.204864Z,2396,133,1192161385,0
2551,929,verification,succeeded,qwen3:8b,ollama-adapter-v3-gated-http-errors,taxonomy-v1-ollama-v12-saas-evidence-gate,feed_card,2,0,2026-08-29T09:23:33.225291Z,2026-08-29T09:23:34.396110Z,2398,127,1141293582,0
2552,656,triage,succeeded,qwen3:14b,ollama-adapter-v4-unit-score-normalization,taxonomy-v1-ollama-v13-unit-score-contract,thread,1,0,2026-08-29T09:28:56.754778Z,2026-08-29T09:29:07.134045Z,2050,299,9756093880,17
2553,930,triage,succeeded,qwen3:14b,ollama-adapter-v4-unit-score-normalization,taxonomy-v1-ollama-v13-unit-score-contract,feed_card,1,0,2026-08-29T09:29:07.180318Z,2026-08-29T09:29:10.532870Z,2419,132,2942292048,0
2554,931,triage,succeeded,qwen3:14b,ollama-adapter-v4-unit-score-normalization,taxonomy-v1-ollama-v13-unit-score-contract,feed_card,1,0,2026-08-29T09:29:10.553411Z,2026-08-29T09:29:12.558773Z,2460,137,1976957640,0
2555,932,triage,succeeded,qwen3:14b,ollama-adapter-v4-unit-score-normalization,taxonomy-v1-ollama-v13-unit-score-contract,feed_card,1,0,2026-08-29T09:29:12.618117Z,2026-08-29T09:29:15.902282Z,2367,102,1461614865,0
2556,933,triage,succeeded,qwen3:14b,ollama-adapter-v4-unit-score-normalization,taxonomy-v1-ollama-v13-unit-score-contract,feed_card,1,0,2026-08-29T09:29:16.078610Z,2026-08-29T09:29:18.160611Z,2399,131,1857757224,0
2557,934,triage,succeeded,qwen3:14b,ollama-adapter-v4-unit-score-normalization,taxonomy-v1-ollama-v13-unit-score-contract,feed_card,1,0,2026-08-29T09:29:18.810187Z,2026-08-29T09:29:20.521927Z,2417,114,1643992999,0
2558,935,triage,succeeded,qwen3:14b,ollama-adapter-v4-unit-score-normalization,taxonomy-v1-ollama-v13-unit-score-contract,feed_card,1,0,2026-08-29T09:29:20.546352Z,2026-08-29T09:29:22.561144Z,2380,109,1553650230,0
2559,936,triage,succeeded,qwen3:14b,ollama-adapter-v4-unit-score-normalization,taxonomy-v1-ollama-v13-unit-score-contract,feed_card,1,0,2026-08-29T09:29:23.076824Z,2026-08-29T09:29:25.525109Z,2407,150,2134836308,0
2560,937,triage,succeeded,qwen3:14b,ollama-adapter-v4-unit-score-normalization,taxonomy-v1-ollama-v13-unit-score-contract,feed_card,1,0,2026-08-29T09:29:26.047820Z,2026-08-29T09:29:27.999351Z,2410,122,1742369008,0
2561,938,triage,succeeded,qwen3:14b,ollama-adapter-v4-unit-score-normalization,taxonomy-v1-ollama-v13-unit-score-contract,feed_card,1,0,2026-08-29T09:29:28.821753Z,2026-08-29T09:29:30.737656Z,2369,112,1598359378,0
2562,939,triage,succeeded,qwen3:14b,ollama-adapter-v4-unit-score-normalization,taxonomy-v1-ollama-v13-unit-score-contract,feed_card,1,0,2026-08-29T09:29:31.287362Z,2026-08-29T09:29:34.132896Z,2421,174,2484658967,0
2563,940,triage,succeeded,qwen3:14b,ollama-adapter-v4-unit-score-normalization,taxonomy-v1-ollama-v13-unit-score-contract,feed_card,1,0,2026-08-29T09:29:37.001135Z,2026-08-29T09:29:38.981089Z,2414,114,1949762945,0
2564,941,triage,succeeded,qwen3:14b,ollama-adapter-v4-unit-score-normalization,taxonomy-v1-ollama-v13-unit-score-contract,feed_card,1,0,2026-08-29T09:29:39.002985Z,2026-08-29T09:29:41.157537Z,2423,149,2122503158,0
2565,942,triage,succeeded,qwen3:14b,ollama-adapter-v4-unit-score-normalization,taxonomy-v1-ollama-v13-unit-score-contract,feed_card,1,0,2026-08-29T09:29:41.178861Z,2026-08-29T09:29:44.442374Z,2435,214,3040303180,0
2566,943,triage,succeeded,qwen3:14b,ollama-adapter-v4-unit-score-normalization,taxonomy-v1-ollama-v13-unit-score-contract,feed_card,1,0,2026-08-29T09:29:44.894692Z,2026-08-29T09:29:47.393894Z,2382,165,2342114848,0
2567,944,triage,succeeded,qwen3:14b,ollama-adapter-v4-unit-score-normalization,taxonomy-v1-ollama-v13-unit-score-contract,feed_card,1,0,2026-08-29T09:29:47.444205Z,2026-08-29T09:29:49.421021Z,2429,134,1940611156,0
2568,945,triage,succeeded,qwen3:14b,ollama-adapter-v4-unit-score-normalization,taxonomy-v1-ollama-v13-unit-score-contract,feed_card,1,0,2026-08-29T09:29:49.456790Z,2026-08-29T09:29:51.592169Z,2370,146,2090426052,0
2569,656,verification,succeeded,qwen3:8b,ollama-adapter-v4-unit-score-normalization,taxonomy-v1-ollama-v13-unit-score-contract,thread,1,0,2026-08-29T09:29:51.772592Z,2026-08-29T09:29:59.704131Z,2050,326,7893407970,17
2570,936,verification,succeeded,qwen3:8b,ollama-adapter-v4-unit-score-normalization,taxonomy-v1-ollama-v13-unit-score-contract,feed_card,1,0,2026-08-29T09:29:59.738460Z,2026-08-29T09:30:01.784614Z,2407,134,2002302920,0
2571,939,verification,succeeded,qwen3:8b,ollama-adapter-v4-unit-score-normalization,taxonomy-v1-ollama-v13-unit-score-contract,feed_card,1,0,2026-08-29T09:30:01.810061Z,2026-08-29T09:30:03.274025Z,2421,160,1436614276,0
2572,942,verification,succeeded,qwen3:8b,ollama-adapter-v4-unit-score-normalization,taxonomy-v1-ollama-v13-unit-score-contract,feed_card,1,0,2026-08-29T09:30:03.310121Z,2026-08-29T09:30:04.990926Z,2435,186,1652992212,0
2573,943,verification,succeeded,qwen3:8b,ollama-adapter-v4-unit-score-normalization,taxonomy-v1-ollama-v13-unit-score-contract,feed_card,1,0,2026-08-29T09:30:05.074057Z,2026-08-29T09:30:06.186041Z,2382,120,1071734378,0
2574,945,verification,succeeded,qwen3:8b,ollama-adapter-v4-unit-score-normalization,taxonomy-v1-ollama-v13-unit-score-contract,feed_card,1,0,2026-08-29T09:30:06.229064Z,2026-08-29T09:30:07.277767Z,2370,111,1007947730,0
2575,402,opportunity_probe,succeeded,qwen3:14b,ollama-investigator-v2-structured-schema,opportunity-report-v1-ollama-v1,feed_card,1,0,2026-08-29T18:58:52.163713Z,2026-08-29T18:59:30.607304Z,2228,853,38405225721,
2576,199,opportunity_probe,succeeded,qwen3:14b,ollama-investigator-v2-structured-schema,opportunity-report-v1-ollama-v1,feed_card,1,0,2026-08-29T18:58:52.163713Z,2026-08-29T18:59:44.283409Z,1985,937,13646596312,
2577,390,opportunity_probe,succeeded,qwen3:14b,ollama-investigator-v2-structured-schema,opportunity-report-v1-ollama-v1,feed_card,1,0,2026-08-29T18:58:52.163713Z,2026-08-29T18:59:57.180368Z,2217,864,12866222739,
2578,275,opportunity_probe,succeeded,qwen3:14b,ollama-investigator-v2-structured-schema,opportunity-report-v1-ollama-v1,feed_card,1,0,2026-08-29T18:58:52.163713Z,2026-08-29T19:00:09.420239Z,2006,825,12203781987,
2579,138,opportunity_probe,succeeded,qwen3:14b,ollama-investigator-v2-structured-schema,opportunity-report-v1-ollama-v1,feed_card,1,0,2026-08-29T18:58:52.163713Z,2026-08-29T19:00:25.468726Z,1985,1103,16014072354,
2580,414,opportunity_probe,succeeded,qwen3:14b,ollama-investigator-v2-structured-schema,opportunity-report-v1-ollama-v1,feed_card,1,0,2026-08-29T19:10:25.584605Z,2026-08-29T19:11:05.985412Z,2218,977,40358967046,
2581,400,opportunity_probe,succeeded,qwen3:14b,ollama-investigator-v2-structured-schema,opportunity-report-v1-ollama-v1,feed_card,1,0,2026-08-29T19:10:25.584605Z,2026-08-29T19:11:20.270655Z,2220,962,14253629039,
2582,398,opportunity_probe,succeeded,qwen3:14b,ollama-investigator-v2-structured-schema,opportunity-report-v1-ollama-v1,feed_card,1,0,2026-08-29T19:10:25.584605Z,2026-08-29T19:11:33.585991Z,2236,897,13274174060,
2583,391,opportunity_probe,succeeded,qwen3:14b,ollama-investigator-v2-structured-schema,opportunity-report-v1-ollama-v1,feed_card,1,0,2026-08-29T19:10:25.584605Z,2026-08-29T19:11:47.346794Z,2212,933,13729237904,
2584,375,opportunity_probe,succeeded,qwen3:14b,ollama-investigator-v2-structured-schema,opportunity-report-v1-ollama-v1,feed_card,1,0,2026-08-29T19:10:25.584605Z,2026-08-29T19:11:59.846092Z,2176,833,12467855976,
2585,372,opportunity_probe,succeeded,qwen3:14b,ollama-investigator-v2-structured-schema,opportunity-report-v1-ollama-v1,feed_card,1,0,2026-08-29T19:21:25.575099Z,2026-08-29T19:21:41.699635Z,2221,892,16086517738,
2586,364,opportunity_probe,succeeded,qwen3:14b,ollama-investigator-v2-structured-schema,opportunity-report-v1-ollama-v1,feed_card,1,0,2026-08-29T19:21:25.575099Z,2026-08-29T19:21:57.831567Z,2234,1107,16098869954,
2587,339,opportunity_probe,succeeded,qwen3:14b,ollama-investigator-v2-structured-schema,opportunity-report-v1-ollama-v1,feed_card,1,0,2026-08-29T19:21:25.575099Z,2026-08-29T19:22:13.767237Z,2235,1083,15787784970,
2588,319,opportunity_probe,succeeded,qwen3:14b,ollama-investigator-v2-structured-schema,opportunity-report-v1-ollama-v1,feed_card,1,0,2026-08-29T19:21:25.575099Z,2026-08-29T19:22:27.207682Z,2225,913,13408522866,
2589,279,opportunity_probe,succeeded,qwen3:14b,ollama-investigator-v2-structured-schema,opportunity-report-v1-ollama-v1,feed_card,1,0,2026-08-29T19:21:25.575099Z,2026-08-29T19:22:39.478600Z,1935,840,12240851380,
2590,253,opportunity_probe,succeeded,qwen3:14b,ollama-investigator-v2-structured-schema,opportunity-report-v1-ollama-v1,feed_card,1,0,2026-08-29T19:32:25.550031Z,2026-08-29T19:32:40.531946Z,2001,818,14949111892,
2591,219,opportunity_probe,succeeded,qwen3:14b,ollama-investigator-v2-structured-schema,opportunity-report-v1-ollama-v1,feed_card,1,0,2026-08-29T19:32:25.550031Z,2026-08-29T19:32:52.814586Z,1934,841,12253139130,
2592,212,opportunity_probe,succeeded,qwen3:14b,ollama-investigator-v2-structured-schema,opportunity-report-v1-ollama-v1,feed_card,1,0,2026-08-29T19:32:25.550031Z,2026-08-29T19:33:04.777267Z,1977,814,11912311553,
2593,196,opportunity_probe,succeeded,qwen3:14b,ollama-investigator-v2-structured-schema,opportunity-report-v1-ollama-v1,feed_card,1,0,2026-08-29T19:32:25.550031Z,2026-08-29T19:33:16.948116Z,1961,836,12138201237,
2594,177,opportunity_probe,succeeded,qwen3:14b,ollama-investigator-v2-structured-schema,opportunity-report-v1-ollama-v1,feed_card,1,0,2026-08-29T21:17:39.797473Z,2026-08-29T21:18:20.342582Z,1959,986,40508835248,
2595,156,opportunity_probe,succeeded,qwen3:14b,ollama-investigator-v2-structured-schema,opportunity-report-v1-ollama-v1,feed_card,1,0,2026-08-29T21:17:39.797473Z,2026-08-29T21:18:32.862670Z,1961,858,12488763137,
2596,155,opportunity_probe,succeeded,qwen3:14b,ollama-investigator-v2-structured-schema,opportunity-report-v1-ollama-v1,feed_card,1,0,2026-08-29T21:17:39.797473Z,2026-08-29T21:18:44.371978Z,1933,792,11475658583,
2597,131,opportunity_probe,succeeded,qwen3:14b,ollama-investigator-v2-structured-schema,opportunity-report-v1-ollama-v1,feed_card,1,0,2026-08-29T21:17:39.797473Z,2026-08-29T21:18:56.679788Z,1909,830,12257245426,
2598,121,opportunity_probe,succeeded,qwen3:14b,ollama-investigator-v2-structured-schema,opportunity-report-v1-ollama-v1,feed_card,1,0,2026-08-29T21:17:39.797473Z,2026-08-29T21:19:09.603030Z,1907,881,12892621608,
2599,111,opportunity_probe,succeeded,qwen3:14b,ollama-investigator-v2-structured-schema,opportunity-report-v1-ollama-v1,feed_card,1,0,2026-08-29T21:28:25.572977Z,2026-08-29T21:28:41.568492Z,1956,889,15951382956,
2600,85,opportunity_probe,succeeded,qwen3:14b,ollama-investigator-v2-structured-schema,opportunity-report-v1-ollama-v1,feed_card,1,0,2026-08-29T21:28:25.572977Z,2026-08-29T21:28:55.631965Z,1943,968,14033030147,
2601,30,opportunity_probe,succeeded,qwen3:14b,ollama-investigator-v2-structured-schema,opportunity-report-v1-ollama-v1,feed_card,1,0,2026-08-29T21:28:25.572977Z,2026-08-29T21:29:09.577872Z,1943,967,13904521547,
2602,17,opportunity_probe,succeeded,qwen3:14b,ollama-investigator-v2-structured-schema,opportunity-report-v1-ollama-v1,feed_card,1,0,2026-08-29T21:28:25.572977Z,2026-08-29T21:29:24.340340Z,1965,1013,14729780691,
2603,2,opportunity_probe,succeeded,qwen3:14b,ollama-investigator-v2-structured-schema,opportunity-report-v1-ollama-v1,feed_card,1,0,2026-08-29T21:28:25.572977Z,2026-08-29T21:29:36.503923Z,1949,829,12129099398,
2604,829,opportunity_probe,succeeded,qwen3:14b,ollama-investigator-v2-structured-schema,opportunity-report-v1-ollama-v1,feed_card,1,0,2026-08-29T21:39:26.437229Z,2026-08-29T21:40:06.901863Z,2188,964,40422296633,
2605,347,opportunity_probe,succeeded,qwen3:14b,ollama-investigator-v2-structured-schema,opportunity-report-v1-ollama-v1,feed_card,1,0,2026-08-29T21:39:26.437229Z,2026-08-29T21:40:20.711784Z,2229,928,13778309329,
2606,110,opportunity_probe,succeeded,qwen3:14b,ollama-investigator-v2-structured-schema,opportunity-report-v1-ollama-v1,feed_card,1,0,2026-08-29T21:39:26.437229Z,2026-08-29T21:40:33.379084Z,1964,858,12634460164,
2607,109,opportunity_probe,succeeded,qwen3:14b,ollama-investigator-v2-structured-schema,opportunity-report-v1-ollama-v1,feed_card,1,0,2026-08-29T21:39:26.437229Z,2026-08-29T21:40:44.990763Z,1974,782,11568372705,
2608,89,opportunity_probe,succeeded,qwen3:14b,ollama-investigator-v2-structured-schema,opportunity-report-v1-ollama-v1,feed_card,1,0,2026-08-29T21:39:26.437229Z,2026-08-29T21:40:57.440624Z,1967,845,12404302361,
2609,20,opportunity_probe,succeeded,qwen3:14b,ollama-investigator-v2-structured-schema,opportunity-report-v1-ollama-v1,feed_card,1,0,2026-08-29T21:51:25.620145Z,2026-08-29T21:52:03.694481Z,1957,849,38020029340,
2610,651,opportunity_probe,succeeded,qwen3:14b,ollama-investigator-v2-structured-schema,opportunity-report-v1-ollama-v1,feed_card,1,0,2026-08-29T21:51:25.620145Z,2026-08-29T21:52:14.787260Z,2165,733,11057723104,
2611,702,opportunity_probe,succeeded,qwen3:14b,ollama-investigator-v2-structured-schema,opportunity-report-v1-ollama-v1,feed_card,1,0,2026-08-29T21:51:25.620145Z,2026-08-29T21:52:31.556293Z,2270,1136,16728697109,
2612,525,opportunity_probe,succeeded,qwen3:14b,ollama-investigator-v2-structured-schema,opportunity-report-v1-ollama-v1,feed_card,1,0,2026-08-29T21:51:25.620145Z,2026-08-29T21:52:46.112962Z,2212,991,14521360000,
2613,360,opportunity_probe,succeeded,qwen3:14b,ollama-investigator-v2-structured-schema,opportunity-report-v1-ollama-v1,feed_card,1,0,2026-08-29T21:51:25.620145Z,2026-08-29T21:52:58.782543Z,2242,849,12626955538,
2614,346,opportunity_probe,succeeded,qwen3:14b,ollama-investigator-v2-structured-schema,opportunity-report-v1-ollama-v1,feed_card,1,0,2026-08-29T22:03:25.599918Z,2026-08-29T22:04:05.184317Z,2245,932,39518171613,
2615,313,opportunity_probe,succeeded,qwen3:14b,ollama-investigator-v2-structured-schema,opportunity-report-v1-ollama-v1,feed_card,1,0,2026-08-29T22:03:25.599918Z,2026-08-29T22:04:18.948411Z,2235,936,13728070788,
2616,311,opportunity_probe,succeeded,qwen3:14b,ollama-investigator-v2-structured-schema,opportunity-report-v1-ollama-v1,feed_card,1,0,2026-08-29T22:03:25.599918Z,2026-08-29T22:04:30.714760Z,2171,794,11734606502,
2617,264,opportunity_probe,succeeded,qwen3:14b,ollama-investigator-v2-structured-schema,opportunity-report-v1-ollama-v1,feed_card,1,0,2026-08-29T22:03:25.599918Z,2026-08-29T22:04:42.124369Z,1883,781,11380320959,
2618,249,opportunity_probe,succeeded,qwen3:14b,ollama-investigator-v2-structured-schema,opportunity-report-v1-ollama-v1,feed_card,1,0,2026-08-29T22:03:25.599918Z,2026-08-29T22:04:53.971039Z,1923,816,11794233999,
2619,221,opportunity_probe,succeeded,qwen3:14b,ollama-investigator-v2-structured-schema,opportunity-report-v1-ollama-v1,feed_card,1,0,2026-08-29T22:14:25.617995Z,2026-08-29T22:14:41.924103Z,1973,912,16260200780,
2620,203,opportunity_probe,succeeded,qwen3:14b,ollama-investigator-v2-structured-schema,opportunity-report-v1-ollama-v1,feed_card,1,0,2026-08-29T22:14:25.617995Z,2026-08-29T22:14:54.198271Z,1959,832,12239275073,
2621,134,opportunity_probe,succeeded,qwen3:14b,ollama-investigator-v2-structured-schema,opportunity-report-v1-ollama-v1,feed_card,1,0,2026-08-29T22:14:25.617995Z,2026-08-29T22:15:05.904113Z,1941,803,11672814603,
2622,82,opportunity_probe,succeeded,qwen3:14b,ollama-investigator-v2-structured-schema,opportunity-report-v1-ollama-v1,feed_card,1,0,2026-08-29T22:14:25.617995Z,2026-08-29T22:15:17.928112Z,1969,827,11986854866,
2623,26,opportunity_probe,succeeded,qwen3:14b,ollama-investigator-v2-structured-schema,opportunity-report-v1-ollama-v1,feed_card,1,0,2026-08-29T22:14:25.617995Z,2026-08-29T22:15:29.737120Z,1927,809,11762681669,
2624,936,opportunity_probe,succeeded,qwen3:14b,ollama-investigator-v2-structured-schema,opportunity-report-v1-ollama-v1,feed_card,1,0,2026-08-29T23:23:25.789143Z,2026-08-29T23:24:05.434650Z,2200,944,39580110219,
2625,882,opportunity_probe,succeeded,qwen3:14b,ollama-investigator-v2-structured-schema,opportunity-report-v1-ollama-v1,feed_card,1,0,2026-08-29T23:23:25.789143Z,2026-08-29T23:24:18.349165Z,2218,869,12871746070,
2626,841,opportunity_probe,succeeded,qwen3:14b,ollama-investigator-v2-structured-schema,opportunity-report-v1-ollama-v1,feed_card,1,0,2026-08-29T23:23:25.789143Z,2026-08-29T23:24:32.717241Z,2289,969,14334858896,
2627,541,opportunity_probe,succeeded,qwen3:14b,ollama-investigator-v2-structured-schema,opportunity-report-v1-ollama-v1,feed_card,1,0,2026-08-29T23:23:25.789143Z,2026-08-29T23:24:47.812691Z,2255,1030,15062325541,
2628,527,opportunity_probe,succeeded,qwen3:14b,ollama-investigator-v2-structured-schema,opportunity-report-v1-ollama-v1,feed_card,1,0,2026-08-29T23:23:25.789143Z,2026-08-29T23:25:04.046531Z,2176,1109,16190422348,
2629,78,opportunity_probe,succeeded,qwen3:14b,ollama-investigator-v2-structured-schema,opportunity-report-v1-ollama-v1,feed_card,1,0,2026-08-29T23:23:25.789143Z,2026-08-29T23:25:15.716162Z,1933,782,11627952667,
2630,393,opportunity_probe,succeeded,qwen3:14b,ollama-investigator-v2-structured-schema,opportunity-report-v1-ollama-v1,feed_card,1,0,2026-08-29T23:23:25.789143Z,2026-08-29T23:25:29.429872Z,2236,933,13674159662,
2631,367,opportunity_probe,succeeded,qwen3:14b,ollama-investigator-v2-structured-schema,opportunity-report-v1-ollama-v1,feed_card,1,0,2026-08-29T23:23:25.789143Z,2026-08-29T23:25:43.286585Z,2239,940,13825015804,
2632,816,opportunity_probe,succeeded,qwen3:14b,ollama-investigator-v2-structured-schema,opportunity-report-v1-ollama-v1,feed_card,1,0,2026-08-29T23:23:25.789143Z,2026-08-29T23:25:56.045167Z,2165,857,12719581805,
2633,795,opportunity_probe,succeeded,qwen3:14b,ollama-investigator-v2-structured-schema,opportunity-report-v1-ollama-v1,feed_card,1,0,2026-08-29T23:23:25.789143Z,2026-08-29T23:26:13.222565Z,2219,1187,17145778878,
2634,775,opportunity_probe,succeeded,qwen3:14b,ollama-investigator-v2-structured-schema,opportunity-report-v1-ollama-v1,feed_card,1,0,2026-08-29T23:23:25.789143Z,2026-08-29T23:26:28.041756Z,2243,995,14786976337,
2635,481,opportunity_probe,succeeded,qwen3:14b,ollama-investigator-v2-structured-schema,opportunity-report-v1-ollama-v1,feed_card,1,0,2026-08-29T23:23:25.789143Z,2026-08-29T23:26:42.988064Z,2209,1010,14905206453,
2636,830,opportunity_probe,succeeded,qwen3:14b,ollama-investigator-v2-structured-schema,opportunity-report-v1-ollama-v1,feed_card,1,0,2026-08-29T23:23:25.789143Z,2026-08-29T23:26:55.355699Z,2198,833,12333272275,
2637,466,opportunity_probe,succeeded,qwen3:14b,ollama-investigator-v2-structured-schema,opportunity-report-v1-ollama-v1,feed_card,1,0,2026-08-29T23:23:25.789143Z,2026-08-29T23:27:08.945059Z,2233,916,13542530881,
2638,821,opportunity_probe,succeeded,qwen3:14b,ollama-investigator-v2-structured-schema,opportunity-report-v1-ollama-v1,feed_card,1,0,2026-08-29T23:23:25.789143Z,2026-08-29T23:27:26.257949Z,2244,1185,17278579276,
2639,630,opportunity_probe,succeeded,qwen3:14b,ollama-investigator-v2-structured-schema,opportunity-report-v1-ollama-v1,feed_card,1,0,2026-08-29T23:23:25.789143Z,2026-08-29T23:27:44.241548Z,2195,1230,17952710272,
2640,526,opportunity_probe,succeeded,qwen3:14b,ollama-investigator-v2-structured-schema,opportunity-report-v1-ollama-v1,feed_card,1,0,2026-08-29T23:23:25.789143Z,2026-08-29T23:28:02.964059Z,2204,1282,18691831808,
2641,409,opportunity_probe,succeeded,qwen3:14b,ollama-investigator-v2-structured-schema,opportunity-report-v1-ollama-v1,feed_card,1,0,2026-08-29T23:23:25.789143Z,2026-08-29T23:28:19.333586Z,2243,1112,16339604818,
2642,324,opportunity_probe,succeeded,qwen3:14b,ollama-investigator-v2-structured-schema,opportunity-report-v1-ollama-v1,feed_card,1,0,2026-08-29T23:23:25.789143Z,2026-08-29T23:28:36.331578Z,2245,1153,16965000224,
2643,309,opportunity_probe,succeeded,qwen3:14b,ollama-investigator-v2-structured-schema,opportunity-report-v1-ollama-v1,feed_card,1,0,2026-08-29T23:23:25.789143Z,2026-08-29T23:28:48.609922Z,2157,822,12245143405,
2644,282,opportunity_probe,succeeded,qwen3:14b,ollama-investigator-v2-structured-schema,opportunity-report-v1-ollama-v1,feed_card,1,0,2026-08-29T23:23:25.789143Z,2026-08-29T23:29:03.875269Z,1962,1043,15234697927,
2645,269,opportunity_probe,succeeded,qwen3:14b,ollama-investigator-v2-structured-schema,opportunity-report-v1-ollama-v1,feed_card,1,0,2026-08-29T23:23:25.789143Z,2026-08-29T23:29:18.123786Z,1981,974,14218067583,
2646,265,opportunity_probe,succeeded,qwen3:14b,ollama-investigator-v2-structured-schema,opportunity-report-v1-ollama-v1,feed_card,1,0,2026-08-29T23:23:25.789143Z,2026-08-29T23:29:33.636714Z,1967,1069,15483465392,
2647,224,opportunity_probe,succeeded,qwen3:14b,ollama-investigator-v2-structured-schema,opportunity-report-v1-ollama-v1,feed_card,1,0,2026-08-29T23:23:25.789143Z,2026-08-29T23:29:46.715266Z,1962,885,13042025616,
2648,197,opportunity_probe,succeeded,qwen3:14b,ollama-investigator-v2-structured-schema,opportunity-report-v1-ollama-v1,feed_card,1,0,2026-08-29T23:23:25.789143Z,2026-08-29T23:29:58.266347Z,1925,790,11517841781,
2649,184,opportunity_probe,succeeded,qwen3:14b,ollama-investigator-v2-structured-schema,opportunity-report-v1-ollama-v1,feed_card,1,0,2026-08-29T23:23:25.789143Z,2026-08-29T23:30:13.181794Z,1926,1029,14884447239,
2650,180,opportunity_probe,succeeded,qwen3:14b,ollama-investigator-v2-structured-schema,opportunity-report-v1-ollama-v1,feed_card,1,0,2026-08-29T23:23:25.789143Z,2026-08-29T23:30:27.951101Z,1988,1029,14737714374,
2651,27,opportunity_probe,succeeded,qwen3:14b,ollama-investigator-v2-structured-schema,opportunity-report-v1-ollama-v1,feed_card,1,0,2026-08-29T23:23:25.789143Z,2026-08-29T23:30:42.480456Z,1958,1010,14496623286,
2652,18,opportunity_probe,succeeded,qwen3:14b,ollama-investigator-v2-structured-schema,opportunity-report-v1-ollama-v1,feed_card,1,0,2026-08-29T23:23:25.789143Z,2026-08-29T23:30:56.620991Z,1956,980,14108906581,
2653,945,opportunity_probe,succeeded,qwen3:14b,ollama-investigator-v2-structured-schema,opportunity-report-v1-ollama-v1,feed_card,1,0,2026-08-29T23:23:25.789143Z,2026-08-29T23:31:10.923596Z,2113,982,14264221249,
2654,740,opportunity_probe,succeeded,qwen3:14b,ollama-investigator-v2-structured-schema,opportunity-report-v1-ollama-v1,feed_card,1,0,2026-08-29T23:23:25.789143Z,2026-08-29T23:31:24.105197Z,2191,893,13142354885,
2655,942,opportunity_probe,succeeded,qwen3:14b,ollama-investigator-v2-structured-schema,opportunity-report-v1-ollama-v1,feed_card,1,0,2026-08-29T23:23:25.789143Z,2026-08-29T23:31:40.390578Z,2163,1131,16251437091,
2656,900,opportunity_probe,succeeded,qwen3:14b,ollama-investigator-v2-structured-schema,opportunity-report-v1-ollama-v1,feed_card,1,0,2026-08-29T23:23:25.789143Z,2026-08-29T23:31:53.117454Z,2220,863,12695086795,
2657,738,opportunity_probe,succeeded,qwen3:14b,ollama-investigator-v2-structured-schema,opportunity-report-v1-ollama-v1,feed_card,1,0,2026-08-29T23:23:25.789143Z,2026-08-29T23:32:08.078503Z,2208,1014,14930393847,
2658,652,opportunity_probe,succeeded,qwen3:14b,ollama-investigator-v2-structured-schema,opportunity-report-v1-ollama-v1,feed_card,1,0,2026-08-29T23:23:25.789143Z,2026-08-29T23:32:21.441872Z,2162,901,13332878620,
2659,530,opportunity_probe,succeeded,qwen3:14b,ollama-investigator-v2-structured-schema,opportunity-report-v1-ollama-v1,feed_card,1,0,2026-08-29T23:23:25.789143Z,2026-08-29T23:32:35.222843Z,2213,940,13751094137,
2660,379,opportunity_probe,succeeded,qwen3:14b,ollama-investigator-v2-structured-schema,opportunity-report-v1-ollama-v1,feed_card,1,0,2026-08-29T23:23:25.789143Z,2026-08-29T23:32:48.350122Z,2270,873,13093040647,
2661,259,opportunity_probe,succeeded,qwen3:14b,ollama-investigator-v2-structured-schema,opportunity-report-v1-ollama-v1,feed_card,1,0,2026-08-29T23:23:25.789143Z,2026-08-29T23:33:02.193587Z,1940,942,13811321989,
2662,183,opportunity_probe,succeeded,qwen3:14b,ollama-investigator-v2-structured-schema,opportunity-report-v1-ollama-v1,feed_card,1,0,2026-08-29T23:23:25.789143Z,2026-08-29T23:33:14.431475Z,1935,837,12208904763,
2663,179,opportunity_probe,succeeded,qwen3:14b,ollama-investigator-v2-structured-schema,opportunity-report-v1-ollama-v1,feed_card,1,0,2026-08-29T23:23:25.789143Z,2026-08-29T23:33:28.794543Z,1958,994,14333938120,
2664,108,opportunity_probe,succeeded,qwen3:14b,ollama-investigator-v2-structured-schema,opportunity-report-v1-ollama-v1,feed_card,1,0,2026-08-29T23:23:25.789143Z,2026-08-29T23:33:40.760376Z,1956,821,11934038685,
2665,901,opportunity_probe,succeeded,qwen3:14b,ollama-investigator-v2-structured-schema,opportunity-report-v1-ollama-v1,feed_card,1,0,2026-08-29T23:23:25.789143Z,2026-08-29T23:33:54.203129Z,2205,913,13411293213,
2666,819,opportunity_probe,succeeded,qwen3:14b,ollama-investigator-v2-structured-schema,opportunity-report-v1-ollama-v1,feed_card,1,0,2026-08-29T23:23:25.789143Z,2026-08-29T23:34:07.682267Z,2220,907,13418009269,
2667,807,opportunity_probe,succeeded,qwen3:14b,ollama-investigator-v2-structured-schema,opportunity-report-v1-ollama-v1,feed_card,1,0,2026-08-29T23:23:25.789143Z,2026-08-29T23:34:21.692794Z,2223,954,13974273071,
2668,535,opportunity_probe,succeeded,qwen3:14b,ollama-investigator-v2-structured-schema,opportunity-report-v1-ollama-v1,feed_card,1,0,2026-08-29T23:23:25.789143Z,2026-08-29T23:34:34.526965Z,2212,871,12792452412,
2669,330,opportunity_probe,succeeded,qwen3:14b,ollama-investigator-v2-structured-schema,opportunity-report-v1-ollama-v1,feed_card,1,0,2026-08-29T23:23:25.789143Z,2026-08-29T23:34:47.740743Z,2206,894,13182796059,
2670,268,opportunity_probe,succeeded,qwen3:14b,ollama-investigator-v2-structured-schema,opportunity-report-v1-ollama-v1,feed_card,1,0,2026-08-29T23:23:25.789143Z,2026-08-29T23:34:59.858824Z,1953,821,12085048956,
2671,814,opportunity_probe,succeeded,qwen3:14b,ollama-investigator-v2-structured-schema,opportunity-report-v1-ollama-v1,feed_card,1,0,2026-08-29T23:23:25.789143Z,2026-08-29T23:35:15.857873Z,2184,1097,15967118869,
2672,788,opportunity_probe,succeeded,qwen3:14b,ollama-investigator-v2-structured-schema,opportunity-report-v1-ollama-v1,feed_card,1,0,2026-08-29T23:23:25.789143Z,2026-08-29T23:35:29.037529Z,2215,889,13146473335,
2673,783,opportunity_probe,succeeded,qwen3:14b,ollama-investigator-v2-structured-schema,opportunity-report-v1-ollama-v1,feed_card,1,0,2026-08-29T23:23:25.789143Z,2026-08-29T23:35:45.339707Z,2212,1118,16271202691,
2674,734,opportunity_probe,succeeded,qwen3:14b,ollama-investigator-v2-structured-schema,opportunity-report-v1-ollama-v1,feed_card,1,0,2026-08-29T23:35:45.808547Z,2026-08-29T23:36:00.530283Z,2206,1009,14680306158,
2675,679,opportunity_probe,succeeded,qwen3:14b,ollama-investigator-v2-structured-schema,opportunity-report-v1-ollama-v1,feed_card,1,0,2026-08-29T23:35:45.808547Z,2026-08-29T23:36:13.898703Z,2223,917,13324149819,
2676,668,opportunity_probe,succeeded,qwen3:14b,ollama-investigator-v2-structured-schema,opportunity-report-v1-ollama-v1,feed_card,1,0,2026-08-29T23:35:45.808547Z,2026-08-29T23:36:26.345782Z,2198,847,12415571098,
2677,926,opportunity_probe,succeeded,qwen3:14b,ollama-investigator-v2-structured-schema,opportunity-report-v1-ollama-v1,feed_card,1,0,2026-08-29T23:35:45.808547Z,2026-08-29T23:36:42.900914Z,2212,1131,16523061238,
2678,820,opportunity_probe,succeeded,qwen3:14b,ollama-investigator-v2-structured-schema,opportunity-report-v1-ollama-v1,feed_card,1,0,2026-08-29T23:35:45.808547Z,2026-08-29T23:36:55.795527Z,2225,867,12863622826,
2679,767,opportunity_probe,succeeded,qwen3:14b,ollama-investigator-v2-structured-schema,opportunity-report-v1-ollama-v1,feed_card,1,0,2026-08-29T23:35:45.808547Z,2026-08-29T23:37:10.613490Z,2140,1013,14787528259,
2680,719,opportunity_probe,succeeded,qwen3:14b,ollama-investigator-v2-structured-schema,opportunity-report-v1-ollama-v1,feed_card,1,0,2026-08-29T23:35:45.808547Z,2026-08-29T23:37:22.747429Z,2208,815,12102480708,
2681,499,opportunity_probe,succeeded,qwen3:14b,ollama-investigator-v2-structured-schema,opportunity-report-v1-ollama-v1,feed_card,1,0,2026-08-29T23:35:45.808547Z,2026-08-29T23:37:38.471899Z,2143,1089,15693475666,
2682,426,opportunity_probe,succeeded,qwen3:14b,ollama-investigator-v2-structured-schema,opportunity-report-v1-ollama-v1,feed_card,1,0,2026-08-29T23:35:45.808547Z,2026-08-29T23:37:54.327619Z,2204,1094,15811904590,
2683,296,opportunity_probe,succeeded,qwen3:14b,ollama-investigator-v2-structured-schema,opportunity-report-v1-ollama-v1,feed_card,1,0,2026-08-29T23:35:45.808547Z,2026-08-29T23:38:07.901154Z,2180,918,13539361445,
2684,271,opportunity_probe,succeeded,qwen3:14b,ollama-investigator-v2-structured-schema,opportunity-report-v1-ollama-v1,feed_card,1,0,2026-08-29T23:35:45.808547Z,2026-08-29T23:38:19.618349Z,1909,791,11684924290,
2685,247,opportunity_probe,succeeded,qwen3:14b,ollama-investigator-v2-structured-schema,opportunity-report-v1-ollama-v1,feed_card,1,0,2026-08-29T23:35:45.808547Z,2026-08-29T23:38:32.336486Z,1954,880,12687706779,
2686,227,opportunity_probe,succeeded,qwen3:14b,ollama-investigator-v2-structured-schema,opportunity-report-v1-ollama-v1,feed_card,1,0,2026-08-29T23:35:45.808547Z,2026-08-29T23:38:44.784098Z,1974,858,12417610780,
2687,93,opportunity_probe,succeeded,qwen3:14b,ollama-investigator-v2-structured-schema,opportunity-report-v1-ollama-v1,feed_card,1,0,2026-08-29T23:35:45.808547Z,2026-08-29T23:38:56.045007Z,1898,774,11231277191,
2688,826,opportunity_probe,succeeded,qwen3:14b,ollama-investigator-v2-structured-schema,opportunity-report-v1-ollama-v1,feed_card,1,0,2026-08-29T23:35:45.808547Z,2026-08-29T23:39:08.782776Z,2171,859,12699269320,
2689,793,opportunity_probe,succeeded,qwen3:14b,ollama-investigator-v2-structured-schema,opportunity-report-v1-ollama-v1,feed_card,1,0,2026-08-29T23:35:45.808547Z,2026-08-29T23:39:24.587097Z,2168,1085,15773594286,
2690,766,opportunity_probe,succeeded,qwen3:14b,ollama-investigator-v2-structured-schema,opportunity-report-v1-ollama-v1,feed_card,1,0,2026-08-29T23:35:45.808547Z,2026-08-29T23:39:40.609736Z,2218,1094,15991047878,
2691,665,opportunity_probe,succeeded,qwen3:14b,ollama-investigator-v2-structured-schema,opportunity-report-v1-ollama-v1,feed_card,1,0,2026-08-29T23:35:45.808547Z,2026-08-29T23:39:54.000682Z,2188,909,13357299027,
2692,653,opportunity_probe,succeeded,qwen3:14b,ollama-investigator-v2-structured-schema,opportunity-report-v1-ollama-v1,feed_card,1,0,2026-08-29T23:35:45.808547Z,2026-08-29T23:40:06.769533Z,2175,864,12737581426,
2693,627,opportunity_probe,succeeded,qwen3:14b,ollama-investigator-v2-structured-schema,opportunity-report-v1-ollama-v1,feed_card,1,0,2026-08-29T23:35:45.808547Z,2026-08-29T23:40:21.855304Z,2215,1040,15018025209,
2694,606,opportunity_probe,succeeded,qwen3:14b,ollama-investigator-v2-structured-schema,opportunity-report-v1-ollama-v1,feed_card,1,0,2026-08-29T23:35:45.808547Z,2026-08-29T23:40:35.906832Z,2235,955,14013279496,
2695,601,opportunity_probe,succeeded,qwen3:14b,ollama-investigator-v2-structured-schema,opportunity-report-v1-ollama-v1,feed_card,1,0,2026-08-29T23:35:45.808547Z,2026-08-29T23:40:53.106295Z,2195,1188,17165359329,
2696,448,opportunity_probe,succeeded,qwen3:14b,ollama-investigator-v2-structured-schema,opportunity-report-v1-ollama-v1,feed_card,1,0,2026-08-29T23:35:45.808547Z,2026-08-29T23:41:06.139025Z,2214,875,12997007375,
2697,427,opportunity_probe,succeeded,qwen3:14b,ollama-investigator-v2-structured-schema,opportunity-report-v1-ollama-v1,feed_card,1,0,2026-08-29T23:35:45.808547Z,2026-08-29T23:41:19.590707Z,2228,907,13417796742,
2698,423,opportunity_probe,succeeded,qwen3:14b,ollama-investigator-v2-structured-schema,opportunity-report-v1-ollama-v1,feed_card,1,0,2026-08-29T23:35:45.808547Z,2026-08-29T23:41:38.884670Z,2245,1328,19243236548,
2699,939,opportunity_probe,succeeded,qwen3:14b,ollama-investigator-v2-structured-schema,opportunity-report-v1-ollama-v1,feed_card,1,0,2026-08-29T23:35:45.808547Z,2026-08-29T23:41:50.864048Z,2158,815,11944561553,
2700,729,opportunity_probe,succeeded,qwen3:14b,ollama-investigator-v2-structured-schema,opportunity-report-v1-ollama-v1,feed_card,1,0,2026-08-29T23:35:45.808547Z,2026-08-29T23:42:03.728887Z,2228,877,12834164661,
2701,724,opportunity_probe,succeeded,qwen3:14b,ollama-investigator-v2-structured-schema,opportunity-report-v1-ollama-v1,feed_card,1,0,2026-08-29T23:35:45.808547Z,2026-08-29T23:42:20.938683Z,2178,1182,17178192057,
2702,174,opportunity_probe,succeeded,qwen3:14b,ollama-investigator-v2-structured-schema,opportunity-report-v1-ollama-v1,feed_card,1,0,2026-08-29T23:35:45.808547Z,2026-08-29T23:42:32.755378Z,1910,808,11787781522,
2703,943,opportunity_probe,succeeded,qwen3:14b,ollama-investigator-v2-structured-schema,opportunity-report-v1-ollama-v1,feed_card,1,0,2026-08-29T23:35:45.808547Z,2026-08-29T23:42:49.575477Z,2186,1151,16787970718,
2704,860,opportunity_probe,succeeded,qwen3:14b,ollama-investigator-v2-structured-schema,opportunity-report-v1-ollama-v1,feed_card,1,0,2026-08-29T23:35:45.808547Z,2026-08-29T23:43:04.733948Z,2107,1037,15127708354,
2705,791,opportunity_probe,succeeded,qwen3:14b,ollama-investigator-v2-structured-schema,opportunity-report-v1-ollama-v1,feed_card,1,0,2026-08-29T23:35:45.808547Z,2026-08-29T23:43:20.918086Z,2217,1114,16150217563,
2706,787,opportunity_probe,succeeded,qwen3:14b,ollama-investigator-v2-structured-schema,opportunity-report-v1-ollama-v1,feed_card,1,0,2026-08-29T23:35:45.808547Z,2026-08-29T23:43:38.336084Z,2232,1180,17386030750,
2707,559,opportunity_probe,succeeded,qwen3:14b,ollama-investigator-v2-structured-schema,opportunity-report-v1-ollama-v1,feed_card,1,0,2026-08-29T23:35:45.808547Z,2026-08-29T23:43:52.089478Z,2222,911,13723345985,
2708,792,opportunity_probe,succeeded,qwen3:14b,ollama-investigator-v2-structured-schema,opportunity-report-v1-ollama-v1,feed_card,1,0,2026-08-29T23:35:45.808547Z,2026-08-29T23:44:08.725143Z,2210,1136,16602041188,
2709,777,opportunity_probe,succeeded,qwen3:14b,ollama-investigator-v2-structured-schema,opportunity-report-v1-ollama-v1,feed_card,1,0,2026-08-29T23:35:45.808547Z,2026-08-29T23:44:20.354543Z,2178,770,11590100160,
2710,717,opportunity_probe,succeeded,qwen3:14b,ollama-investigator-v2-structured-schema,opportunity-report-v1-ollama-v1,feed_card,1,0,2026-08-29T23:35:45.808547Z,2026-08-29T23:44:36.267494Z,2229,1095,15869030783,
2711,608,opportunity_probe,succeeded,qwen3:14b,ollama-investigator-v2-structured-schema,opportunity-report-v1-ollama-v1,feed_card,1,0,2026-08-29T23:35:45.808547Z,2026-08-29T23:44:54.052056Z,2234,1219,17753111484,
2712,545,opportunity_probe,succeeded,qwen3:14b,ollama-investigator-v2-structured-schema,opportunity-report-v1-ollama-v1,feed_card,1,0,2026-08-29T23:35:45.808547Z,2026-08-29T23:45:06.512419Z,2114,825,12429145316,
2713,468,opportunity_probe,succeeded,qwen3:14b,ollama-investigator-v2-structured-schema,opportunity-report-v1-ollama-v1,feed_card,1,0,2026-08-29T23:35:45.808547Z,2026-08-29T23:45:23.181657Z,2242,1134,16634873276,
2714,442,opportunity_probe,succeeded,qwen3:14b,ollama-investigator-v2-structured-schema,opportunity-report-v1-ollama-v1,feed_card,1,0,2026-08-29T23:35:45.808547Z,2026-08-29T23:45:39.436691Z,2173,1113,16224074829,
2715,343,opportunity_probe,succeeded,qwen3:14b,ollama-investigator-v2-structured-schema,opportunity-report-v1-ollama-v1,feed_card,1,0,2026-08-29T23:35:45.808547Z,2026-08-29T23:45:54.086497Z,2202,993,14619637657,
2716,915,opportunity_probe,succeeded,qwen3:14b,ollama-investigator-v2-structured-schema,opportunity-report-v1-ollama-v1,feed_card,1,0,2026-08-29T23:35:45.808547Z,2026-08-29T23:46:06.196923Z,2151,812,12079184041,
2717,896,opportunity_probe,succeeded,qwen3:14b,ollama-investigator-v2-structured-schema,opportunity-report-v1-ollama-v1,feed_card,1,0,2026-08-29T23:35:45.808547Z,2026-08-29T23:46:19.306028Z,2223,880,13059171858,
2718,732,opportunity_probe,succeeded,qwen3:14b,ollama-investigator-v2-structured-schema,opportunity-report-v1-ollama-v1,feed_card,1,0,2026-08-29T23:35:45.808547Z,2026-08-29T23:46:33.161599Z,2218,938,13823179754,
2719,501,opportunity_probe,succeeded,qwen3:14b,ollama-investigator-v2-structured-schema,opportunity-report-v1-ollama-v1,feed_card,1,0,2026-08-29T23:35:45.808547Z,2026-08-29T23:46:48.299243Z,2201,1031,15106399794,
2720,758,opportunity_probe,succeeded,qwen3:14b,ollama-investigator-v2-structured-schema,opportunity-report-v1-ollama-v1,feed_card,1,0,2026-08-29T23:35:45.808547Z,2026-08-29T23:47:01.031891Z,2164,864,12701435933,
2721,699,opportunity_probe,succeeded,qwen3:14b,ollama-investigator-v2-structured-schema,opportunity-report-v1-ollama-v1,feed_card,1,0,2026-08-29T23:35:45.808547Z,2026-08-29T23:47:14.225866Z,2218,892,13161001830,
2722,562,opportunity_probe,succeeded,qwen3:14b,ollama-investigator-v2-structured-schema,opportunity-report-v1-ollama-v1,feed_card,1,0,2026-08-29T23:35:45.808547Z,2026-08-29T23:47:31.757635Z,2215,1218,17499963505,
2723,550,opportunity_probe,succeeded,qwen3:14b,ollama-investigator-v2-structured-schema,opportunity-report-v1-ollama-v1,feed_card,1,0,2026-08-29T23:35:45.808547Z,2026-08-29T23:47:47.541373Z,2215,1083,15752459513,
2724,524,opportunity_probe,succeeded,qwen3:14b,ollama-investigator-v2-structured-schema,opportunity-report-v1-ollama-v1,feed_card,1,0,2026-08-29T23:47:47.977200Z,2026-08-29T23:48:00.674603Z,2205,868,12655177639,
2725,523,opportunity_probe,succeeded,qwen3:14b,ollama-investigator-v2-structured-schema,opportunity-report-v1-ollama-v1,feed_card,1,0,2026-08-29T23:47:47.977200Z,2026-08-29T23:48:16.961727Z,2209,1123,16252892062,
2726,470,opportunity_probe,succeeded,qwen3:14b,ollama-investigator-v2-structured-schema,opportunity-report-v1-ollama-v1,feed_card,1,0,2026-08-29T23:47:47.977200Z,2026-08-29T23:48:34.550410Z,2229,1201,17551078651,
2727,455,opportunity_probe,succeeded,qwen3:14b,ollama-investigator-v2-structured-schema,opportunity-report-v1-ollama-v1,feed_card,1,0,2026-08-29T23:47:47.977200Z,2026-08-29T23:48:50.987934Z,2194,1122,16397898050,
2728,874,opportunity_probe,succeeded,qwen3:14b,ollama-investigator-v2-structured-schema,opportunity-report-v1-ollama-v1,feed_card,1,0,2026-08-29T23:47:47.977200Z,2026-08-29T23:49:04.054524Z,2222,894,13027754214,
2729,735,opportunity_probe,succeeded,qwen3:14b,ollama-investigator-v2-structured-schema,opportunity-report-v1-ollama-v1,feed_card,1,0,2026-08-29T23:47:47.977200Z,2026-08-29T23:49:17.581667Z,2238,920,13492639511,
2730,731,opportunity_probe,succeeded,qwen3:14b,ollama-investigator-v2-structured-schema,opportunity-report-v1-ollama-v1,feed_card,1,0,2026-08-29T23:47:47.977200Z,2026-08-29T23:49:31.234634Z,2129,930,13618535884,
2731,707,opportunity_probe,succeeded,qwen3:14b,ollama-investigator-v2-structured-schema,opportunity-report-v1-ollama-v1,feed_card,1,0,2026-08-29T23:47:47.977200Z,2026-08-29T23:49:47.589979Z,2176,1121,16323387434,
2732,701,opportunity_probe,succeeded,qwen3:14b,ollama-investigator-v2-structured-schema,opportunity-report-v1-ollama-v1,feed_card,1,0,2026-08-29T23:47:47.977200Z,2026-08-29T23:50:05.578908Z,2181,1243,17956791094,
2733,650,opportunity_probe,succeeded,qwen3:14b,ollama-investigator-v2-structured-schema,opportunity-report-v1-ollama-v1,feed_card,1,0,2026-08-29T23:47:47.977200Z,2026-08-29T23:50:23.708588Z,2236,1245,18090328310,
2734,892,opportunity_probe,succeeded,qwen3:14b,ollama-investigator-v2-structured-schema,opportunity-report-v1-ollama-v1,feed_card,1,0,2026-08-29T23:47:47.977200Z,2026-08-29T23:50:38.240939Z,2207,983,14490431583,
2735,619,opportunity_probe,succeeded,qwen3:14b,ollama-investigator-v2-structured-schema,opportunity-report-v1-ollama-v1,feed_card,1,0,2026-08-29T23:47:47.977200Z,2026-08-29T23:50:49.684898Z,2134,759,11412816964,
2736,929,opportunity_probe,succeeded,qwen3:14b,ollama-investigator-v2-structured-schema,opportunity-report-v1-ollama-v1,feed_card,1,0,2026-08-29T23:47:47.977200Z,2026-08-29T23:51:05.927468Z,2194,1124,16177663064,
2737,772,opportunity_probe,succeeded,qwen3:14b,ollama-investigator-v2-structured-schema,opportunity-report-v1-ollama-v1,feed_card,1,0,2026-08-29T23:47:47.977200Z,2026-08-29T23:51:20.598517Z,2220,991,14632585840,
2738,728,opportunity_probe,succeeded,qwen3:14b,ollama-investigator-v2-structured-schema,opportunity-report-v1-ollama-v1,feed_card,1,0,2026-08-29T23:47:47.977200Z,2026-08-29T23:51:34.148687Z,2226,918,13513798278,
2739,686,opportunity_probe,succeeded,qwen3:14b,ollama-investigator-v2-structured-schema,opportunity-report-v1-ollama-v1,feed_card,1,0,2026-08-29T23:47:47.977200Z,2026-08-29T23:51:47.387861Z,2250,892,13207667586,
2740,460,opportunity_probe,succeeded,qwen3:14b,ollama-investigator-v2-structured-schema,opportunity-report-v1-ollama-v1,feed_card,1,0,2026-08-29T23:47:47.977200Z,2026-08-29T23:52:00.875171Z,2233,912,13447531372,
2741,846,opportunity_probe,succeeded,qwen3:14b,ollama-investigator-v2-structured-schema,opportunity-report-v1-ollama-v1,feed_card,1,0,2026-08-29T23:47:47.977200Z,2026-08-29T23:52:14.914459Z,2218,950,13997946685,
2742,625,opportunity_probe,succeeded,qwen3:14b,ollama-investigator-v2-structured-schema,opportunity-report-v1-ollama-v1,feed_card,1,0,2026-08-29T23:47:47.977200Z,2026-08-29T23:52:28.394922Z,2209,913,13448467694,
2743,554,opportunity_probe,succeeded,qwen3:14b,ollama-investigator-v2-structured-schema,opportunity-report-v1-ollama-v1,feed_card,1,0,2026-08-29T23:47:47.977200Z,2026-08-29T23:52:41.732785Z,2247,901,13305730248,
2744,529,opportunity_probe,succeeded,qwen3:14b,ollama-investigator-v2-structured-schema,opportunity-report-v1-ollama-v1,feed_card,1,0,2026-08-29T23:47:47.977200Z,2026-08-29T23:52:56.214683Z,2215,995,14449061795,
2745,467,opportunity_probe,succeeded,qwen3:14b,ollama-investigator-v2-structured-schema,opportunity-report-v1-ollama-v1,feed_card,1,0,2026-08-29T23:47:47.977200Z,2026-08-29T23:53:09.401846Z,2255,896,13156260948,
2746,745,opportunity_probe,succeeded,qwen3:14b,ollama-investigator-v2-structured-schema,opportunity-report-v1-ollama-v1,feed_card,1,0,2026-08-29T23:47:47.977200Z,2026-08-29T23:53:25.250396Z,2216,1078,15816218884,
2747,695,opportunity_probe,succeeded,qwen3:14b,ollama-investigator-v2-structured-schema,opportunity-report-v1-ollama-v1,feed_card,1,0,2026-08-29T23:47:47.977200Z,2026-08-29T23:53:45.577283Z,2218,1404,20293862223,
2748,514,opportunity_probe,succeeded,qwen3:14b,ollama-investigator-v2-structured-schema,opportunity-report-v1-ollama-v1,feed_card,1,0,2026-08-29T23:47:47.977200Z,2026-08-29T23:54:02.210530Z,2242,1142,16590123749,
2749,437,opportunity_probe,succeeded,qwen3:14b,ollama-investigator-v2-structured-schema,opportunity-report-v1-ollama-v1,feed_card,1,0,2026-08-29T23:47:47.977200Z,2026-08-29T23:54:14.800043Z,2161,845,12547225484,
2750,118,opportunity_probe,succeeded,qwen3:14b,ollama-investigator-v2-structured-schema,opportunity-report-v1-ollama-v1,feed_card,1,0,2026-08-29T23:47:47.977200Z,2026-08-29T23:54:28.017473Z,1949,899,13186901390,
2751,778,opportunity_probe,succeeded,qwen3:14b,ollama-investigator-v2-structured-schema,opportunity-report-v1-ollama-v1,feed_card,1,0,2026-08-29T23:47:47.977200Z,2026-08-29T23:54:45.943696Z,2249,1241,17889418863,
2752,472,opportunity_probe,succeeded,qwen3:14b,ollama-investigator-v2-structured-schema,opportunity-report-v1-ollama-v1,feed_card,1,0,2026-08-29T23:47:47.977200Z,2026-08-29T23:55:00.615111Z,2208,987,14639978480,
2753,797,opportunity_probe,succeeded,qwen3:14b,ollama-investigator-v2-structured-schema,opportunity-report-v1-ollama-v1,feed_card,1,0,2026-08-29T23:47:47.977200Z,2026-08-29T23:55:17.935949Z,2228,1183,17288241743,
2754,434,opportunity_probe,succeeded,qwen3:14b,ollama-investigator-v2-structured-schema,opportunity-report-v1-ollama-v1,feed_card,1,0,2026-08-29T23:47:47.977200Z,2026-08-29T23:55:31.604308Z,2190,926,13632752688,
2755,425,opportunity_probe,succeeded,qwen3:14b,ollama-investigator-v2-structured-schema,opportunity-report-v1-ollama-v1,feed_card,1,0,2026-08-29T23:47:47.977200Z,2026-08-29T23:55:44.354314Z,2161,869,12718456501,
2756,878,opportunity_probe,succeeded,qwen3:14b,ollama-investigator-v2-structured-schema,opportunity-report-v1-ollama-v1,feed_card,1,0,2026-08-29T23:47:47.977200Z,2026-08-29T23:55:58.884465Z,2220,986,14497954870,
2757,340,opportunity_probe,succeeded,qwen3:14b,ollama-investigator-v2-structured-schema,opportunity-report-v1-ollama-v1,feed_card,1,0,2026-08-29T23:47:47.977200Z,2026-08-29T23:56:15.544921Z,2244,1147,16629124019,
2758,885,opportunity_probe,succeeded,qwen3:14b,ollama-investigator-v2-structured-schema,opportunity-report-v1-ollama-v1,feed_card,1,0,2026-08-29T23:47:47.977200Z,2026-08-29T23:56:33.052342Z,2218,1184,17374002575,
2759,709,opportunity_probe,succeeded,qwen3:14b,ollama-investigator-v2-structured-schema,opportunity-report-v1-ollama-v1,feed_card,1,0,2026-08-29T23:47:47.977200Z,2026-08-29T23:56:48.115229Z,2203,1017,15026631391,
2760,616,opportunity_probe,succeeded,qwen3:14b,ollama-investigator-v2-structured-schema,opportunity-report-v1-ollama-v1,feed_card,1,0,2026-08-29T23:47:47.977200Z,2026-08-29T23:57:04.421504Z,2182,1120,16274837916,
2761,557,opportunity_probe,succeeded,qwen3:14b,ollama-investigator-v2-structured-schema,opportunity-report-v1-ollama-v1,feed_card,1,0,2026-08-29T23:47:47.977200Z,2026-08-29T23:57:20.763195Z,2190,1114,16309312079,
2762,769,opportunity_probe,succeeded,qwen3:14b,ollama-investigator-v2-structured-schema,opportunity-report-v1-ollama-v1,feed_card,1,0,2026-08-29T23:47:47.977200Z,2026-08-29T23:57:37.853077Z,2244,1169,17051827718,
2763,801,opportunity_probe,succeeded,qwen3:14b,ollama-investigator-v2-structured-schema,opportunity-report-v1-ollama-v1,feed_card,1,0,2026-08-29T23:47:47.977200Z,2026-08-29T23:57:51.320334Z,2237,916,13429757032,
2764,754,opportunity_probe,succeeded,qwen3:14b,ollama-investigator-v2-structured-schema,opportunity-report-v1-ollama-v1,feed_card,1,0,2026-08-29T23:47:47.977200Z,2026-08-29T23:58:04.218081Z,2149,876,12862635603,
2765,946,triage,succeeded,qwen3:14b,ollama-adapter-v4-unit-score-normalization,taxonomy-v1-ollama-v13-unit-score-contract,feed_card,1,0,2026-08-30T00:08:25.452714Z,2026-08-30T00:08:53.663327Z,2396,122,28180429895,0
2766,947,triage,succeeded,qwen3:14b,ollama-adapter-v4-unit-score-normalization,taxonomy-v1-ollama-v13-unit-score-contract,feed_card,1,0,2026-08-30T00:08:53.683519Z,2026-08-30T00:08:55.334234Z,2382,114,1621424625,0
2767,948,triage,succeeded,qwen3:14b,ollama-adapter-v4-unit-score-normalization,taxonomy-v1-ollama-v13-unit-score-contract,feed_card,1,0,2026-08-30T00:08:55.355146Z,2026-08-30T00:08:57.262783Z,2385,132,1870007229,0
2768,949,triage,succeeded,qwen3:14b,ollama-adapter-v4-unit-score-normalization,taxonomy-v1-ollama-v13-unit-score-contract,feed_card,1,0,2026-08-30T00:08:57.281423Z,2026-08-30T00:08:59.274578Z,2445,137,1966019705,0
2769,950,triage,succeeded,qwen3:14b,ollama-adapter-v4-unit-score-normalization,taxonomy-v1-ollama-v13-unit-score-contract,feed_card,1,0,2026-08-30T00:08:59.293129Z,2026-08-30T00:09:00.981380Z,2419,116,1657768650,0
2770,951,triage,succeeded,qwen3:14b,ollama-adapter-v4-unit-score-normalization,taxonomy-v1-ollama-v13-unit-score-contract,feed_card,1,0,2026-08-30T00:09:01.001635Z,2026-08-30T00:09:02.571994Z,2363,109,1543224151,0
2771,952,triage,succeeded,qwen3:14b,ollama-adapter-v4-unit-score-normalization,taxonomy-v1-ollama-v13-unit-score-contract,feed_card,1,0,2026-08-30T00:20:05.777054Z,2026-08-30T00:20:34.724232Z,2421,151,28915219703,0
2772,953,triage,succeeded,qwen3:14b,ollama-adapter-v4-unit-score-normalization,taxonomy-v1-ollama-v13-unit-score-contract,feed_card,1,0,2026-08-30T00:20:34.744914Z,2026-08-30T00:20:36.748964Z,2434,138,1976192289,0
2773,954,triage,succeeded,qwen3:14b,ollama-adapter-v4-unit-score-normalization,taxonomy-v1-ollama-v13-unit-score-contract,feed_card,1,0,2026-08-30T00:20:36.768568Z,2026-08-30T00:20:38.297363Z,2374,105,1501116241,0
2774,955,triage,succeeded,qwen3:14b,ollama-adapter-v4-unit-score-normalization,taxonomy-v1-ollama-v13-unit-score-contract,feed_card,1,0,2026-08-30T00:20:38.315131Z,2026-08-30T00:20:40.366785Z,2427,141,2021215129,0
2775,956,triage,succeeded,qwen3:14b,ollama-adapter-v4-unit-score-normalization,taxonomy-v1-ollama-v13-unit-score-contract,feed_card,1,0,2026-08-30T00:20:40.395061Z,2026-08-30T00:20:42.055472Z,2428,113,1617549936,0
2776,957,triage,succeeded,qwen3:14b,ollama-adapter-v4-unit-score-normalization,taxonomy-v1-ollama-v13-unit-score-contract,feed_card,1,0,2026-08-30T00:20:42.078180Z,2026-08-30T00:20:43.839943Z,2396,118,1702264211,0
2777,958,triage,succeeded,qwen3:14b,ollama-adapter-v4-unit-score-normalization,taxonomy-v1-ollama-v13-unit-score-contract,feed_card,1,0,2026-08-30T00:20:43.860628Z,2026-08-30T00:20:45.351272Z,2376,101,1453727760,0
2778,952,verification,succeeded,qwen3:8b,ollama-adapter-v4-unit-score-normalization,taxonomy-v1-ollama-v13-unit-score-contract,feed_card,1,0,2026-08-30T00:20:45.402817Z,2026-08-30T00:21:02.577186Z,2421,110,17145677102,0
2779,955,verification,succeeded,qwen3:8b,ollama-adapter-v4-unit-score-normalization,taxonomy-v1-ollama-v13-unit-score-contract,feed_card,1,0,2026-08-30T00:21:02.599292Z,2026-08-30T00:21:03.643996Z,2427,109,1017176116,0
2780,952,opportunity_probe,succeeded,qwen3:14b,ollama-investigator-v2-structured-schema,opportunity-report-v1-ollama-v1,feed_card,1,0,2026-08-30T00:23:25.655370Z,2026-08-30T00:23:43.619862Z,2217,969,17926296202,
2781,955,opportunity_probe,succeeded,qwen3:14b,ollama-investigator-v2-structured-schema,opportunity-report-v1-ollama-v1,feed_card,1,0,2026-08-30T00:23:25.655370Z,2026-08-30T00:23:56.378776Z,2252,856,12727691804,
2782,959,triage,succeeded,qwen3:14b,ollama-adapter-v4-unit-score-normalization,taxonomy-v1-ollama-v13-unit-score-contract,feed_card,1,0,2026-08-30T00:54:25.461659Z,2026-08-30T00:54:54.253491Z,2431,155,28746923972,0
2783,960,triage,succeeded,qwen3:14b,ollama-adapter-v4-unit-score-normalization,taxonomy-v1-ollama-v13-unit-score-contract,feed_card,1,0,2026-08-30T00:54:54.273649Z,2026-08-30T00:54:55.531687Z,2375,85,1228819061,0
2784,961,triage,succeeded,qwen3:14b,ollama-adapter-v4-unit-score-normalization,taxonomy-v1-ollama-v13-unit-score-contract,feed_card,1,0,2026-08-30T00:54:55.551685Z,2026-08-30T00:54:57.532878Z,2396,138,1949131836,0
2785,962,triage,succeeded,qwen3:14b,ollama-adapter-v4-unit-score-normalization,taxonomy-v1-ollama-v13-unit-score-contract,feed_card,1,0,2026-08-30T00:54:57.552207Z,2026-08-30T00:54:58.940325Z,2364,95,1357235131,0
2786,963,triage,succeeded,qwen3:14b,ollama-adapter-v4-unit-score-normalization,taxonomy-v1-ollama-v13-unit-score-contract,feed_card,1,0,2026-08-30T01:06:25.466056Z,2026-08-30T01:06:50.743524Z,2429,105,25247593177,0
2787,964,triage,succeeded,qwen3:14b,ollama-adapter-v4-unit-score-normalization,taxonomy-v1-ollama-v13-unit-score-contract,feed_card,1,0,2026-08-30T01:40:25.453679Z,2026-08-30T01:40:51.729968Z,2424,158,26230750392,0
2788,964,verification,succeeded,qwen3:8b,ollama-adapter-v4-unit-score-normalization,taxonomy-v1-ollama-v13-unit-score-contract,feed_card,1,0,2026-08-30T01:40:51.769967Z,2026-08-30T01:41:09.059557Z,2424,158,17248924049,0
2789,964,opportunity_probe,succeeded,qwen3:14b,ollama-investigator-v2-structured-schema,opportunity-report-v1-ollama-v1,feed_card,1,0,2026-08-30T01:43:08.457263Z,2026-08-30T01:43:47.106750Z,2162,830,38601647550,
2790,965,triage,succeeded,qwen3:14b,ollama-adapter-v4-unit-score-normalization,taxonomy-v1-ollama-v13-unit-score-contract,feed_card,1,0,2026-08-30T01:51:25.472898Z,2026-08-30T01:51:30.621289Z,2404,108,5116790685,0
2791,966,triage,succeeded,qwen3:14b,ollama-adapter-v4-unit-score-normalization,taxonomy-v1-ollama-v13-unit-score-contract,feed_card,1,0,2026-08-30T01:51:30.656341Z,2026-08-30T01:51:32.302869Z,2430,112,1612374263,0
2792,967,triage,succeeded,qwen3:14b,ollama-adapter-v4-unit-score-normalization,taxonomy-v1-ollama-v13-unit-score-contract,feed_card,1,0,2026-08-30T01:51:32.323317Z,2026-08-30T01:51:33.937837Z,2401,110,1583343715,0
2793,968,triage,succeeded,qwen3:14b,ollama-adapter-v4-unit-score-normalization,taxonomy-v1-ollama-v13-unit-score-contract,feed_card,1,0,2026-08-30T01:51:33.961194Z,2026-08-30T01:51:35.578736Z,2364,112,1585429660,0
2794,969,triage,succeeded,qwen3:14b,ollama-adapter-v4-unit-score-normalization,taxonomy-v1-ollama-v13-unit-score-contract,feed_card,1,0,2026-08-30T01:51:35.599145Z,2026-08-30T01:51:37.300985Z,2407,116,1670284496,0
2795,970,triage,succeeded,qwen3:14b,ollama-adapter-v4-unit-score-normalization,taxonomy-v1-ollama-v13-unit-score-contract,feed_card,1,0,2026-08-30T01:51:37.321889Z,2026-08-30T01:51:38.948933Z,2376,111,1598244551,0
2796,971,triage,succeeded,qwen3:14b,ollama-adapter-v4-unit-score-normalization,taxonomy-v1-ollama-v13-unit-score-contract,feed_card,1,0,2026-08-30T01:51:38.971147Z,2026-08-30T01:51:40.749589Z,2389,122,1747551290,0
2797,972,triage,succeeded,qwen3:14b,ollama-adapter-v4-unit-score-normalization,taxonomy-v1-ollama-v13-unit-score-contract,feed_card,1,0,2026-08-30T02:12:25.452448Z,2026-08-30T02:12:54.660845Z,2426,190,29172774241,0
2798,973,triage,succeeded,qwen3:14b,ollama-adapter-v4-unit-score-normalization,taxonomy-v1-ollama-v13-unit-score-contract,feed_card,1,0,2026-08-30T02:12:54.681914Z,2026-08-30T02:12:56.186777Z,2428,102,1474680099,0
2799,972,verification,succeeded,qwen3:8b,ollama-adapter-v4-unit-score-normalization,taxonomy-v1-ollama-v13-unit-score-contract,feed_card,1,0,2026-08-30T02:12:56.228656Z,2026-08-30T02:13:13.287254Z,2426,133,17027817906,0
2800,972,opportunity_probe,succeeded,qwen3:14b,ollama-investigator-v2-structured-schema,opportunity-report-v1-ollama-v1,feed_card,1,0,2026-08-30T02:17:25.619210Z,2026-08-30T02:18:06.107207Z,2158,985,40441655820,
2802,1,triage,succeeded,qwen3:14b,ollama-adapter-v4-unit-score-normalization,taxonomy-v1-ollama-v13-unit-score-contract,feed_card,1,0,2026-08-30T02:46:14.226559Z,2026-08-30T02:46:43.652832Z,2446,203,29391167192,0
2803,33,triage,succeeded,qwen3:14b,ollama-adapter-v4-unit-score-normalization,taxonomy-v1-ollama-v13-unit-score-contract,feed_card,1,0,2026-08-30T02:46:43.675201Z,2026-08-30T02:46:45.200605Z,2376,105,1495676958,0
2804,34,triage,succeeded,qwen3:14b,ollama-adapter-v4-unit-score-normalization,taxonomy-v1-ollama-v13-unit-score-contract,feed_card,1,0,2026-08-30T02:46:45.230093Z,2026-08-30T02:46:47.035821Z,2440,109,1576123401,0
2805,35,triage,succeeded,qwen3:14b,ollama-adapter-v4-unit-score-normalization,taxonomy-v1-ollama-v13-unit-score-contract,feed_card,1,0,2026-08-30T02:46:47.108366Z,2026-08-30T02:46:48.682080Z,2383,106,1509882480,0
2806,36,triage,succeeded,qwen3:14b,ollama-adapter-v4-unit-score-normalization,taxonomy-v1-ollama-v13-unit-score-contract,feed_card,1,0,2026-08-30T02:46:48.710017Z,2026-08-30T02:46:50.449019Z,2403,120,1711159658,0
2807,37,triage,succeeded,qwen3:14b,ollama-adapter-v4-unit-score-normalization,taxonomy-v1-ollama-v13-unit-score-contract,feed_card,1,0,2026-08-30T02:46:50.514109Z,2026-08-30T02:46:52.325597Z,2439,123,1779545012,0
2808,38,triage,succeeded,qwen3:14b,ollama-adapter-v4-unit-score-normalization,taxonomy-v1-ollama-v13-unit-score-contract,feed_card,1,0,2026-08-30T02:46:52.346387Z,2026-08-30T02:46:53.737042Z,2372,95,1362325596,0
2809,39,triage,succeeded,qwen3:14b,ollama-adapter-v4-unit-score-normalization,taxonomy-v1-ollama-v13-unit-score-contract,feed_card,1,0,2026-08-30T02:46:53.761197Z,2026-08-30T02:46:55.281319Z,2428,102,1492114964,0
2810,40,triage,succeeded,qwen3:14b,ollama-adapter-v4-unit-score-normalization,taxonomy-v1-ollama-v13-unit-score-contract,feed_card,1,0,2026-08-30T02:46:55.300917Z,2026-08-30T02:46:57.105570Z,2420,125,1775987188,0
2811,41,triage,succeeded,qwen3:14b,ollama-adapter-v4-unit-score-normalization,taxonomy-v1-ollama-v13-unit-score-contract,feed_card,1,0,2026-08-30T02:46:57.129412Z,2026-08-30T02:46:58.563497Z,2367,99,1406249280,0
2812,42,triage,succeeded,qwen3:14b,ollama-adapter-v4-unit-score-normalization,taxonomy-v1-ollama-v13-unit-score-contract,feed_card,1,0,2026-08-30T02:46:58.583315Z,2026-08-30T02:47:00.437066Z,2440,128,1825739172,0
2813,43,triage,succeeded,qwen3:14b,ollama-adapter-v4-unit-score-normalization,taxonomy-v1-ollama-v13-unit-score-contract,feed_card,1,0,2026-08-30T02:47:00.455380Z,2026-08-30T02:47:02.096819Z,2386,114,1611832565,0
2814,44,triage,succeeded,qwen3:14b,ollama-adapter-v4-unit-score-normalization,taxonomy-v1-ollama-v13-unit-score-contract,feed_card,1,0,2026-08-30T02:47:02.118000Z,2026-08-30T02:47:04.017012Z,2436,131,1868790171,0
2815,45,triage,succeeded,qwen3:14b,ollama-adapter-v4-unit-score-normalization,taxonomy-v1-ollama-v13-unit-score-contract,feed_card,1,0,2026-08-30T02:47:04.039491Z,2026-08-30T02:47:05.515530Z,2415,101,1448849738,0
2816,46,triage,succeeded,qwen3:14b,ollama-adapter-v4-unit-score-normalization,taxonomy-v1-ollama-v13-unit-score-contract,feed_card,1,0,2026-08-30T02:47:05.540293Z,2026-08-30T02:47:06.791200Z,2374,85,1220715719,0
2817,76,triage,succeeded,qwen3:14b,ollama-adapter-v4-unit-score-normalization,taxonomy-v1-ollama-v13-unit-score-contract,feed_card,1,0,2026-08-30T02:47:06.817003Z,2026-08-30T02:47:08.082708Z,2364,86,1233645036,0
2818,132,triage,succeeded,qwen3:14b,ollama-adapter-v4-unit-score-normalization,taxonomy-v1-ollama-v13-unit-score-contract,feed_card,1,0,2026-08-30T02:47:08.104854Z,2026-08-30T02:47:09.494722Z,2364,96,1361771386,0
2819,974,triage,succeeded,qwen3:14b,ollama-adapter-v4-unit-score-normalization,taxonomy-v1-ollama-v13-unit-score-contract,feed_card,1,0,2026-08-30T02:47:09.513965Z,2026-08-30T02:47:10.775277Z,2392,84,1229896804,0
2820,975,triage,succeeded,qwen3:14b,ollama-adapter-v4-unit-score-normalization,taxonomy-v1-ollama-v13-unit-score-contract,feed_card,1,0,2026-08-30T02:47:10.795620Z,2026-08-30T02:47:12.502971Z,2370,118,1667453503,0
2821,976,triage,succeeded,qwen3:14b,ollama-adapter-v4-unit-score-normalization,taxonomy-v1-ollama-v13-unit-score-contract,feed_card,1,0,2026-08-30T02:47:12.521524Z,2026-08-30T02:47:14.255509Z,2373,121,1700951341,0
2822,977,triage,succeeded,qwen3:14b,ollama-adapter-v4-unit-score-normalization,taxonomy-v1-ollama-v13-unit-score-contract,feed_card,1,0,2026-08-30T02:47:14.275552Z,2026-08-30T02:47:16.282650Z,2424,139,1976461932,0
2823,978,triage,succeeded,qwen3:14b,ollama-adapter-v4-unit-score-normalization,taxonomy-v1-ollama-v13-unit-score-contract,feed_card,1,0,2026-08-30T02:47:16.303512Z,2026-08-30T02:47:17.909876Z,2387,111,1571403163,0
2824,979,triage,succeeded,qwen3:14b,ollama-adapter-v4-unit-score-normalization,taxonomy-v1-ollama-v13-unit-score-contract,feed_card,1,0,2026-08-30T02:47:17.935427Z,2026-08-30T02:47:19.620338Z,2416,115,1642233849,0
2825,980,triage,succeeded,qwen3:14b,ollama-adapter-v4-unit-score-normalization,taxonomy-v1-ollama-v13-unit-score-contract,feed_card,1,0,2026-08-30T02:47:19.640430Z,2026-08-30T02:47:21.175636Z,2383,106,1506195185,0
2826,981,triage,succeeded,qwen3:14b,ollama-adapter-v4-unit-score-normalization,taxonomy-v1-ollama-v13-unit-score-contract,feed_card,1,0,2026-08-30T02:47:21.208294Z,2026-08-30T02:47:22.721958Z,2392,103,1483421083,0
2827,982,triage,succeeded,qwen3:14b,ollama-adapter-v4-unit-score-normalization,taxonomy-v1-ollama-v13-unit-score-contract,feed_card,1,0,2026-08-30T02:47:22.744489Z,2026-08-30T02:47:24.148909Z,2389,96,1376631453,0
2828,983,triage,succeeded,qwen3:14b,ollama-adapter-v4-unit-score-normalization,taxonomy-v1-ollama-v13-unit-score-contract,feed_card,1,0,2026-08-30T02:47:24.168093Z,2026-08-30T02:47:25.672199Z,2394,103,1475241976,0
2829,984,triage,succeeded,qwen3:14b,ollama-adapter-v4-unit-score-normalization,taxonomy-v1-ollama-v13-unit-score-contract,feed_card,1,0,2026-08-30T02:47:25.700065Z,2026-08-30T02:47:27.725408Z,2424,139,1987851296,0
2830,985,triage,succeeded,qwen3:14b,ollama-adapter-v4-unit-score-normalization,taxonomy-v1-ollama-v13-unit-score-contract,feed_card,1,0,2026-08-30T02:47:27.747356Z,2026-08-30T02:47:29.219771Z,2381,101,1442914903,0
2831,986,triage,succeeded,qwen3:14b,ollama-adapter-v4-unit-score-normalization,taxonomy-v1-ollama-v13-unit-score-contract,feed_card,1,0,2026-08-30T02:47:29.239310Z,2026-08-30T02:47:30.856354Z,2377,111,1587116435,0
2832,987,triage,succeeded,qwen3:14b,ollama-adapter-v4-unit-score-normalization,taxonomy-v1-ollama-v13-unit-score-contract,feed_card,1,0,2026-08-30T02:47:30.880346Z,2026-08-30T02:47:32.556851Z,2383,116,1644121909,0
2833,988,triage,succeeded,qwen3:14b,ollama-adapter-v4-unit-score-normalization,taxonomy-v1-ollama-v13-unit-score-contract,feed_card,1,0,2026-08-30T02:47:32.579248Z,2026-08-30T02:47:34.136935Z,2383,107,1529807024,0
2834,989,triage,succeeded,qwen3:14b,ollama-adapter-v4-unit-score-normalization,taxonomy-v1-ollama-v13-unit-score-contract,feed_card,1,0,2026-08-30T02:47:34.155545Z,2026-08-30T02:47:36.083255Z,2426,133,1899008714,0
2835,990,triage,succeeded,qwen3:14b,ollama-adapter-v4-unit-score-normalization,taxonomy-v1-ollama-v13-unit-score-contract,feed_card,1,0,2026-08-30T02:47:36.102337Z,2026-08-30T02:47:37.453157Z,2372,93,1322133877,0
2836,991,triage,succeeded,qwen3:14b,ollama-adapter-v4-unit-score-normalization,taxonomy-v1-ollama-v13-unit-score-contract,feed_card,1,0,2026-08-30T02:47:37.473581Z,2026-08-30T02:47:39.019269Z,2388,107,1518341310,0
2837,992,triage,succeeded,qwen3:14b,ollama-adapter-v4-unit-score-normalization,taxonomy-v1-ollama-v13-unit-score-contract,feed_card,1,0,2026-08-30T02:47:39.049991Z,2026-08-30T02:47:40.692765Z,2386,112,1604219291,0
2838,993,triage,succeeded,qwen3:14b,ollama-adapter-v4-unit-score-normalization,taxonomy-v1-ollama-v13-unit-score-contract,feed_card,1,0,2026-08-30T02:47:40.772066Z,2026-08-30T02:47:42.026833Z,2378,84,1211399953,0
2839,994,triage,succeeded,qwen3:14b,ollama-adapter-v4-unit-score-normalization,taxonomy-v1-ollama-v13-unit-score-contract,feed_card,1,0,2026-08-30T02:47:42.075669Z,2026-08-30T02:47:43.693111Z,2406,107,1532259150,0
2840,995,triage,succeeded,qwen3:14b,ollama-adapter-v4-unit-score-normalization,taxonomy-v1-ollama-v13-unit-score-contract,feed_card,1,0,2026-08-30T02:47:43.725463Z,2026-08-30T02:47:45.503736Z,2382,121,1743365862,0
2841,996,triage,succeeded,qwen3:14b,ollama-adapter-v4-unit-score-normalization,taxonomy-v1-ollama-v13-unit-score-contract,feed_card,1,0,2026-08-30T02:47:45.555726Z,2026-08-30T02:47:47.417144Z,2440,128,1831901604,0
2842,997,triage,succeeded,qwen3:14b,ollama-adapter-v4-unit-score-normalization,taxonomy-v1-ollama-v13-unit-score-contract,feed_card,1,0,2026-08-30T02:47:47.436873Z,2026-08-30T02:47:49.177585Z,2429,119,1708025043,0
2843,998,triage,succeeded,qwen3:14b,ollama-adapter-v4-unit-score-normalization,taxonomy-v1-ollama-v13-unit-score-contract,feed_card,1,0,2026-08-30T02:47:49.199133Z,2026-08-30T02:47:50.921459Z,2436,118,1693657396,0
2844,999,triage,succeeded,qwen3:14b,ollama-adapter-v4-unit-score-normalization,taxonomy-v1-ollama-v13-unit-score-contract,feed_card,1,0,2026-08-30T02:47:50.941504Z,2026-08-30T02:47:52.818183Z,2437,126,1807721989,0
2845,1000,triage,succeeded,qwen3:14b,ollama-adapter-v4-unit-score-normalization,taxonomy-v1-ollama-v13-unit-score-contract,feed_card,1,0,2026-08-30T02:47:52.838574Z,2026-08-30T02:47:54.572379Z,2399,119,1694545765,0
2846,1001,triage,succeeded,qwen3:14b,ollama-adapter-v4-unit-score-normalization,taxonomy-v1-ollama-v13-unit-score-contract,feed_card,1,0,2026-08-30T02:47:54.591303Z,2026-08-30T02:47:56.940380Z,2407,163,2305836558,0
2847,1002,triage,succeeded,qwen3:14b,ollama-adapter-v4-unit-score-normalization,taxonomy-v1-ollama-v13-unit-score-contract,feed_card,1,0,2026-08-30T02:47:57.035953Z,2026-08-30T02:47:58.519226Z,2368,102,1444820644,0
2848,1003,triage,succeeded,qwen3:14b,ollama-adapter-v4-unit-score-normalization,taxonomy-v1-ollama-v13-unit-score-contract,feed_card,1,0,2026-08-30T02:47:58.583338Z,2026-08-30T02:48:00.170475Z,2378,108,1542956817,0
2849,1004,triage,succeeded,qwen3:14b,ollama-adapter-v4-unit-score-normalization,taxonomy-v1-ollama-v13-unit-score-contract,feed_card,1,0,2026-08-30T02:48:00.189360Z,2026-08-30T02:48:01.650707Z,2422,99,1431152281,0
2850,1005,triage,succeeded,qwen3:14b,ollama-adapter-v4-unit-score-normalization,taxonomy-v1-ollama-v13-unit-score-contract,feed_card,1,0,2026-08-30T02:48:01.669455Z,2026-08-30T02:48:03.083882Z,2384,97,1385805207,0
2851,1006,triage,succeeded,qwen3:14b,ollama-adapter-v4-unit-score-normalization,taxonomy-v1-ollama-v13-unit-score-contract,feed_card,1,0,2026-08-30T02:48:03.104059Z,2026-08-30T02:48:05.208032Z,2429,146,2075592070,0
2852,1007,triage,succeeded,qwen3:14b,ollama-adapter-v4-unit-score-normalization,taxonomy-v1-ollama-v13-unit-score-contract,feed_card,1,0,2026-08-30T02:48:05.227043Z,2026-08-30T02:48:06.903443Z,2440,115,1647228096,0
2853,1008,triage,succeeded,qwen3:14b,ollama-adapter-v4-unit-score-normalization,taxonomy-v1-ollama-v13-unit-score-contract,feed_card,1,0,2026-08-30T02:48:06.923935Z,2026-08-30T02:48:08.334688Z,2369,97,1380624671,0
2854,1009,triage,succeeded,qwen3:14b,ollama-adapter-v4-unit-score-normalization,taxonomy-v1-ollama-v13-unit-score-contract,feed_card,1,0,2026-08-30T02:48:08.355645Z,2026-08-30T02:48:10.094947Z,2406,120,1709033418,0
2855,1010,triage,succeeded,qwen3:14b,ollama-adapter-v4-unit-score-normalization,taxonomy-v1-ollama-v13-unit-score-contract,feed_card,1,0,2026-08-30T02:48:10.117491Z,2026-08-30T02:48:11.439423Z,2366,90,1290102579,0
2856,1011,triage,succeeded,qwen3:14b,ollama-adapter-v4-unit-score-normalization,taxonomy-v1-ollama-v13-unit-score-contract,feed_card,1,0,2026-08-30T02:48:11.469647Z,2026-08-30T02:48:12.980757Z,2377,104,1480482540,0
2857,1012,triage,succeeded,qwen3:14b,ollama-adapter-v4-unit-score-normalization,taxonomy-v1-ollama-v13-unit-score-contract,feed_card,1,0,2026-08-30T02:48:13.001278Z,2026-08-30T02:48:15.667300Z,2444,187,2633832363,0
2858,1013,triage,succeeded,qwen3:14b,ollama-adapter-v4-unit-score-normalization,taxonomy-v1-ollama-v13-unit-score-contract,feed_card,1,0,2026-08-30T02:48:15.688502Z,2026-08-30T02:48:17.286951Z,2389,109,1553843917,0
2859,1014,triage,succeeded,qwen3:14b,ollama-adapter-v4-unit-score-normalization,taxonomy-v1-ollama-v13-unit-score-contract,feed_card,1,0,2026-08-30T02:48:17.306082Z,2026-08-30T02:48:19.924396Z,2438,182,2569654100,0
2860,1015,triage,succeeded,qwen3:14b,ollama-adapter-v4-unit-score-normalization,taxonomy-v1-ollama-v13-unit-score-contract,feed_card,1,0,2026-08-30T02:48:19.961444Z,2026-08-30T02:48:21.609396Z,2390,114,1617068342,0
2861,1016,triage,succeeded,qwen3:14b,ollama-adapter-v4-unit-score-normalization,taxonomy-v1-ollama-v13-unit-score-contract,feed_card,1,0,2026-08-30T02:48:21.683050Z,2026-08-30T02:48:23.526182Z,2442,124,1774305616,0
2862,1017,triage,succeeded,qwen3:14b,ollama-adapter-v4-unit-score-normalization,taxonomy-v1-ollama-v13-unit-score-contract,feed_card,1,0,2026-08-30T02:48:23.596651Z,2026-08-30T02:48:25.449670Z,2419,125,1781659206,0
2863,1018,triage,succeeded,qwen3:14b,ollama-adapter-v4-unit-score-normalization,taxonomy-v1-ollama-v13-unit-score-contract,feed_card,1,0,2026-08-30T02:48:25.479835Z,2026-08-30T02:48:27.232072Z,2452,117,1691773884,0
2864,1019,triage,succeeded,qwen3:14b,ollama-adapter-v4-unit-score-normalization,taxonomy-v1-ollama-v13-unit-score-contract,feed_card,1,0,2026-08-30T02:48:27.253099Z,2026-08-30T02:48:28.804715Z,2419,106,1523481425,0
2865,1020,triage,succeeded,qwen3:14b,ollama-adapter-v4-unit-score-normalization,taxonomy-v1-ollama-v13-unit-score-contract,feed_card,1,0,2026-08-30T02:48:28.824415Z,2026-08-30T02:48:30.771021Z,2434,133,1913792497,0
2866,1021,triage,succeeded,qwen3:14b,ollama-adapter-v4-unit-score-normalization,taxonomy-v1-ollama-v13-unit-score-contract,feed_card,1,0,2026-08-30T02:48:30.797488Z,2026-08-30T02:48:32.547987Z,2439,120,1723066852,0
2867,1022,triage,succeeded,qwen3:14b,ollama-adapter-v4-unit-score-normalization,taxonomy-v1-ollama-v13-unit-score-contract,feed_card,1,0,2026-08-30T02:48:32.568408Z,2026-08-30T02:48:34.100651Z,2432,104,1503224807,0
2868,1023,triage,succeeded,qwen3:14b,ollama-adapter-v4-unit-score-normalization,taxonomy-v1-ollama-v13-unit-score-contract,feed_card,1,0,2026-08-30T02:48:34.130684Z,2026-08-30T02:48:35.832456Z,2395,116,1670583350,0
2869,1024,triage,succeeded,qwen3:14b,ollama-adapter-v4-unit-score-normalization,taxonomy-v1-ollama-v13-unit-score-contract,feed_card,1,0,2026-08-30T02:48:35.852671Z,2026-08-30T02:48:37.136967Z,2373,87,1256965135,0
2870,1025,triage,succeeded,qwen3:14b,ollama-adapter-v4-unit-score-normalization,taxonomy-v1-ollama-v13-unit-score-contract,feed_card,1,0,2026-08-30T02:48:37.156448Z,2026-08-30T02:48:38.927076Z,2441,121,1742045368,0
2871,1026,triage,succeeded,qwen3:14b,ollama-adapter-v4-unit-score-normalization,taxonomy-v1-ollama-v13-unit-score-contract,feed_card,1,0,2026-08-30T02:48:38.947148Z,2026-08-30T02:48:40.628725Z,2444,115,1652472670,0
2872,1027,triage,succeeded,qwen3:14b,ollama-adapter-v4-unit-score-normalization,taxonomy-v1-ollama-v13-unit-score-contract,feed_card,1,0,2026-08-30T02:48:40.651074Z,2026-08-30T02:48:42.238708Z,2438,108,1556697151,0
2873,1028,triage,succeeded,qwen3:14b,ollama-adapter-v4-unit-score-normalization,taxonomy-v1-ollama-v13-unit-score-contract,feed_card,1,0,2026-08-30T02:48:42.261343Z,2026-08-30T02:48:43.793037Z,2404,105,1502467944,0
2874,1029,triage,succeeded,qwen3:14b,ollama-adapter-v4-unit-score-normalization,taxonomy-v1-ollama-v13-unit-score-contract,feed_card,1,0,2026-08-30T02:48:43.826487Z,2026-08-30T02:48:45.533962Z,2438,117,1679227264,0
2875,1030,triage,succeeded,qwen3:14b,ollama-adapter-v4-unit-score-normalization,taxonomy-v1-ollama-v13-unit-score-contract,feed_card,1,0,2026-08-30T02:48:45.556663Z,2026-08-30T02:48:47.379475Z,2433,125,1794485711,0
2876,1031,triage,succeeded,qwen3:14b,ollama-adapter-v4-unit-score-normalization,taxonomy-v1-ollama-v13-unit-score-contract,feed_card,1,0,2026-08-30T02:48:47.399759Z,2026-08-30T02:48:48.913127Z,2393,103,1484971557,0
2877,1032,triage,succeeded,qwen3:14b,ollama-adapter-v4-unit-score-normalization,taxonomy-v1-ollama-v13-unit-score-contract,feed_card,1,0,2026-08-30T02:48:48.934200Z,2026-08-30T02:48:50.716929Z,2398,122,1753991272,0
2878,1033,triage,succeeded,qwen3:14b,ollama-adapter-v4-unit-score-normalization,taxonomy-v1-ollama-v13-unit-score-contract,feed_card,1,0,2026-08-30T02:48:50.735808Z,2026-08-30T02:48:52.465376Z,2400,118,1697899693,0
2879,1034,triage,succeeded,qwen3:14b,ollama-adapter-v4-unit-score-normalization,taxonomy-v1-ollama-v13-unit-score-contract,feed_card,1,0,2026-08-30T02:48:52.484691Z,2026-08-30T02:48:54.000691Z,2376,104,1485950105,0
2880,1035,triage,succeeded,qwen3:14b,ollama-adapter-v4-unit-score-normalization,taxonomy-v1-ollama-v13-unit-score-contract,feed_card,1,0,2026-08-30T02:48:54.026742Z,2026-08-30T02:48:55.666561Z,2376,113,1610552173,0
2881,1036,triage,succeeded,qwen3:14b,ollama-adapter-v4-unit-score-normalization,taxonomy-v1-ollama-v13-unit-score-contract,feed_card,1,0,2026-08-30T02:48:55.687423Z,2026-08-30T02:48:57.377301Z,2396,116,1653169479,0
2882,1037,triage,succeeded,qwen3:14b,ollama-adapter-v4-unit-score-normalization,taxonomy-v1-ollama-v13-unit-score-contract,feed_card,1,0,2026-08-30T02:48:57.399113Z,2026-08-30T02:48:59.045676Z,2377,114,1618404631,0
2883,1038,triage,succeeded,qwen3:14b,ollama-adapter-v4-unit-score-normalization,taxonomy-v1-ollama-v13-unit-score-contract,feed_card,1,0,2026-08-30T02:48:59.064711Z,2026-08-30T02:49:00.689399Z,2365,113,1596620497,0
2884,1039,triage,succeeded,qwen3:14b,ollama-adapter-v4-unit-score-normalization,taxonomy-v1-ollama-v13-unit-score-contract,feed_card,1,0,2026-08-30T02:49:00.709199Z,2026-08-30T02:49:02.248090Z,2362,106,1509621364,0
2885,1040,triage,succeeded,qwen3:14b,ollama-adapter-v4-unit-score-normalization,taxonomy-v1-ollama-v13-unit-score-contract,feed_card,1,0,2026-08-30T02:49:02.271754Z,2026-08-30T02:49:03.863860Z,2371,109,1562631025,0
2886,1041,triage,succeeded,qwen3:14b,ollama-adapter-v4-unit-score-normalization,taxonomy-v1-ollama-v13-unit-score-contract,feed_card,1,0,2026-08-30T02:49:03.895864Z,2026-08-30T02:49:05.295734Z,2364,96,1368067953,0
2887,1042,triage,succeeded,qwen3:14b,ollama-adapter-v4-unit-score-normalization,taxonomy-v1-ollama-v13-unit-score-contract,feed_card,1,0,2026-08-30T02:49:05.328178Z,2026-08-30T02:49:07.665884Z,2403,163,2306348879,0
2888,1043,triage,succeeded,qwen3:14b,ollama-adapter-v4-unit-score-normalization,taxonomy-v1-ollama-v13-unit-score-contract,feed_card,1,0,2026-08-30T02:49:07.751948Z,2026-08-30T02:49:09.135133Z,2380,94,1356061282,0
2889,1044,triage,succeeded,qwen3:14b,ollama-adapter-v4-unit-score-normalization,taxonomy-v1-ollama-v13-unit-score-contract,feed_card,1,0,2026-08-30T02:49:09.169848Z,2026-08-30T02:49:10.830055Z,2377,114,1631715504,0
2890,1045,triage,succeeded,qwen3:14b,ollama-adapter-v4-unit-score-normalization,taxonomy-v1-ollama-v13-unit-score-contract,feed_card,1,0,2026-08-30T02:49:10.863427Z,2026-08-30T02:49:12.481745Z,2383,109,1561763757,0
2891,1046,triage,succeeded,qwen3:14b,ollama-adapter-v4-unit-score-normalization,taxonomy-v1-ollama-v13-unit-score-contract,feed_card,1,0,2026-08-30T02:49:12.508483Z,2026-08-30T02:49:14.171722Z,2385,114,1628804437,0
2892,1047,triage,succeeded,qwen3:14b,ollama-adapter-v4-unit-score-normalization,taxonomy-v1-ollama-v13-unit-score-contract,feed_card,1,0,2026-08-30T02:49:14.194229Z,2026-08-30T02:49:15.511985Z,2369,85,1253292763,0
2893,1048,triage,succeeded,qwen3:14b,ollama-adapter-v4-unit-score-normalization,taxonomy-v1-ollama-v13-unit-score-contract,feed_card,1,0,2026-08-30T02:49:15.531976Z,2026-08-30T02:49:17.170648Z,2394,110,1587733488,0
2894,1049,triage,succeeded,qwen3:14b,ollama-adapter-v4-unit-score-normalization,taxonomy-v1-ollama-v13-unit-score-contract,feed_card,1,0,2026-08-30T02:49:17.189110Z,2026-08-30T02:49:18.899049Z,2394,117,1682543284,0
2895,1050,triage,succeeded,qwen3:14b,ollama-adapter-v4-unit-score-normalization,taxonomy-v1-ollama-v13-unit-score-contract,feed_card,1,0,2026-08-30T02:49:18.918215Z,2026-08-30T02:49:20.559330Z,2372,109,1591009151,0
2896,1051,triage,succeeded,qwen3:14b,ollama-adapter-v4-unit-score-normalization,taxonomy-v1-ollama-v13-unit-score-contract,feed_card,1,0,2026-08-30T02:49:20.679750Z,2026-08-30T02:49:22.276085Z,2389,108,1547174225,0
2897,1052,triage,succeeded,qwen3:14b,ollama-adapter-v4-unit-score-normalization,taxonomy-v1-ollama-v13-unit-score-contract,feed_card,1,0,2026-08-30T02:49:22.315902Z,2026-08-30T02:49:23.533396Z,2370,83,1188469502,0
2898,1053,triage,succeeded,qwen3:14b,ollama-adapter-v4-unit-score-normalization,taxonomy-v1-ollama-v13-unit-score-contract,feed_card,1,0,2026-08-30T02:49:23.556694Z,2026-08-30T02:49:24.780490Z,2395,82,1185987126,0
2899,1054,triage,succeeded,qwen3:14b,ollama-adapter-v4-unit-score-normalization,taxonomy-v1-ollama-v13-unit-score-contract,feed_card,1,0,2026-08-30T02:49:24.802209Z,2026-08-30T02:49:26.133558Z,2368,91,1303666807,0
2900,1055,triage,succeeded,qwen3:14b,ollama-adapter-v4-unit-score-normalization,taxonomy-v1-ollama-v13-unit-score-contract,feed_card,1,0,2026-08-30T02:49:26.152332Z,2026-08-30T02:49:27.552490Z,2363,96,1371422911,0
2901,1056,triage,succeeded,qwen3:14b,ollama-adapter-v4-unit-score-normalization,taxonomy-v1-ollama-v13-unit-score-contract,feed_card,1,0,2026-08-30T02:49:27.572205Z,2026-08-30T02:49:28.976213Z,2384,96,1367542611,0
2902,1012,verification,succeeded,qwen3:8b,ollama-adapter-v4-unit-score-normalization,taxonomy-v1-ollama-v13-unit-score-contract,feed_card,1,0,2026-08-30T02:49:29.014981Z,2026-08-30T02:49:47.013608Z,2444,195,17965395466,0
2903,1014,verification,succeeded,qwen3:8b,ollama-adapter-v4-unit-score-normalization,taxonomy-v1-ollama-v13-unit-score-contract,feed_card,1,0,2026-08-30T02:49:47.040777Z,2026-08-30T02:49:48.243952Z,2438,131,1172657219,0
2904,1042,verification,succeeded,qwen3:8b,ollama-adapter-v4-unit-score-normalization,taxonomy-v1-ollama-v13-unit-score-contract,feed_card,1,0,2026-08-30T02:49:48.266432Z,2026-08-30T02:49:49.291817Z,2403,108,985714937,0
2905,1057,verification,succeeded,qwen3:8b,ollama-adapter-v4-unit-score-normalization,taxonomy-v1-ollama-v13-unit-score-contract,feed_card,1,0,2026-08-30T02:49:49.314430Z,2026-08-30T02:49:50.261082Z,2368,99,918229108,0
2906,1058,verification,succeeded,qwen3:8b,ollama-adapter-v4-unit-score-normalization,taxonomy-v1-ollama-v13-unit-score-contract,feed_card,1,0,2026-08-30T02:49:50.282084Z,2026-08-30T02:49:51.318451Z,2403,112,1005948783,0
2907,1059,verification,succeeded,qwen3:8b,ollama-adapter-v4-unit-score-normalization,taxonomy-v1-ollama-v13-unit-score-contract,feed_card,1,0,2026-08-30T02:49:51.339871Z,2026-08-30T02:49:52.522273Z,2379,131,1152791159,0
2908,1060,verification,succeeded,qwen3:8b,ollama-adapter-v4-unit-score-normalization,taxonomy-v1-ollama-v13-unit-score-contract,feed_card,1,0,2026-08-30T02:49:52.541954Z,2026-08-30T02:49:53.416871Z,2372,94,846631598,0
2909,1061,verification,succeeded,qwen3:8b,ollama-adapter-v4-unit-score-normalization,taxonomy-v1-ollama-v13-unit-score-contract,feed_card,1,0,2026-08-30T02:49:53.436488Z,2026-08-30T02:49:54.847919Z,2429,154,1378916483,0
2910,1062,verification,succeeded,qwen3:8b,ollama-adapter-v4-unit-score-normalization,taxonomy-v1-ollama-v13-unit-score-contract,feed_card,1,0,2026-08-30T02:49:54.874135Z,2026-08-30T02:49:55.924986Z,2375,115,1018334314,0
2911,1063,verification,succeeded,qwen3:8b,ollama-adapter-v4-unit-score-normalization,taxonomy-v1-ollama-v13-unit-score-contract,feed_card,1,0,2026-08-30T02:49:55.950761Z,2026-08-30T02:49:57.027889Z,2432,115,1046969157,0
2912,1064,verification,succeeded,qwen3:8b,ollama-adapter-v4-unit-score-normalization,taxonomy-v1-ollama-v13-unit-score-contract,feed_card,1,0,2026-08-30T02:49:57.061415Z,2026-08-30T02:49:58.103370Z,2410,112,1013005928,0
2913,1065,verification,succeeded,qwen3:8b,ollama-adapter-v4-unit-score-normalization,taxonomy-v1-ollama-v13-unit-score-contract,feed_card,1,0,2026-08-30T02:49:58.129334Z,2026-08-30T02:49:59.255473Z,2388,123,1097588432,0
2914,1066,verification,succeeded,qwen3:8b,ollama-adapter-v4-unit-score-normalization,taxonomy-v1-ollama-v13-unit-score-contract,feed_card,1,0,2026-08-30T02:49:59.274583Z,2026-08-30T02:50:00.488988Z,2453,132,1184983460,0
2915,1067,verification,succeeded,qwen3:8b,ollama-adapter-v4-unit-score-normalization,taxonomy-v1-ollama-v13-unit-score-contract,feed_card,1,0,2026-08-30T02:50:00.509141Z,2026-08-30T02:50:01.329398Z,2367,87,790797507,0
2916,1068,verification,succeeded,qwen3:8b,ollama-adapter-v4-unit-score-normalization,taxonomy-v1-ollama-v13-unit-score-contract,feed_card,1,0,2026-08-30T02:50:01.350061Z,2026-08-30T02:50:02.792027Z,2456,153,1410878057,0
2917,1069,verification,succeeded,qwen3:8b,ollama-adapter-v4-unit-score-normalization,taxonomy-v1-ollama-v13-unit-score-contract,feed_card,1,0,2026-08-30T02:50:02.825156Z,2026-08-30T02:50:04.045587Z,2387,134,1180085258,0
2918,1070,verification,succeeded,qwen3:8b,ollama-adapter-v4-unit-score-normalization,taxonomy-v1-ollama-v13-unit-score-contract,feed_card,1,0,2026-08-30T02:50:04.093695Z,2026-08-30T02:50:04.963546Z,2368,94,840403182,0
2919,1071,verification,succeeded,qwen3:8b,ollama-adapter-v4-unit-score-normalization,taxonomy-v1-ollama-v13-unit-score-contract,feed_card,1,0,2026-08-30T02:50:04.986841Z,2026-08-30T02:50:05.745073Z,2370,81,730006918,0
2920,1072,verification,succeeded,qwen3:8b,ollama-adapter-v4-unit-score-normalization,taxonomy-v1-ollama-v13-unit-score-contract,feed_card,1,0,2026-08-30T02:50:05.785216Z,2026-08-30T02:50:06.800274Z,2420,108,984902473,0
2921,1073,verification,succeeded,qwen3:8b,ollama-adapter-v4-unit-score-normalization,taxonomy-v1-ollama-v13-unit-score-contract,feed_card,1,0,2026-08-30T02:50:06.825272Z,2026-08-30T02:50:07.905250Z,2383,116,1038178777,0
2922,1074,verification,succeeded,qwen3:8b,ollama-adapter-v4-unit-score-normalization,taxonomy-v1-ollama-v13-unit-score-contract,feed_card,1,0,2026-08-30T02:50:07.978851Z,2026-08-30T02:50:08.957602Z,2383,105,935992867,0
2923,1075,verification,succeeded,qwen3:8b,ollama-adapter-v4-unit-score-normalization,taxonomy-v1-ollama-v13-unit-score-contract,feed_card,1,0,2026-08-30T02:50:08.992072Z,2026-08-30T02:50:09.969807Z,2379,104,945293383,0
2924,1076,verification,succeeded,qwen3:8b,ollama-adapter-v4-unit-score-normalization,taxonomy-v1-ollama-v13-unit-score-contract,feed_card,1,0,2026-08-30T02:50:09.989799Z,2026-08-30T02:50:10.983478Z,2378,105,965326359,0
2925,1077,verification,succeeded,qwen3:8b,ollama-adapter-v4-unit-score-normalization,taxonomy-v1-ollama-v13-unit-score-contract,feed_card,1,0,2026-08-30T02:50:11.004651Z,2026-08-30T02:50:12.309448Z,2395,141,1277734112,0
2926,1078,verification,succeeded,qwen3:8b,ollama-adapter-v4-unit-score-normalization,taxonomy-v1-ollama-v13-unit-score-contract,feed_card,1,0,2026-08-30T02:50:12.330183Z,2026-08-30T02:50:13.050251Z,2362,75,691975583,0
2927,1079,verification,succeeded,qwen3:8b,ollama-adapter-v4-unit-score-normalization,taxonomy-v1-ollama-v13-unit-score-contract,feed_card,1,0,2026-08-30T02:50:13.071319Z,2026-08-30T02:50:13.837677Z,2365,80,738296496,0
2928,1080,verification,succeeded,qwen3:8b,ollama-adapter-v4-unit-score-normalization,taxonomy-v1-ollama-v13-unit-score-contract,feed_card,1,0,2026-08-30T02:50:13.856144Z,2026-08-30T02:50:14.998890Z,2378,124,1111636274,0
2929,1081,verification,succeeded,qwen3:8b,ollama-adapter-v4-unit-score-normalization,taxonomy-v1-ollama-v13-unit-score-contract,feed_card,1,0,2026-08-30T02:50:15.019690Z,2026-08-30T02:50:15.997788Z,2382,106,949315328,0
2930,1082,verification,succeeded,qwen3:8b,ollama-adapter-v4-unit-score-normalization,taxonomy-v1-ollama-v13-unit-score-contract,feed_card,1,0,2026-08-30T02:50:16.017088Z,2026-08-30T02:50:16.953798Z,2383,100,908635248,0
2931,1083,verification,succeeded,qwen3:8b,ollama-adapter-v4-unit-score-normalization,taxonomy-v1-ollama-v13-unit-score-contract,feed_card,1,0,2026-08-30T02:50:16.972683Z,2026-08-30T02:50:18.210014Z,2383,137,1209122899,0
2932,1084,verification,succeeded,qwen3:8b,ollama-adapter-v4-unit-score-normalization,taxonomy-v1-ollama-v13-unit-score-contract,feed_card,1,0,2026-08-30T02:50:18.256092Z,2026-08-30T02:50:19.650784Z,2443,149,1336245676,0
2933,1085,verification,succeeded,qwen3:8b,ollama-adapter-v4-unit-score-normalization,taxonomy-v1-ollama-v13-unit-score-contract,feed_card,1,0,2026-08-30T02:50:19.669948Z,2026-08-30T02:50:20.473110Z,2363,86,773384196,0
2934,1086,verification,succeeded,qwen3:8b,ollama-adapter-v4-unit-score-normalization,taxonomy-v1-ollama-v13-unit-score-contract,feed_card,1,0,2026-08-30T02:50:20.492574Z,2026-08-30T02:50:21.447862Z,2387,103,925754645,0
2935,1087,verification,succeeded,qwen3:8b,ollama-adapter-v4-unit-score-normalization,taxonomy-v1-ollama-v13-unit-score-contract,feed_card,1,0,2026-08-30T02:50:21.476523Z,2026-08-30T02:50:22.510890Z,2443,111,1004202007,0
2936,1088,verification,succeeded,qwen3:8b,ollama-adapter-v4-unit-score-normalization,taxonomy-v1-ollama-v13-unit-score-contract,feed_card,1,0,2026-08-30T02:50:22.531908Z,2026-08-30T02:50:24.104647Z,2385,171,1511360739,0
2937,1089,verification,succeeded,qwen3:8b,ollama-adapter-v4-unit-score-normalization,taxonomy-v1-ollama-v13-unit-score-contract,feed_card,1,0,2026-08-30T02:50:24.141307Z,2026-08-30T02:50:25.008980Z,2376,89,818373134,0
2938,1090,verification,succeeded,qwen3:8b,ollama-adapter-v4-unit-score-normalization,taxonomy-v1-ollama-v13-unit-score-contract,feed_card,1,0,2026-08-30T02:50:25.029009Z,2026-08-30T02:50:26.341315Z,2415,143,1265155197,0
2939,1091,verification,succeeded,qwen3:8b,ollama-adapter-v4-unit-score-normalization,taxonomy-v1-ollama-v13-unit-score-contract,feed_card,1,0,2026-08-30T02:50:26.368096Z,2026-08-30T02:50:27.207635Z,2365,85,810675356,0
2940,1092,verification,succeeded,qwen3:8b,ollama-adapter-v4-unit-score-normalization,taxonomy-v1-ollama-v13-unit-score-contract,feed_card,1,0,2026-08-30T02:50:27.230938Z,2026-08-30T02:50:28.236419Z,2385,109,967515940,0
2941,1093,verification,succeeded,qwen3:8b,ollama-adapter-v4-unit-score-normalization,taxonomy-v1-ollama-v13-unit-score-contract,feed_card,1,0,2026-08-30T02:50:28.261732Z,2026-08-30T02:50:29.475138Z,2378,133,1173274352,0
2942,1094,verification,succeeded,qwen3:8b,ollama-adapter-v4-unit-score-normalization,taxonomy-v1-ollama-v13-unit-score-contract,feed_card,1,0,2026-08-30T02:50:29.495833Z,2026-08-30T02:50:30.580436Z,2392,118,1055555231,0
2943,1095,verification,succeeded,qwen3:8b,ollama-adapter-v4-unit-score-normalization,taxonomy-v1-ollama-v13-unit-score-contract,feed_card,1,0,2026-08-30T02:50:30.603661Z,2026-08-30T02:50:31.371029Z,2376,82,738643290,0
2944,1096,verification,succeeded,qwen3:8b,ollama-adapter-v4-unit-score-normalization,taxonomy-v1-ollama-v13-unit-score-contract,feed_card,1,0,2026-08-30T02:50:31.390740Z,2026-08-30T02:50:32.406575Z,2410,110,986735732,0
2945,1097,verification,succeeded,qwen3:8b,ollama-adapter-v4-unit-score-normalization,taxonomy-v1-ollama-v13-unit-score-contract,feed_card,1,0,2026-08-30T02:50:32.428876Z,2026-08-30T02:50:33.527651Z,2405,118,1060493733,0
2946,1098,verification,succeeded,qwen3:8b,ollama-adapter-v4-unit-score-normalization,taxonomy-v1-ollama-v13-unit-score-contract,feed_card,1,0,2026-08-30T02:50:33.547582Z,2026-08-30T02:50:34.694831Z,2389,126,1118544677,0
2947,1099,verification,succeeded,qwen3:8b,ollama-adapter-v4-unit-score-normalization,taxonomy-v1-ollama-v13-unit-score-contract,feed_card,1,0,2026-08-30T02:50:34.718384Z,2026-08-30T02:50:35.764552Z,2371,114,1016874335,0
2948,1100,verification,succeeded,qwen3:8b,ollama-adapter-v4-unit-score-normalization,taxonomy-v1-ollama-v13-unit-score-contract,feed_card,1,0,2026-08-30T02:50:35.783643Z,2026-08-30T02:50:36.788562Z,2381,109,975908893,0
2949,1101,verification,succeeded,qwen3:8b,ollama-adapter-v4-unit-score-normalization,taxonomy-v1-ollama-v13-unit-score-contract,feed_card,1,0,2026-08-30T02:50:36.807885Z,2026-08-30T02:50:37.877460Z,2388,112,1014677166,0
2950,1102,verification,succeeded,qwen3:8b,ollama-adapter-v4-unit-score-normalization,taxonomy-v1-ollama-v13-unit-score-contract,feed_card,1,0,2026-08-30T02:50:37.920231Z,2026-08-30T02:50:39.138117Z,2380,134,1188364289,0
2951,1103,verification,succeeded,qwen3:8b,ollama-adapter-v4-unit-score-normalization,taxonomy-v1-ollama-v13-unit-score-contract,feed_card,1,0,2026-08-30T02:50:39.163984Z,2026-08-30T02:50:40.292490Z,2382,122,1084621677,0
2952,1104,verification,succeeded,qwen3:8b,ollama-adapter-v4-unit-score-normalization,taxonomy-v1-ollama-v13-unit-score-contract,feed_card,1,0,2026-08-30T02:50:40.350953Z,2026-08-30T02:50:41.330280Z,2375,102,918411311,0
2953,1105,verification,succeeded,qwen3:8b,ollama-adapter-v4-unit-score-normalization,taxonomy-v1-ollama-v13-unit-score-contract,feed_card,1,0,2026-08-30T02:50:41.386334Z,2026-08-30T02:50:42.308172Z,2375,100,893188090,0
2954,1106,verification,succeeded,qwen3:8b,ollama-adapter-v4-unit-score-normalization,taxonomy-v1-ollama-v13-unit-score-contract,feed_card,1,0,2026-08-30T02:50:42.353684Z,2026-08-30T02:50:43.197823Z,2374,91,815332165,0
2955,1107,verification,succeeded,qwen3:8b,ollama-adapter-v4-unit-score-normalization,taxonomy-v1-ollama-v13-unit-score-contract,feed_card,1,0,2026-08-30T02:50:43.226049Z,2026-08-30T02:50:44.406678Z,2374,129,1153126491,0
2956,1108,verification,succeeded,qwen3:8b,ollama-adapter-v4-unit-score-normalization,taxonomy-v1-ollama-v13-unit-score-contract,feed_card,1,0,2026-08-30T02:50:44.445509Z,2026-08-30T02:50:46.004098Z,2409,171,1510089239,0
2957,1109,verification,succeeded,qwen3:8b,ollama-adapter-v4-unit-score-normalization,taxonomy-v1-ollama-v13-unit-score-contract,feed_card,1,0,2026-08-30T02:50:46.058304Z,2026-08-30T02:50:47.063273Z,2371,108,963636253,0
2958,1110,verification,succeeded,qwen3:8b,ollama-adapter-v4-unit-score-normalization,taxonomy-v1-ollama-v13-unit-score-contract,feed_card,1,0,2026-08-30T02:50:47.081919Z,2026-08-30T02:50:47.921370Z,2371,88,792888774,0
2959,1111,verification,succeeded,qwen3:8b,ollama-adapter-v4-unit-score-normalization,taxonomy-v1-ollama-v13-unit-score-contract,feed_card,1,0,2026-08-30T02:50:47.943577Z,2026-08-30T02:50:49.009272Z,2399,111,1001158385,0
2960,1112,verification,succeeded,qwen3:8b,ollama-adapter-v4-unit-score-normalization,taxonomy-v1-ollama-v13-unit-score-contract,feed_card,1,0,2026-08-30T02:50:49.028142Z,2026-08-30T02:50:50.210942Z,2402,127,1142424098,0
2961,1113,verification,succeeded,qwen3:8b,ollama-adapter-v4-unit-score-normalization,taxonomy-v1-ollama-v13-unit-score-contract,feed_card,1,0,2026-08-30T02:50:50.232806Z,2026-08-30T02:50:51.003473Z,2373,76,715611935,0
2962,1114,verification,succeeded,qwen3:8b,ollama-adapter-v4-unit-score-normalization,taxonomy-v1-ollama-v13-unit-score-contract,feed_card,1,0,2026-08-30T02:50:51.207320Z,2026-08-30T02:50:51.960768Z,2369,78,722393743,0
2963,1115,verification,succeeded,qwen3:8b,ollama-adapter-v4-unit-score-normalization,taxonomy-v1-ollama-v13-unit-score-contract,feed_card,1,0,2026-08-30T02:50:51.983408Z,2026-08-30T02:50:53.185506Z,2394,130,1171097319,0
2964,1116,verification,succeeded,qwen3:8b,ollama-adapter-v4-unit-score-normalization,taxonomy-v1-ollama-v13-unit-score-contract,feed_card,1,0,2026-08-30T02:50:53.205398Z,2026-08-30T02:50:54.397293Z,2432,127,1162678135,0
2965,1117,verification,succeeded,qwen3:8b,ollama-adapter-v4-unit-score-normalization,taxonomy-v1-ollama-v13-unit-score-contract,feed_card,1,0,2026-08-30T02:50:54.414967Z,2026-08-30T02:50:56.050906Z,2426,180,1605882145,0
2966,1118,verification,succeeded,qwen3:8b,ollama-adapter-v4-unit-score-normalization,taxonomy-v1-ollama-v13-unit-score-contract,feed_card,1,0,2026-08-30T02:50:56.069702Z,2026-08-30T02:50:57.325018Z,2421,136,1224677051,0
2967,1119,verification,succeeded,qwen3:8b,ollama-adapter-v4-unit-score-normalization,taxonomy-v1-ollama-v13-unit-score-contract,feed_card,1,0,2026-08-30T02:50:57.352066Z,2026-08-30T02:50:58.040010Z,2367,72,658054464,0
2968,1120,verification,succeeded,qwen3:8b,ollama-adapter-v4-unit-score-normalization,taxonomy-v1-ollama-v13-unit-score-contract,feed_card,1,0,2026-08-30T02:50:58.058667Z,2026-08-30T02:50:59.251515Z,2399,130,1159764658,0
2969,1042,opportunity_probe,succeeded,qwen3:14b,ollama-investigator-v2-structured-schema,opportunity-report-v1-ollama-v1,feed_card,1,0,2026-08-30T02:53:21.501709Z,2026-08-30T02:54:53.611636Z,2171,851,16529208931,
2970,1061,opportunity_probe,succeeded,qwen3:14b,ollama-investigator-v2-structured-schema,opportunity-report-v1-ollama-v1,feed_card,1,0,2026-08-30T02:53:21.501709Z,2026-08-30T02:55:06.961638Z,2166,911,13315174035,
2971,1014,opportunity_probe,succeeded,qwen3:14b,ollama-investigator-v2-structured-schema,opportunity-report-v1-ollama-v1,feed_card,1,0,2026-08-30T02:53:21.501709Z,2026-08-30T02:55:20.296826Z,2184,907,13300329327,
2972,1012,opportunity_probe,succeeded,qwen3:14b,ollama-investigator-v2-structured-schema,opportunity-report-v1-ollama-v1,feed_card,1,0,2026-08-30T02:53:21.501709Z,2026-08-30T02:55:33.554724Z,2272,889,13222144348,
2973,1108,opportunity_probe,succeeded,qwen3:14b,ollama-investigator-v2-structured-schema,opportunity-report-v1-ollama-v1,feed_card,1,0,2026-08-30T02:53:21.501709Z,2026-08-30T02:55:44.958317Z,2159,761,11372099391,
2974,1068,opportunity_probe,succeeded,qwen3:14b,ollama-investigator-v2-structured-schema,opportunity-report-v1-ollama-v1,feed_card,1,0,2026-08-30T02:53:21.501709Z,2026-08-30T02:55:57.134301Z,2209,822,12131629883,
2975,1121,triage,succeeded,qwen3:14b,ollama-adapter-v4-unit-score-normalization,taxonomy-v1-ollama-v13-unit-score-contract,feed_card,1,0,2026-08-30T03:08:25.453315Z,2026-08-30T03:08:54.763432Z,2460,203,29278526935,0
2976,1122,triage,succeeded,qwen3:14b,ollama-adapter-v4-unit-score-normalization,taxonomy-v1-ollama-v13-unit-score-contract,feed_card,1,0,2026-08-30T03:08:54.782087Z,2026-08-30T03:08:56.386055Z,2385,107,1572273151,0
2977,1121,verification,succeeded,qwen3:8b,ollama-adapter-v4-unit-score-normalization,taxonomy-v1-ollama-v13-unit-score-contract,feed_card,1,0,2026-08-30T03:08:56.422186Z,2026-08-30T03:09:14.293325Z,2460,186,17837908635,0
2978,1121,opportunity_probe,succeeded,qwen3:14b,ollama-investigator-v2-structured-schema,opportunity-report-v1-ollama-v1,feed_card,1,0,2026-08-30T03:16:25.616216Z,2026-08-30T03:17:03.509403Z,2216,938,37852238096,
2982,1123,triage,succeeded,qwen3:14b,ollama-adapter-v4-unit-score-normalization,taxonomy-v1-ollama-v13-unit-score-contract,feed_card,1,0,2026-08-30T04:14:45.449139Z,2026-08-30T04:15:15.256400Z,2419,189,29773021619,0
2983,1124,triage,succeeded,qwen3:14b,ollama-adapter-v4-unit-score-normalization,taxonomy-v1-ollama-v13-unit-score-contract,feed_card,1,0,2026-08-30T04:15:15.284726Z,2026-08-30T04:15:17.696463Z,2443,167,2377279103,0
2984,1125,triage,succeeded,qwen3:14b,ollama-adapter-v4-unit-score-normalization,taxonomy-v1-ollama-v13-unit-score-contract,feed_card,1,0,2026-08-30T04:15:17.715243Z,2026-08-30T04:15:19.443849Z,2423,118,1695987787,0
2985,1123,verification,succeeded,qwen3:8b,ollama-adapter-v4-unit-score-normalization,taxonomy-v1-ollama-v13-unit-score-contract,feed_card,1,0,2026-08-30T04:15:19.486370Z,2026-08-30T04:15:36.461724Z,2419,112,16944826723,0
2986,1124,verification,succeeded,qwen3:8b,ollama-adapter-v4-unit-score-normalization,taxonomy-v1-ollama-v13-unit-score-contract,feed_card,1,0,2026-08-30T04:15:36.483271Z,2026-08-30T04:15:37.997014Z,2443,167,1481807587,0
2987,1123,opportunity_probe,succeeded,qwen3:14b,ollama-investigator-v2-structured-schema,opportunity-report-v1-ollama-v1,feed_card,1,0,2026-08-30T04:23:25.619918Z,2026-08-30T04:26:54.373708Z,2220,941,39754896009,
2988,1124,opportunity_probe,succeeded,qwen3:14b,ollama-investigator-v2-structured-schema,opportunity-report-v1-ollama-v1,feed_card,1,0,2026-08-30T04:23:25.619918Z,2026-08-30T04:27:07.021496Z,2238,861,12611816819,
2989,1126,triage,succeeded,qwen3:14b,ollama-adapter-v4-unit-score-normalization,taxonomy-v1-ollama-v13-unit-score-contract,feed_card,1,0,2026-08-31T00:15:25.453739Z,2026-08-31T00:15:53.684950Z,2386,113,28199429090,0
2990,1127,triage,succeeded,qwen3:14b,ollama-adapter-v4-unit-score-normalization,taxonomy-v1-ollama-v13-unit-score-contract,feed_card,1,0,2026-08-31T00:15:53.707049Z,2026-08-31T00:15:55.223227Z,2397,104,1486419493,0
2991,1128,triage,succeeded,qwen3:14b,ollama-adapter-v4-unit-score-normalization,taxonomy-v1-ollama-v13-unit-score-contract,feed_card,1,0,2026-08-31T00:15:55.243888Z,2026-08-31T00:15:57.582534Z,2412,163,2305653138,0
2992,1129,triage,succeeded,qwen3:14b,ollama-adapter-v4-unit-score-normalization,taxonomy-v1-ollama-v13-unit-score-contract,feed_card,1,0,2026-08-31T00:15:57.602295Z,2026-08-31T00:15:59.283010Z,2376,114,1652838121,0
2993,1130,triage,succeeded,qwen3:14b,ollama-adapter-v4-unit-score-normalization,taxonomy-v1-ollama-v13-unit-score-contract,feed_card,1,0,2026-08-31T00:15:59.302662Z,2026-08-31T00:16:01.076214Z,2379,122,1744381767,0
2994,1131,triage,succeeded,qwen3:14b,ollama-adapter-v4-unit-score-normalization,taxonomy-v1-ollama-v13-unit-score-contract,feed_card,1,0,2026-08-31T00:16:01.095732Z,2026-08-31T00:16:02.695493Z,2369,110,1571996362,0
2995,1132,triage,succeeded,qwen3:14b,ollama-adapter-v4-unit-score-normalization,taxonomy-v1-ollama-v13-unit-score-contract,feed_card,1,0,2026-08-31T00:16:02.713784Z,2026-08-31T00:16:04.647831Z,2402,133,1905579578,0
2996,1133,triage,succeeded,qwen3:14b,ollama-adapter-v4-unit-score-normalization,taxonomy-v1-ollama-v13-unit-score-contract,feed_card,1,0,2026-08-31T00:16:04.669678Z,2026-08-31T00:16:07.459948Z,2448,194,2748575460,0
2997,1128,verification,succeeded,qwen3:8b,ollama-adapter-v4-unit-score-normalization,taxonomy-v1-ollama-v13-unit-score-contract,feed_card,1,0,2026-08-31T00:16:07.495360Z,2026-08-31T00:16:24.830273Z,2412,126,17305522694,0
2998,1133,verification,succeeded,qwen3:8b,ollama-adapter-v4-unit-score-normalization,taxonomy-v1-ollama-v13-unit-score-contract,feed_card,1,0,2026-08-31T00:16:24.849626Z,2026-08-31T00:16:26.185933Z,2448,145,1305171156,0
2999,1133,opportunity_probe,succeeded,qwen3:14b,ollama-investigator-v2-structured-schema,opportunity-report-v1-ollama-v1,feed_card,1,0,2026-08-31T00:20:25.607401Z,2026-08-31T00:20:42.232163Z,2177,853,16584420209,
3000,1128,opportunity_probe,succeeded,qwen3:14b,ollama-investigator-v2-structured-schema,opportunity-report-v1-ollama-v1,feed_card,1,0,2026-08-31T00:20:25.607401Z,2026-08-31T00:20:55.177987Z,2215,874,12900127326,
3001,1134,triage,succeeded,qwen3:14b,ollama-adapter-v4-unit-score-normalization,taxonomy-v1-ollama-v13-unit-score-contract,feed_card,1,0,2026-08-31T00:26:25.466287Z,2026-08-31T00:26:30.904998Z,2390,132,5408420451,0
3002,1135,triage,succeeded,qwen3:14b,ollama-adapter-v4-unit-score-normalization,taxonomy-v1-ollama-v13-unit-score-contract,feed_card,1,0,2026-08-31T00:26:30.926271Z,2026-08-31T00:26:32.626830Z,2361,118,1671478997,0
3003,1136,triage,succeeded,qwen3:14b,ollama-adapter-v4-unit-score-normalization,taxonomy-v1-ollama-v13-unit-score-contract,feed_card,1,0,2026-08-31T00:26:32.646710Z,2026-08-31T00:26:34.363126Z,2413,117,1684813088,0
3004,1136,verification,succeeded,qwen3:8b,ollama-adapter-v4-unit-score-normalization,taxonomy-v1-ollama-v13-unit-score-contract,feed_card,1,0,2026-08-31T00:26:34.396829Z,2026-08-31T00:26:39.558431Z,2413,126,5133052303,0
3005,1136,opportunity_probe,succeeded,qwen3:14b,ollama-investigator-v2-structured-schema,opportunity-report-v1-ollama-v1,feed_card,1,0,2026-08-31T00:32:25.601280Z,2026-08-31T00:33:02.234421Z,2141,824,36587727859,
3006,1137,triage,succeeded,qwen3:14b,ollama-adapter-v4-unit-score-normalization,taxonomy-v1-ollama-v13-unit-score-contract,feed_card,1,0,2026-08-31T00:38:25.448888Z,2026-08-31T00:38:30.729430Z,2400,118,5249942284,0
3007,1138,triage,succeeded,qwen3:14b,ollama-adapter-v4-unit-score-normalization,taxonomy-v1-ollama-v13-unit-score-contract,feed_card,1,0,2026-08-31T00:38:30.754369Z,2026-08-31T00:38:33.092014Z,2430,162,2303647682,0
3008,1139,triage,succeeded,qwen3:14b,ollama-adapter-v4-unit-score-normalization,taxonomy-v1-ollama-v13-unit-score-contract,feed_card,1,0,2026-08-31T00:38:33.115887Z,2026-08-31T00:38:34.538518Z,2368,98,1393322750,0
3009,1140,triage,succeeded,qwen3:14b,ollama-adapter-v4-unit-score-normalization,taxonomy-v1-ollama-v13-unit-score-contract,feed_card,1,0,2026-08-31T00:38:34.559976Z,2026-08-31T00:38:36.344273Z,2416,123,1754832902,0
3010,1141,triage,succeeded,qwen3:14b,ollama-adapter-v4-unit-score-normalization,taxonomy-v1-ollama-v13-unit-score-contract,feed_card,1,0,2026-08-31T00:38:36.369012Z,2026-08-31T00:38:38.410444Z,2408,141,2010297923,0
3011,1138,verification,succeeded,qwen3:8b,ollama-adapter-v4-unit-score-normalization,taxonomy-v1-ollama-v13-unit-score-contract,feed_card,1,0,2026-08-31T00:38:38.444688Z,2026-08-31T00:38:54.762531Z,2430,108,16287796734,0
3012,1141,verification,succeeded,qwen3:8b,ollama-adapter-v4-unit-score-normalization,taxonomy-v1-ollama-v13-unit-score-contract,feed_card,1,0,2026-08-31T00:38:54.783833Z,2026-08-31T00:38:56.117023Z,2408,147,1301192898,0
3013,1141,opportunity_probe,succeeded,qwen3:14b,ollama-investigator-v2-structured-schema,opportunity-report-v1-ollama-v1,feed_card,1,0,2026-08-31T00:44:25.614637Z,2026-08-31T00:44:41.198474Z,2200,856,15544847364,
3014,1138,opportunity_probe,succeeded,qwen3:14b,ollama-investigator-v2-structured-schema,opportunity-report-v1-ollama-v1,feed_card,1,0,2026-08-31T00:44:25.614637Z,2026-08-31T00:44:57.109220Z,2228,1081,15878473952,
3015,1142,triage,succeeded,qwen3:14b,ollama-adapter-v4-unit-score-normalization,taxonomy-v1-ollama-v13-unit-score-contract,feed_card,1,0,2026-08-31T01:13:25.449533Z,2026-08-31T01:13:54.282972Z,2428,116,28771868578,0
3016,1143,triage,succeeded,qwen3:14b,ollama-adapter-v4-unit-score-normalization,taxonomy-v1-ollama-v13-unit-score-contract,feed_card,1,0,2026-08-31T01:46:25.448422Z,2026-08-31T01:46:51.768036Z,2418,141,26285386193,0
3017,1143,verification,succeeded,qwen3:8b,ollama-adapter-v4-unit-score-normalization,taxonomy-v1-ollama-v13-unit-score-contract,feed_card,1,0,2026-08-31T01:46:51.802656Z,2026-08-31T01:47:09.324606Z,2418,157,17488990145,0
3018,1143,opportunity_probe,succeeded,qwen3:14b,ollama-investigator-v2-structured-schema,opportunity-report-v1-ollama-v1,feed_card,1,0,2026-08-31T01:52:25.609326Z,2026-08-31T01:53:01.763836Z,2214,801,36103964121,
3019,1144,triage,succeeded,qwen3:14b,ollama-adapter-v4-unit-score-normalization,taxonomy-v1-ollama-v13-unit-score-contract,feed_card,1,0,2026-08-31T01:58:25.450740Z,2026-08-31T01:58:30.892586Z,2384,111,5411820010,0
3020,1145,triage,succeeded,qwen3:14b,ollama-adapter-v4-unit-score-normalization,taxonomy-v1-ollama-v13-unit-score-contract,feed_card,1,0,2026-08-31T01:58:30.913195Z,2026-08-31T01:58:32.738432Z,2441,124,1797401662,0
3021,1146,triage,succeeded,qwen3:14b,ollama-adapter-v4-unit-score-normalization,taxonomy-v1-ollama-v13-unit-score-contract,feed_card,1,0,2026-08-31T02:09:25.470802Z,2026-08-31T02:09:52.248830Z,2422,197,26737761358,0
3022,1146,verification,succeeded,qwen3:8b,ollama-adapter-v4-unit-score-normalization,taxonomy-v1-ollama-v13-unit-score-contract,feed_card,1,0,2026-08-31T02:09:52.288993Z,2026-08-31T02:10:09.775408Z,2422,144,17445658532,0
3023,1146,opportunity_probe,succeeded,qwen3:14b,ollama-investigator-v2-structured-schema,opportunity-report-v1-ollama-v1,feed_card,1,0,2026-08-31T02:15:25.618680Z,2026-08-31T02:16:02.926564Z,2212,888,37262114209,
3024,1147,triage,succeeded,qwen3:14b,ollama-adapter-v4-unit-score-normalization,taxonomy-v1-ollama-v13-unit-score-contract,feed_card,1,0,2026-08-31T02:57:25.454532Z,2026-08-31T02:57:53.675969Z,2419,101,28190104445,0
3025,1148,triage,succeeded,qwen3:14b,ollama-adapter-v4-unit-score-normalization,taxonomy-v1-ollama-v13-unit-score-contract,feed_card,1,0,2026-08-31T02:57:53.695674Z,2026-08-31T02:57:55.883896Z,2417,150,2155635681,0
3026,1149,triage,succeeded,qwen3:14b,ollama-adapter-v4-unit-score-normalization,taxonomy-v1-ollama-v13-unit-score-contract,feed_card,1,0,2026-08-31T02:57:55.916784Z,2026-08-31T02:57:57.483933Z,2420,107,1537480425,0
3027,1148,verification,succeeded,qwen3:8b,ollama-adapter-v4-unit-score-normalization,taxonomy-v1-ollama-v13-unit-score-contract,feed_card,1,0,2026-08-31T02:57:57.523029Z,2026-08-31T02:58:14.846139Z,2417,137,17290487268,0
3028,1148,opportunity_probe,succeeded,qwen3:14b,ollama-investigator-v2-structured-schema,opportunity-report-v1-ollama-v1,feed_card,1,0,2026-08-31T03:02:01.741969Z,2026-08-31T03:02:42.840465Z,2157,985,41042312208,
3029,1150,triage,succeeded,qwen3:14b,ollama-adapter-v4-unit-score-normalization,taxonomy-v1-ollama-v13-unit-score-contract,feed_card,1,0,2026-08-31T03:31:01.560749Z,2026-08-31T03:31:29.474008Z,2361,92,27883084724,0
3030,1151,triage,succeeded,qwen3:14b,ollama-adapter-v4-unit-score-normalization,taxonomy-v1-ollama-v13-unit-score-contract,feed_card,1,0,2026-08-31T03:43:25.458698Z,2026-08-31T03:43:51.318002Z,2401,113,25828046997,0
3031,1152,triage,succeeded,qwen3:14b,ollama-adapter-v4-unit-score-normalization,taxonomy-v1-ollama-v13-unit-score-contract,feed_card,1,0,2026-08-31T03:43:51.336765Z,2026-08-31T03:43:52.858212Z,2365,105,1493353629,0
3032,1153,triage,succeeded,qwen3:14b,ollama-adapter-v4-unit-score-normalization,taxonomy-v1-ollama-v13-unit-score-contract,feed_card,1,0,2026-08-31T03:43:52.882531Z,2026-08-31T03:43:55.206923Z,2407,161,2295535579,0
3033,1154,triage,succeeded,qwen3:14b,ollama-adapter-v4-unit-score-normalization,taxonomy-v1-ollama-v13-unit-score-contract,feed_card,1,0,2026-08-31T03:43:55.224977Z,2026-08-31T03:43:56.947867Z,2397,119,1693698314,0
3034,1155,triage,succeeded,qwen3:14b,ollama-adapter-v4-unit-score-normalization,taxonomy-v1-ollama-v13-unit-score-contract,feed_card,1,0,2026-08-31T03:43:56.967080Z,2026-08-31T03:43:58.605670Z,2387,112,1608261962,0
3035,1156,triage,succeeded,qwen3:14b,ollama-adapter-v4-unit-score-normalization,taxonomy-v1-ollama-v13-unit-score-contract,feed_card,1,0,2026-08-31T03:43:58.624737Z,2026-08-31T03:44:00.351783Z,2423,118,1693022713,0
3036,1157,triage,succeeded,qwen3:14b,ollama-adapter-v4-unit-score-normalization,taxonomy-v1-ollama-v13-unit-score-contract,feed_card,1,0,2026-08-31T03:54:25.458114Z,2026-08-31T03:54:54.090211Z,2400,128,28582046352,0
3037,1158,triage,succeeded,qwen3:14b,ollama-adapter-v4-unit-score-normalization,taxonomy-v1-ollama-v13-unit-score-contract,feed_card,1,0,2026-08-31T03:54:54.146428Z,2026-08-31T03:54:56.807392Z,2452,185,2627268172,0
3038,1159,triage,succeeded,qwen3:14b,ollama-adapter-v4-unit-score-normalization,taxonomy-v1-ollama-v13-unit-score-contract,feed_card,1,0,2026-08-31T03:54:56.825813Z,2026-08-31T03:54:58.801789Z,2419,135,1942571870,0
3039,1160,triage,succeeded,qwen3:14b,ollama-adapter-v4-unit-score-normalization,taxonomy-v1-ollama-v13-unit-score-contract,feed_card,1,0,2026-08-31T03:54:58.820633Z,2026-08-31T03:55:00.457254Z,2365,114,1608967777,0
3040,1158,verification,succeeded,qwen3:8b,ollama-adapter-v4-unit-score-normalization,taxonomy-v1-ollama-v13-unit-score-contract,feed_card,1,0,2026-08-31T03:55:00.491197Z,2026-08-31T03:55:18.344444Z,2452,185,17817539075,0
3041,1159,verification,succeeded,qwen3:8b,ollama-adapter-v4-unit-score-normalization,taxonomy-v1-ollama-v13-unit-score-contract,feed_card,1,0,2026-08-31T03:55:18.365207Z,2026-08-31T03:55:19.941861Z,2419,174,1545920826,0
3042,1158,opportunity_probe,succeeded,qwen3:14b,ollama-investigator-v2-structured-schema,opportunity-report-v1-ollama-v1,feed_card,1,0,2026-08-31T04:00:25.616656Z,2026-08-31T04:00:43.100060Z,2206,971,17439071947,
3043,1159,opportunity_probe,succeeded,qwen3:14b,ollama-investigator-v2-structured-schema,opportunity-report-v1-ollama-v1,feed_card,1,0,2026-08-31T04:00:25.616656Z,2026-08-31T04:00:56.498444Z,2222,900,13366782196,
3044,1161,triage,succeeded,qwen3:14b,ollama-adapter-v4-unit-score-normalization,taxonomy-v1-ollama-v13-unit-score-contract,feed_card,1,0,2026-08-31T04:17:50.043525Z,2026-08-31T04:18:18.102857Z,2369,109,28025372650,0
3045,1162,triage,succeeded,qwen3:14b,ollama-adapter-v4-unit-score-normalization,taxonomy-v1-ollama-v13-unit-score-contract,feed_card,1,0,2026-08-31T04:18:18.125251Z,2026-08-31T04:18:19.889423Z,2408,122,1734141933,0
3046,1163,triage,succeeded,qwen3:14b,ollama-adapter-v4-unit-score-normalization,taxonomy-v1-ollama-v13-unit-score-contract,feed_card,1,0,2026-08-31T04:18:19.911488Z,2026-08-31T04:18:21.671218Z,2451,120,1728561983,0
3047,1164,triage,succeeded,qwen3:14b,ollama-adapter-v4-unit-score-normalization,taxonomy-v1-ollama-v13-unit-score-contract,feed_card,1,0,2026-08-31T04:18:21.691799Z,2026-08-31T04:18:23.439406Z,2372,121,1718926061,0
3048,1165,triage,succeeded,qwen3:14b,ollama-adapter-v4-unit-score-normalization,taxonomy-v1-ollama-v13-unit-score-contract,feed_card,1,0,2026-08-31T04:18:23.458282Z,2026-08-31T04:18:24.969282Z,2431,102,1480222661,0
3049,1166,triage,succeeded,qwen3:14b,ollama-adapter-v4-unit-score-normalization,taxonomy-v1-ollama-v13-unit-score-contract,feed_card,1,0,2026-08-31T04:18:24.989929Z,2026-08-31T04:18:27.128790Z,2409,148,2106816464,0
3050,1166,verification,succeeded,qwen3:8b,ollama-adapter-v4-unit-score-normalization,taxonomy-v1-ollama-v13-unit-score-contract,feed_card,1,0,2026-08-31T04:18:27.163812Z,2026-08-31T04:18:44.883254Z,2409,157,17683990794,0
3051,1166,opportunity_probe,succeeded,qwen3:14b,ollama-investigator-v2-structured-schema,opportunity-report-v1-ollama-v1,feed_card,1,0,2026-08-31T04:22:25.619262Z,2026-08-31T04:22:44.698213Z,2206,1030,19038883052,
3052,1167,triage,succeeded,qwen3:14b,ollama-adapter-v4-unit-score-normalization,taxonomy-v1-ollama-v13-unit-score-contract,feed_card,1,0,2026-08-31T04:29:25.470283Z,2026-08-31T04:29:30.627902Z,2381,107,5125714356,0
3053,1168,triage,succeeded,qwen3:14b,ollama-adapter-v4-unit-score-normalization,taxonomy-v1-ollama-v13-unit-score-contract,feed_card,1,0,2026-08-31T04:29:30.657578Z,2026-08-31T04:29:33.121785Z,2442,171,2432756095,0
3054,1169,triage,succeeded,qwen3:14b,ollama-adapter-v4-unit-score-normalization,taxonomy-v1-ollama-v13-unit-score-contract,feed_card,1,0,2026-08-31T04:29:33.141209Z,2026-08-31T04:29:35.209594Z,2421,142,2035293334,0
3055,1170,triage,succeeded,qwen3:14b,ollama-adapter-v4-unit-score-normalization,taxonomy-v1-ollama-v13-unit-score-contract,feed_card,1,0,2026-08-31T04:29:35.228753Z,2026-08-31T04:29:36.839295Z,2378,110,1579922164,0
3056,1169,verification,succeeded,qwen3:8b,ollama-adapter-v4-unit-score-normalization,taxonomy-v1-ollama-v13-unit-score-contract,feed_card,1,0,2026-08-31T04:29:36.875314Z,2026-08-31T04:29:41.985193Z,2421,148,5075942966,0
3057,1169,opportunity_probe,succeeded,qwen3:14b,ollama-investigator-v2-structured-schema,opportunity-report-v1-ollama-v1,feed_card,1,0,2026-08-31T04:33:25.614176Z,2026-08-31T04:33:45.276854Z,2222,1075,19619668885,
3058,1171,triage,succeeded,qwen3:14b,ollama-adapter-v4-unit-score-normalization,taxonomy-v1-ollama-v13-unit-score-contract,feed_card,1,0,2026-08-31T04:41:25.447606Z,2026-08-31T04:41:30.816832Z,2466,123,5336346456,0
3059,1172,triage,succeeded,qwen3:14b,ollama-adapter-v4-unit-score-normalization,taxonomy-v1-ollama-v13-unit-score-contract,feed_card,1,0,2026-08-31T04:41:30.838473Z,2026-08-31T04:41:32.481350Z,2377,112,1613881205,0
3060,1173,triage,succeeded,qwen3:14b,ollama-adapter-v4-unit-score-normalization,taxonomy-v1-ollama-v13-unit-score-contract,feed_card,1,0,2026-08-31T04:53:25.459912Z,2026-08-31T04:53:51.286970Z,2435,126,25792524078,0
3061,1173,verification,succeeded,qwen3:8b,ollama-adapter-v4-unit-score-normalization,taxonomy-v1-ollama-v13-unit-score-contract,feed_card,1,0,2026-08-31T04:53:51.326003Z,2026-08-31T04:54:08.831942Z,2435,146,17471316957,0
3062,1173,opportunity_probe,succeeded,qwen3:14b,ollama-investigator-v2-structured-schema,opportunity-report-v1-ollama-v1,feed_card,1,0,2026-08-31T04:56:25.605157Z,2026-08-31T04:57:05.301182Z,2229,905,39643157779,
3063,1174,triage,succeeded,qwen3:14b,ollama-adapter-v4-unit-score-normalization,taxonomy-v1-ollama-v13-unit-score-contract,feed_card,1,0,2026-08-31T05:16:01.567825Z,2026-08-31T05:16:30.468663Z,2409,156,28862460502,0
3064,1175,triage,succeeded,qwen3:14b,ollama-adapter-v4-unit-score-normalization,taxonomy-v1-ollama-v13-unit-score-contract,feed_card,1,0,2026-08-31T05:16:30.488585Z,2026-08-31T05:16:32.119997Z,2437,111,1600851831,0
3065,1174,verification,succeeded,qwen3:8b,ollama-adapter-v4-unit-score-normalization,taxonomy-v1-ollama-v13-unit-score-contract,feed_card,1,0,2026-08-31T05:16:32.154981Z,2026-08-31T05:16:50.272289Z,2409,192,18084576970,0
3066,1174,opportunity_probe,succeeded,qwen3:14b,ollama-investigator-v2-structured-schema,opportunity-report-v1-ollama-v1,feed_card,1,0,2026-08-31T05:19:25.629616Z,2026-08-31T05:20:07.684605Z,2197,1059,42007491992,
3067,1176,triage,succeeded,qwen3:14b,ollama-adapter-v4-unit-score-normalization,taxonomy-v1-ollama-v13-unit-score-contract,feed_card,1,0,2026-08-31T05:27:25.471070Z,2026-08-31T05:27:31.070836Z,2437,135,5563661613,0
3068,1177,triage,succeeded,qwen3:14b,ollama-adapter-v4-unit-score-normalization,taxonomy-v1-ollama-v13-unit-score-contract,feed_card,1,0,2026-08-31T05:38:25.452619Z,2026-08-31T05:38:51.343713Z,2548,124,25857175946,0
3069,1178,triage,succeeded,qwen3:14b,ollama-adapter-v4-unit-score-normalization,taxonomy-v1-ollama-v13-unit-score-contract,feed_card,1,0,2026-08-31T06:02:25.451272Z,2026-08-31T06:02:51.052401Z,2408,106,25558306339,0
3070,1179,triage,succeeded,qwen3:14b,ollama-adapter-v4-unit-score-normalization,taxonomy-v1-ollama-v13-unit-score-contract,feed_card,1,0,2026-08-31T06:59:25.453881Z,2026-08-31T06:59:51.146642Z,2408,114,25658574704,0
3071,1180,triage,succeeded,qwen3:14b,ollama-adapter-v4-unit-score-normalization,taxonomy-v1-ollama-v13-unit-score-contract,feed_card,1,0,2026-08-31T06:59:51.169037Z,2026-08-31T06:59:52.843803Z,2412,114,1643164160,0
3072,1181,triage,succeeded,qwen3:14b,ollama-adapter-v4-unit-score-normalization,taxonomy-v1-ollama-v13-unit-score-contract,feed_card,1,0,2026-08-31T06:59:52.875295Z,2026-08-31T06:59:54.699300Z,2436,125,1793724432,0
3073,1182,triage,succeeded,qwen3:14b,ollama-adapter-v4-unit-score-normalization,taxonomy-v1-ollama-v13-unit-score-contract,feed_card,1,0,2026-08-31T06:59:54.718022Z,2026-08-31T06:59:56.587892Z,2416,129,1839406197,0
3074,1183,triage,succeeded,qwen3:14b,ollama-adapter-v4-unit-score-normalization,taxonomy-v1-ollama-v13-unit-score-contract,feed_card,1,0,2026-08-31T06:59:56.612688Z,2026-08-31T06:59:58.515773Z,2413,131,1874113394,0
3075,1184,triage,succeeded,qwen3:14b,ollama-adapter-v4-unit-score-normalization,taxonomy-v1-ollama-v13-unit-score-contract,feed_card,1,0,2026-08-31T07:32:50.007994Z,2026-08-31T07:33:15.533624Z,2446,104,25492542655,0
3076,1185,triage,succeeded,qwen3:14b,ollama-adapter-v4-unit-score-normalization,taxonomy-v1-ollama-v13-unit-score-contract,feed_card,1,0,2026-08-31T07:45:25.517881Z,2026-08-31T07:45:51.159139Z,2394,112,25606498103,0
3077,1186,triage,succeeded,qwen3:14b,ollama-adapter-v4-unit-score-normalization,taxonomy-v1-ollama-v13-unit-score-contract,feed_card,1,0,2026-08-31T07:45:51.178365Z,2026-08-31T07:45:53.141778Z,2548,131,1933632604,0
3078,1187,triage,succeeded,qwen3:14b,ollama-adapter-v4-unit-score-normalization,taxonomy-v1-ollama-v13-unit-score-contract,feed_card,1,0,2026-08-31T08:08:25.454454Z,2026-08-31T08:08:51.545945Z,2397,142,26055767608,0
3079,1188,triage,succeeded,qwen3:14b,ollama-adapter-v4-unit-score-normalization,taxonomy-v1-ollama-v13-unit-score-contract,feed_card,1,0,2026-08-31T08:08:51.566446Z,2026-08-31T08:08:53.314665Z,2385,120,1717772029,0
3080,1187,verification,succeeded,qwen3:8b,ollama-adapter-v4-unit-score-normalization,taxonomy-v1-ollama-v13-unit-score-contract,feed_card,1,0,2026-08-31T08:08:53.390151Z,2026-08-31T08:09:10.487323Z,2397,128,17065545470,0
3081,1187,opportunity_probe,succeeded,qwen3:14b,ollama-investigator-v2-structured-schema,opportunity-report-v1-ollama-v1,feed_card,1,0,2026-08-31T08:10:25.604665Z,2026-08-31T08:11:06.926444Z,2205,1016,41276177423,
3082,1189,triage,succeeded,qwen3:14b,ollama-adapter-v4-unit-score-normalization,taxonomy-v1-ollama-v13-unit-score-contract,feed_card,1,0,2026-08-31T08:31:02.457197Z,2026-08-31T08:31:30.725650Z,2421,116,28236567210,0
3083,1190,triage,succeeded,qwen3:14b,ollama-adapter-v4-unit-score-normalization,taxonomy-v1-ollama-v13-unit-score-contract,feed_card,1,0,2026-08-31T08:53:25.450395Z,2026-08-31T08:53:51.206940Z,2431,120,25707374452,0
3084,1191,triage,succeeded,qwen3:14b,ollama-adapter-v4-unit-score-normalization,taxonomy-v1-ollama-v13-unit-score-contract,feed_card,1,0,2026-08-31T09:15:25.457466Z,2026-08-31T09:15:51.616803Z,2544,125,26126464878,0
3085,1192,triage,succeeded,qwen3:14b,ollama-adapter-v4-unit-score-normalization,taxonomy-v1-ollama-v13-unit-score-contract,feed_card,1,0,2026-08-31T09:27:25.453230Z,2026-08-31T09:27:51.486539Z,2397,140,25997223718,0
3086,1193,triage,succeeded,qwen3:14b,ollama-adapter-v4-unit-score-normalization,taxonomy-v1-ollama-v13-unit-score-contract,feed_card,1,0,2026-08-31T09:27:51.505763Z,2026-08-31T09:27:53.310726Z,2432,124,1774786041,0
3087,1194,triage,succeeded,qwen3:14b,ollama-adapter-v4-unit-score-normalization,taxonomy-v1-ollama-v13-unit-score-contract,feed_card,1,0,2026-08-31T09:27:53.332795Z,2026-08-31T09:27:55.625124Z,2410,159,2258125619,0
3088,1192,verification,succeeded,qwen3:8b,ollama-adapter-v4-unit-score-normalization,taxonomy-v1-ollama-v13-unit-score-contract,feed_card,1,0,2026-08-31T09:27:55.659471Z,2026-08-31T09:28:13.053953Z,2397,139,17361805455,0
3089,1192,opportunity_probe,succeeded,qwen3:14b,ollama-investigator-v2-structured-schema,opportunity-report-v1-ollama-v1,feed_card,1,0,2026-08-31T09:28:09.623440Z,2026-08-31T09:28:30.498192Z,2184,931,17429692658,
3090,1195,triage,succeeded,qwen3:14b,ollama-adapter-v4-unit-score-normalization,taxonomy-v1-ollama-v13-unit-score-contract,feed_card,1,0,2026-08-31T09:38:25.445382Z,2026-08-31T09:38:54.156820Z,2420,126,28667979291,0
3091,1196,triage,succeeded,qwen3:14b,ollama-adapter-v4-unit-score-normalization,taxonomy-v1-ollama-v13-unit-score-contract,feed_card,1,0,2026-08-31T10:01:01.562695Z,2026-08-31T10:01:27.767159Z,2421,133,26173199117,0
3092,1197,triage,succeeded,qwen3:14b,ollama-adapter-v4-unit-score-normalization,taxonomy-v1-ollama-v13-unit-score-contract,feed_card,1,0,2026-08-31T10:11:58.923423Z,2026-08-31T10:12:25.361169Z,2429,168,26404288686,0
3093,1198,triage,succeeded,qwen3:14b,ollama-adapter-v4-unit-score-normalization,taxonomy-v1-ollama-v13-unit-score-contract,feed_card,1,0,2026-08-31T10:12:25.379860Z,2026-08-31T10:12:27.359016Z,2434,136,1947418871,0
3094,1197,verification,succeeded,qwen3:8b,ollama-adapter-v4-unit-score-normalization,taxonomy-v1-ollama-v13-unit-score-contract,feed_card,1,0,2026-08-31T10:12:27.392995Z,2026-08-31T10:12:44.837838Z,2429,130,17415165262,0
3095,1198,verification,succeeded,qwen3:8b,ollama-adapter-v4-unit-score-normalization,taxonomy-v1-ollama-v13-unit-score-contract,feed_card,1,0,2026-08-31T10:12:44.857433Z,2026-08-31T10:12:46.006957Z,2434,119,1116877913,0
3096,1197,opportunity_probe,succeeded,qwen3:14b,ollama-investigator-v2-structured-schema,opportunity-report-v1-ollama-v1,feed_card,1,0,2026-08-31T10:14:25.629540Z,2026-08-31T10:15:10.376779Z,2230,1260,44700985518,
3097,1198,opportunity_probe,succeeded,qwen3:14b,ollama-investigator-v2-structured-schema,opportunity-report-v1-ollama-v1,feed_card,1,0,2026-08-31T10:14:25.629540Z,2026-08-31T10:15:28.991604Z,2235,1279,18581599998,
3098,1199,triage,succeeded,qwen3:14b,ollama-adapter-v4-unit-score-normalization,taxonomy-v1-ollama-v13-unit-score-contract,feed_card,1,0,2026-08-31T10:24:25.455521Z,2026-08-31T10:24:31.200149Z,2373,130,5713100193,0
3099,1200,triage,succeeded,qwen3:14b,ollama-adapter-v4-unit-score-normalization,taxonomy-v1-ollama-v13-unit-score-contract,feed_card,1,0,2026-08-31T10:47:25.450186Z,2026-08-31T10:47:52.470925Z,2426,207,26989784067,0
3100,1201,triage,succeeded,qwen3:14b,ollama-adapter-v4-unit-score-normalization,taxonomy-v1-ollama-v13-unit-score-contract,feed_card,1,0,2026-08-31T10:58:25.455521Z,2026-08-31T10:58:51.379596Z,2431,132,25886227320,0
3101,1202,triage,succeeded,qwen3:14b,ollama-adapter-v4-unit-score-normalization,taxonomy-v1-ollama-v13-unit-score-contract,feed_card,1,0,2026-08-31T10:58:51.397566Z,2026-08-31T10:58:53.636729Z,2430,155,2207282018,0
3102,1201,verification,succeeded,qwen3:8b,ollama-adapter-v4-unit-score-normalization,taxonomy-v1-ollama-v13-unit-score-contract,feed_card,1,0,2026-08-31T10:58:53.672692Z,2026-08-31T10:59:11.049130Z,2431,127,17341744926,0
3103,1202,verification,succeeded,qwen3:8b,ollama-adapter-v4-unit-score-normalization,taxonomy-v1-ollama-v13-unit-score-contract,feed_card,1,0,2026-08-31T10:59:11.071065Z,2026-08-31T10:59:12.079383Z,2430,107,975543329,0
3104,1202,opportunity_probe,succeeded,qwen3:14b,ollama-investigator-v2-structured-schema,opportunity-report-v1-ollama-v1,feed_card,1,0,2026-08-31T11:02:01.737143Z,2026-08-31T11:02:44.105417Z,2161,1104,42322204222,
3105,1201,opportunity_probe,succeeded,qwen3:14b,ollama-investigator-v2-structured-schema,opportunity-report-v1-ollama-v1,feed_card,1,0,2026-08-31T11:02:01.737143Z,2026-08-31T11:03:02.601519Z,2224,1275,18464320419,
3106,1203,triage,succeeded,qwen3:14b,ollama-adapter-v4-unit-score-normalization,taxonomy-v1-ollama-v13-unit-score-contract,feed_card,1,0,2026-08-31T11:10:25.454788Z,2026-08-31T11:10:31.170440Z,2375,112,5684972143,0
3107,1204,triage,succeeded,qwen3:14b,ollama-adapter-v4-unit-score-normalization,taxonomy-v1-ollama-v13-unit-score-contract,feed_card,1,0,2026-08-31T11:44:25.460475Z,2026-08-31T11:44:51.185869Z,2375,118,25694832235,0
3108,1205,triage,succeeded,qwen3:14b,ollama-adapter-v4-unit-score-normalization,taxonomy-v1-ollama-v13-unit-score-contract,feed_card,1,0,2026-08-31T11:55:25.464866Z,2026-08-31T11:55:51.605003Z,2424,149,26106222489,0
3109,1206,triage,succeeded,qwen3:14b,ollama-adapter-v4-unit-score-normalization,taxonomy-v1-ollama-v13-unit-score-contract,feed_card,1,0,2026-08-31T11:55:51.644680Z,2026-08-31T11:55:53.296661Z,2363,113,1605258316,0
3110,1205,verification,succeeded,qwen3:8b,ollama-adapter-v4-unit-score-normalization,taxonomy-v1-ollama-v13-unit-score-contract,feed_card,1,0,2026-08-31T11:55:53.349914Z,2026-08-31T11:56:10.895917Z,2424,151,17515229839,0
3111,1205,opportunity_probe,succeeded,qwen3:14b,ollama-investigator-v2-structured-schema,opportunity-report-v1-ollama-v1,feed_card,1,0,2026-08-31T11:58:25.624156Z,2026-08-31T11:59:04.641229Z,2223,860,38971593738,
3112,1207,triage,succeeded,qwen3:14b,ollama-adapter-v4-unit-score-normalization,taxonomy-v1-ollama-v13-unit-score-contract,feed_card,1,0,2026-08-31T12:19:25.454320Z,2026-08-31T12:19:53.829335Z,2369,110,28342794562,0
3113,1208,triage,succeeded,qwen3:14b,ollama-adapter-v4-unit-score-normalization,taxonomy-v1-ollama-v13-unit-score-contract,feed_card,1,0,2026-08-31T12:31:25.461399Z,2026-08-31T12:31:51.864322Z,2426,164,26366615643,0
3114,1208,verification,succeeded,qwen3:8b,ollama-adapter-v4-unit-score-normalization,taxonomy-v1-ollama-v13-unit-score-contract,feed_card,1,0,2026-08-31T12:31:51.905033Z,2026-08-31T12:32:09.355538Z,2426,176,17405564577,0
3115,1208,opportunity_probe,succeeded,qwen3:14b,ollama-investigator-v2-structured-schema,opportunity-report-v1-ollama-v1,feed_card,1,0,2026-08-31T12:42:25.606149Z,2026-08-31T12:43:03.179379Z,2222,863,37536386060,
3116,1209,triage,succeeded,qwen3:14b,ollama-adapter-v4-unit-score-normalization,taxonomy-v1-ollama-v13-unit-score-contract,feed_card,1,0,2026-08-31T12:53:25.480628Z,2026-08-31T12:53:54.207173Z,2433,135,28678436709,0
